#ifndef GAME_DXIL_SHADERS_H
#define GAME_DXIL_SHADERS_H

static const unsigned char game_scene_vertex_dxil[] = {
    0x44, 0x58, 0x42, 0x43, 0x02, 0x46, 0x71, 0x45, 0xd1, 0x8c, 0xd2, 0x2a, 0xf6, 0x24, 0xc4, 0x35,
    0xb0, 0xea, 0xc3, 0x74, 0x01, 0x00, 0x00, 0x00, 0x08, 0x10, 0x00, 0x00, 0x07, 0x00, 0x00, 0x00,
    0x3c, 0x00, 0x00, 0x00, 0x4c, 0x00, 0x00, 0x00, 0xa8, 0x00, 0x00, 0x00, 0x30, 0x01, 0x00, 0x00,
    0x38, 0x02, 0x00, 0x00, 0x94, 0x08, 0x00, 0x00, 0xb0, 0x08, 0x00, 0x00, 0x53, 0x46, 0x49, 0x30,
    0x08, 0x00, 0x00, 0x00, 0x00, 0x00, 0x00, 0x00, 0x00, 0x00, 0x00, 0x00, 0x49, 0x53, 0x47, 0x31,
    0x54, 0x00, 0x00, 0x00, 0x02, 0x00, 0x00, 0x00, 0x08, 0x00, 0x00, 0x00, 0x00, 0x00, 0x00, 0x00,
    0x48, 0x00, 0x00, 0x00, 0x00, 0x00, 0x00, 0x00, 0x00, 0x00, 0x00, 0x00, 0x03, 0x00, 0x00, 0x00,
    0x00, 0x00, 0x00, 0x00, 0x07, 0x07, 0x00, 0x00, 0x00, 0x00, 0x00, 0x00, 0x00, 0x00, 0x00, 0x00,
    0x48, 0x00, 0x00, 0x00, 0x01, 0x00, 0x00, 0x00, 0x00, 0x00, 0x00, 0x00, 0x03, 0x00, 0x00, 0x00,
    0x01, 0x00, 0x00, 0x00, 0x03, 0x03, 0x00, 0x00, 0x00, 0x00, 0x00, 0x00, 0x54, 0x45, 0x58, 0x43,
    0x4f, 0x4f, 0x52, 0x44, 0x00, 0x00, 0x00, 0x00, 0x4f, 0x53, 0x47, 0x31, 0x80, 0x00, 0x00, 0x00,
    0x03, 0x00, 0x00, 0x00, 0x08, 0x00, 0x00, 0x00, 0x00, 0x00, 0x00, 0x00, 0x68, 0x00, 0x00, 0x00,
    0x00, 0x00, 0x00, 0x00, 0x01, 0x00, 0x00, 0x00, 0x03, 0x00, 0x00, 0x00, 0x00, 0x00, 0x00, 0x00,
    0x0f, 0x00, 0x00, 0x00, 0x00, 0x00, 0x00, 0x00, 0x00, 0x00, 0x00, 0x00, 0x74, 0x00, 0x00, 0x00,
    0x00, 0x00, 0x00, 0x00, 0x00, 0x00, 0x00, 0x00, 0x03, 0x00, 0x00, 0x00, 0x01, 0x00, 0x00, 0x00,
    0x03, 0x0c, 0x00, 0x00, 0x00, 0x00, 0x00, 0x00, 0x00, 0x00, 0x00, 0x00, 0x74, 0x00, 0x00, 0x00,
    0x01, 0x00, 0x00, 0x00, 0x00, 0x00, 0x00, 0x00, 0x03, 0x00, 0x00, 0x00, 0x01, 0x00, 0x00, 0x00,
    0x04, 0x0b, 0x00, 0x00, 0x00, 0x00, 0x00, 0x00, 0x53, 0x56, 0x5f, 0x50, 0x6f, 0x73, 0x69, 0x74,
    0x69, 0x6f, 0x6e, 0x00, 0x54, 0x45, 0x58, 0x43, 0x4f, 0x4f, 0x52, 0x44, 0x00, 0x00, 0x00, 0x00,
    0x50, 0x53, 0x56, 0x30, 0x00, 0x01, 0x00, 0x00, 0x30, 0x00, 0x00, 0x00, 0x01, 0x00, 0x00, 0x00,
    0x00, 0x00, 0x00, 0x00, 0x00, 0x00, 0x00, 0x00, 0x00, 0x00, 0x00, 0x00, 0x00, 0x00, 0x00, 0x00,
    0xff, 0xff, 0xff, 0xff, 0x01, 0x00, 0x00, 0x00, 0x02, 0x03, 0x00, 0x02, 0x02, 0x00, 0x00, 0x00,
    0x00, 0x00, 0x00, 0x00, 0x00, 0x00, 0x00, 0x00, 0x00, 0x00, 0x00, 0x00, 0x01, 0x00, 0x00, 0x00,
    0x18, 0x00, 0x00, 0x00, 0x02, 0x00, 0x00, 0x00, 0x01, 0x00, 0x00, 0x00, 0x00, 0x00, 0x00, 0x00,
    0x00, 0x00, 0x00, 0x00, 0x0d, 0x00, 0x00, 0x00, 0x00, 0x00, 0x00, 0x00, 0x28, 0x00, 0x00, 0x00,
    0x00, 0x54, 0x45, 0x58, 0x43, 0x4f, 0x4f, 0x52, 0x44, 0x00, 0x54, 0x45, 0x58, 0x43, 0x4f, 0x4f,
    0x52, 0x44, 0x00, 0x54, 0x45, 0x58, 0x43, 0x4f, 0x4f, 0x52, 0x44, 0x00, 0x54, 0x45, 0x58, 0x43,
    0x4f, 0x4f, 0x52, 0x44, 0x00, 0x00, 0x00, 0x00, 0x02, 0x00, 0x00, 0x00, 0x00, 0x00, 0x00, 0x00,
    0x01, 0x00, 0x00, 0x00, 0x10, 0x00, 0x00, 0x00, 0x01, 0x00, 0x00, 0x00, 0x00, 0x00, 0x00, 0x00,
    0x01, 0x00, 0x43, 0x00, 0x03, 0x00, 0x00, 0x00, 0x0a, 0x00, 0x00, 0x00, 0x01, 0x00, 0x00, 0x00,
    0x01, 0x01, 0x42, 0x00, 0x03, 0x00, 0x00, 0x00, 0x00, 0x00, 0x00, 0x00, 0x00, 0x00, 0x00, 0x00,
    0x01, 0x00, 0x44, 0x03, 0x03, 0x04, 0x00, 0x00, 0x13, 0x00, 0x00, 0x00, 0x00, 0x00, 0x00, 0x00,
    0x01, 0x01, 0x42, 0x00, 0x03, 0x02, 0x00, 0x00, 0x1c, 0x00, 0x00, 0x00, 0x01, 0x00, 0x00, 0x00,
    0x01, 0x01, 0x61, 0x00, 0x03, 0x02, 0x00, 0x00, 0x4f, 0x00, 0x00, 0x00, 0x4f, 0x00, 0x00, 0x00,
    0x4f, 0x00, 0x00, 0x00, 0x00, 0x00, 0x00, 0x00, 0x10, 0x00, 0x00, 0x00, 0x20, 0x00, 0x00, 0x00,
    0x00, 0x00, 0x00, 0x00, 0x00, 0x00, 0x00, 0x00, 0x53, 0x54, 0x41, 0x54, 0x54, 0x06, 0x00, 0x00,
    0x60, 0x00, 0x01, 0x00, 0x95, 0x01, 0x00, 0x00, 0x44, 0x58, 0x49, 0x4c, 0x00, 0x01, 0x00, 0x00,
    0x10, 0x00, 0x00, 0x00, 0x3c, 0x06, 0x00, 0x00, 0x42, 0x43, 0xc0, 0xde, 0x21, 0x0c, 0x00, 0x00,
    0x8c, 0x01, 0x00, 0x00, 0x0b, 0x82, 0x20, 0x00, 0x02, 0x00, 0x00, 0x00, 0x13, 0x00, 0x00, 0x00,
    0x07, 0x81, 0x23, 0x91, 0x41, 0xc8, 0x04, 0x49, 0x06, 0x10, 0x32, 0x39, 0x92, 0x01, 0x84, 0x0c,
    0x25, 0x05, 0x08, 0x19, 0x1e, 0x04, 0x8b, 0x62, 0x80, 0x14, 0x45, 0x02, 0x42, 0x92, 0x0b, 0x42,
    0xa4, 0x10, 0x32, 0x14, 0x38, 0x08, 0x18, 0x4b, 0x0a, 0x32, 0x52, 0x88, 0x48, 0x90, 0x14, 0x20,
    0x43, 0x46, 0x88, 0xa5, 0x00, 0x19, 0x32, 0x42, 0xe4, 0x48, 0x0e, 0x90, 0x91, 0x22, 0xc4, 0x50,
    0x41, 0x51, 0x81, 0x8c, 0xe1, 0x83, 0xe5, 0x8a, 0x04, 0x29, 0x46, 0x06, 0x51, 0x18, 0x00, 0x00,
    0x08, 0x00, 0x00, 0x00, 0x1b, 0x8c, 0xe0, 0xff, 0xff, 0xff, 0xff, 0x07, 0x40, 0x02, 0xa8, 0x0d,
    0x84, 0xf0, 0xff, 0xff, 0xff, 0xff, 0x03, 0x20, 0x6d, 0x30, 0x86, 0xff, 0xff, 0xff, 0xff, 0x1f,
    0x00, 0x09, 0xa8, 0x00, 0x49, 0x18, 0x00, 0x00, 0x03, 0x00, 0x00, 0x00, 0x13, 0x82, 0x60, 0x42,
    0x20, 0x4c, 0x08, 0x06, 0x00, 0x00, 0x00, 0x00, 0x89, 0x20, 0x00, 0x00, 0x26, 0x00, 0x00, 0x00,
    0x32, 0x22, 0x48, 0x09, 0x20, 0x64, 0x85, 0x04, 0x93, 0x22, 0xa4, 0x84, 0x04, 0x93, 0x22, 0xe3,
    0x84, 0xa1, 0x90, 0x14, 0x12, 0x4c, 0x8a, 0x8c, 0x0b, 0x84, 0xa4, 0x4c, 0x10, 0x68, 0x23, 0x00,
    0x25, 0x00, 0x14, 0x66, 0x00, 0xe6, 0x08, 0xc0, 0x60, 0x8e, 0x00, 0x29, 0xc6, 0x20, 0x84, 0x14,
    0x42, 0xa6, 0x18, 0x80, 0x10, 0x52, 0x06, 0xa1, 0xa3, 0x86, 0xcb, 0x9f, 0xb0, 0x87, 0x90, 0x7c,
    0x6e, 0xa3, 0x8a, 0x95, 0x98, 0xfc, 0xe2, 0xb6, 0x11, 0x31, 0xc6, 0x18, 0x54, 0xee, 0x19, 0x2e,
    0x7f, 0xc2, 0x1e, 0x42, 0xf2, 0x43, 0xa0, 0x19, 0x16, 0x02, 0x05, 0xab, 0x10, 0x8a, 0x30, 0x42,
    0xad, 0x14, 0x83, 0x8c, 0x31, 0xe8, 0xcd, 0x11, 0x04, 0xc5, 0x60, 0xa4, 0x10, 0x12, 0x49, 0x0e,
    0x04, 0x0c, 0x23, 0x10, 0x43, 0x12, 0xd4, 0xf3, 0x0e, 0x47, 0x9a, 0x16, 0x00, 0x73, 0xa8, 0xc9,
    0x67, 0x05, 0xa2, 0x21, 0x5e, 0x22, 0x9a, 0x88, 0xcb, 0x6d, 0x90, 0xc2, 0x89, 0x18, 0x09, 0x05,
    0x96, 0x6e, 0x22, 0x10, 0x00, 0x00, 0x00, 0x00, 0x13, 0x14, 0x72, 0xc0, 0x87, 0x74, 0x60, 0x87,
    0x36, 0x68, 0x87, 0x79, 0x68, 0x03, 0x72, 0xc0, 0x87, 0x0d, 0xaf, 0x50, 0x0e, 0x6d, 0xd0, 0x0e,
    0x7a, 0x50, 0x0e, 0x6d, 0x00, 0x0f, 0x7a, 0x30, 0x07, 0x72, 0xa0, 0x07, 0x73, 0x20, 0x07, 0x6d,
    0x90, 0x0e, 0x71, 0xa0, 0x07, 0x73, 0x20, 0x07, 0x6d, 0x90, 0x0e, 0x78, 0xa0, 0x07, 0x73, 0x20,
    0x07, 0x6d, 0x90, 0x0e, 0x71, 0x60, 0x07, 0x7a, 0x30, 0x07, 0x72, 0xd0, 0x06, 0xe9, 0x30, 0x07,
    0x72, 0xa0, 0x07, 0x73, 0x20, 0x07, 0x6d, 0x90, 0x0e, 0x76, 0x40, 0x07, 0x7a, 0x60, 0x07, 0x74,
    0xd0, 0x06, 0xe6, 0x10, 0x07, 0x76, 0xa0, 0x07, 0x73, 0x20, 0x07, 0x6d, 0x60, 0x0e, 0x73, 0x20,
    0x07, 0x7a, 0x30, 0x07, 0x72, 0xd0, 0x06, 0xe6, 0x60, 0x07, 0x74, 0xa0, 0x07, 0x76, 0x40, 0x07,
    0x6d, 0xe0, 0x0e, 0x78, 0xa0, 0x07, 0x71, 0x60, 0x07, 0x7a, 0x30, 0x07, 0x72, 0xa0, 0x07, 0x76,
    0x40, 0x07, 0x43, 0x9e, 0x00, 0x08, 0x00, 0x00, 0x00, 0x00, 0x00, 0x00, 0x00, 0x00, 0x00, 0x86,
    0x3c, 0x06, 0x10, 0x00, 0x01, 0x00, 0x00, 0x00, 0x00, 0x00, 0x00, 0x00, 0x0c, 0x79, 0x10, 0x20,
    0x00, 0x04, 0x00, 0x00, 0x00, 0x00, 0x00, 0x00, 0x00, 0x18, 0xf2, 0x34, 0x40, 0x00, 0x0c, 0x00,
    0x00, 0x00, 0x00, 0x00, 0x00, 0x00, 0x30, 0xe4, 0x79, 0x80, 0x00, 0x08, 0x00, 0x00, 0x00, 0x00,
    0x00, 0x00, 0x00, 0x60, 0xc8, 0x23, 0x01, 0x01, 0x30, 0x00, 0x00, 0x00, 0x00, 0x00, 0x00, 0x00,
    0x40, 0x16, 0x08, 0x00, 0x11, 0x00, 0x00, 0x00, 0x32, 0x1e, 0x98, 0x14, 0x19, 0x11, 0x4c, 0x90,
    0x8c, 0x09, 0x26, 0x47, 0xc6, 0x04, 0x43, 0x22, 0x25, 0x30, 0x02, 0x50, 0x0c, 0x05, 0x18, 0x50,
    0x04, 0x85, 0x50, 0x06, 0xe5, 0x50, 0x12, 0xe5, 0x51, 0x10, 0x45, 0x56, 0x0a, 0x54, 0x4a, 0x62,
    0x04, 0xa0, 0x0c, 0x8a, 0xa0, 0x10, 0x4a, 0x80, 0xee, 0x0c, 0x00, 0xe1, 0x19, 0x00, 0xca, 0x63,
    0x21, 0xc6, 0xf1, 0x0a, 0xaf, 0xf0, 0x0a, 0x00, 0x04, 0x06, 0x00, 0x00, 0x79, 0x18, 0x00, 0x00,
    0x8b, 0x00, 0x00, 0x00, 0x1a, 0x03, 0x4c, 0x90, 0x46, 0x02, 0x13, 0x44, 0x8f, 0x0c, 0x6f, 0xec,
    0xed, 0x4d, 0x0c, 0x24, 0xc6, 0xe5, 0xc6, 0x45, 0x66, 0x06, 0x06, 0xc7, 0x25, 0xc6, 0x06, 0x04,
    0xa5, 0x46, 0x86, 0x2c, 0x2c, 0xe6, 0xa6, 0x4c, 0x26, 0x27, 0x65, 0x43, 0x10, 0x4c, 0x10, 0x08,
    0x63, 0x82, 0x40, 0x1c, 0x1b, 0x84, 0x81, 0xd8, 0x20, 0x10, 0x04, 0x05, 0xbb, 0xb9, 0x09, 0x02,
    0x81, 0x6c, 0x18, 0x0e, 0x84, 0x98, 0x20, 0x60, 0x1a, 0xa7, 0xa9, 0xb1, 0x32, 0xb7, 0x32, 0xab,
    0x32, 0x39, 0xba, 0x32, 0xbc, 0x2a, 0xb7, 0x34, 0xb3, 0x37, 0xb9, 0xb6, 0xb9, 0x09, 0x02, 0x91,
    0x6c, 0x40, 0x08, 0x65, 0x19, 0x88, 0x81, 0x01, 0x36, 0x04, 0xcd, 0x06, 0x02, 0x00, 0x1c, 0x60,
    0x82, 0x70, 0x65, 0x4c, 0xda, 0xec, 0xe0, 0x9a, 0xc2, 0xe8, 0xe4, 0xd2, 0xf0, 0x26, 0x08, 0x84,
    0x32, 0x41, 0x20, 0x96, 0x0d, 0xc3, 0x34, 0x49, 0x13, 0x04, 0x82, 0x99, 0x20, 0x10, 0xcd, 0x04,
    0x81, 0x70, 0x36, 0x20, 0x48, 0x24, 0x51, 0x15, 0x61, 0x5d, 0x1b, 0x04, 0x06, 0xdb, 0x30, 0x10,
    0x50, 0x36, 0x41, 0x10, 0x80, 0x0d, 0xc0, 0x86, 0x81, 0xe0, 0xb8, 0x0d, 0x41, 0xb7, 0x61, 0x18,
    0x36, 0x6f, 0x82, 0x90, 0x6d, 0x1b, 0x02, 0x30, 0x20, 0xd1, 0x16, 0x96, 0xe6, 0x46, 0x84, 0xaa,
    0x08, 0x6b, 0xe8, 0xe9, 0x49, 0x8a, 0x68, 0x82, 0x50, 0x4c, 0x13, 0x84, 0x82, 0xda, 0x10, 0x10,
    0x13, 0x84, 0xa2, 0xda, 0x20, 0x54, 0xd6, 0x86, 0x85, 0x18, 0x03, 0x32, 0x28, 0x03, 0x33, 0x28,
    0x83, 0xe1, 0x0c, 0x88, 0x32, 0x40, 0x83, 0x0d, 0xc1, 0x30, 0x41, 0x28, 0xac, 0x0d, 0x42, 0x55,
    0x6d, 0x58, 0x86, 0x31, 0x20, 0x83, 0x32, 0x50, 0x83, 0x32, 0x18, 0xd6, 0x60, 0x28, 0x03, 0x36,
    0xd8, 0x20, 0xa4, 0x41, 0x1b, 0x70, 0x99, 0xb2, 0xfa, 0x82, 0x7a, 0x9b, 0x4b, 0xa3, 0x4b, 0x7b,
    0x73, 0x9b, 0x20, 0x14, 0xd7, 0x04, 0x81, 0x78, 0x36, 0x08, 0x55, 0x1c, 0x6c, 0x58, 0x88, 0x37,
    0x20, 0x83, 0x33, 0x30, 0x03, 0x38, 0x18, 0xe0, 0x80, 0x28, 0x03, 0x39, 0xd8, 0xb0, 0x0c, 0x63,
    0x40, 0x06, 0x65, 0x60, 0x06, 0x6b, 0x30, 0xac, 0xc1, 0x50, 0x06, 0x6c, 0x30, 0x41, 0x28, 0xb0,
    0x0d, 0x42, 0x35, 0x6c, 0x58, 0xa4, 0x31, 0x20, 0x83, 0x32, 0x50, 0x83, 0x35, 0x18, 0xea, 0x60,
    0x58, 0x03, 0x3b, 0xd8, 0x30, 0xcc, 0x01, 0x1d, 0xdc, 0xc1, 0x86, 0xc1, 0x0d, 0xf0, 0x00, 0xd8,
    0x50, 0x6c, 0x62, 0x90, 0x07, 0x0f, 0x40, 0xc3, 0x8c, 0xed, 0x2d, 0x8c, 0x6e, 0x6e, 0x82, 0x40,
    0x40, 0x2c, 0xd2, 0xdc, 0xe6, 0xe8, 0xe6, 0x26, 0x08, 0x44, 0x44, 0x63, 0x2e, 0xed, 0xec, 0x8b,
    0x8d, 0x6c, 0x82, 0x40, 0x48, 0x34, 0xe6, 0xd2, 0xce, 0xbe, 0xe6, 0xe8, 0x36, 0x20, 0x7b, 0xc0,
    0x07, 0x7d, 0xe0, 0x07, 0x7f, 0x00, 0x0a, 0xa1, 0x60, 0x55, 0x61, 0x63, 0xb3, 0x6b, 0x73, 0x49,
    0x23, 0x2b, 0x73, 0xa3, 0x9b, 0x12, 0x04, 0x55, 0xc8, 0xf0, 0x5c, 0xec, 0xca, 0xe4, 0xe6, 0xd2,
    0xde, 0xdc, 0xa6, 0x04, 0x44, 0x13, 0x32, 0x3c, 0x17, 0xbb, 0x30, 0x36, 0xbb, 0x32, 0xb9, 0x29,
    0x41, 0x51, 0x87, 0x0c, 0xcf, 0x65, 0x0e, 0x2d, 0x8c, 0xac, 0x4c, 0xae, 0xe9, 0x8d, 0xac, 0x8c,
    0x6d, 0x4a, 0x80, 0x94, 0x21, 0xc3, 0x73, 0x91, 0x2b, 0x9b, 0x7b, 0xab, 0x93, 0x1b, 0x2b, 0x9b,
    0x9b, 0x12, 0x38, 0x95, 0xc8, 0xf0, 0x5c, 0xe8, 0xf2, 0xe0, 0xca, 0x82, 0xdc, 0xdc, 0xde, 0xe8,
    0xc2, 0xe8, 0xd2, 0xde, 0xdc, 0xe6, 0xa6, 0x08, 0x99, 0x57, 0x87, 0x0c, 0xcf, 0xc5, 0x2e, 0xad,
    0xec, 0x2e, 0x89, 0x6c, 0x8a, 0x2e, 0x8c, 0xae, 0x6c, 0x4a, 0x00, 0x06, 0x75, 0xc8, 0xf0, 0x5c,
    0xca, 0xdc, 0xe8, 0xe4, 0xf2, 0xa0, 0xde, 0xd2, 0xdc, 0xe8, 0xe6, 0xa6, 0x04, 0x79, 0xd0, 0x85,
    0x0c, 0xcf, 0x65, 0xec, 0xad, 0xce, 0x8d, 0xae, 0x4c, 0x6e, 0x6e, 0x4a, 0x10, 0x0a, 0x00, 0x00,
    0x79, 0x18, 0x00, 0x00, 0x4c, 0x00, 0x00, 0x00, 0x33, 0x08, 0x80, 0x1c, 0xc4, 0xe1, 0x1c, 0x66,
    0x14, 0x01, 0x3d, 0x88, 0x43, 0x38, 0x84, 0xc3, 0x8c, 0x42, 0x80, 0x07, 0x79, 0x78, 0x07, 0x73,
    0x98, 0x71, 0x0c, 0xe6, 0x00, 0x0f, 0xed, 0x10, 0x0e, 0xf4, 0x80, 0x0e, 0x33, 0x0c, 0x42, 0x1e,
    0xc2, 0xc1, 0x1d, 0xce, 0xa1, 0x1c, 0x66, 0x30, 0x05, 0x3d, 0x88, 0x43, 0x38, 0x84, 0x83, 0x1b,
    0xcc, 0x03, 0x3d, 0xc8, 0x43, 0x3d, 0x8c, 0x03, 0x3d, 0xcc, 0x78, 0x8c, 0x74, 0x70, 0x07, 0x7b,
    0x08, 0x07, 0x79, 0x48, 0x87, 0x70, 0x70, 0x07, 0x7a, 0x70, 0x03, 0x76, 0x78, 0x87, 0x70, 0x20,
    0x87, 0x19, 0xcc, 0x11, 0x0e, 0xec, 0x90, 0x0e, 0xe1, 0x30, 0x0f, 0x6e, 0x30, 0x0f, 0xe3, 0xf0,
    0x0e, 0xf0, 0x50, 0x0e, 0x33, 0x10, 0xc4, 0x1d, 0xde, 0x21, 0x1c, 0xd8, 0x21, 0x1d, 0xc2, 0x61,
    0x1e, 0x66, 0x30, 0x89, 0x3b, 0xbc, 0x83, 0x3b, 0xd0, 0x43, 0x39, 0xb4, 0x03, 0x3c, 0xbc, 0x83,
    0x3c, 0x84, 0x03, 0x3b, 0xcc, 0xf0, 0x14, 0x76, 0x60, 0x07, 0x7b, 0x68, 0x07, 0x37, 0x68, 0x87,
    0x72, 0x68, 0x07, 0x37, 0x80, 0x87, 0x70, 0x90, 0x87, 0x70, 0x60, 0x07, 0x76, 0x28, 0x07, 0x76,
    0xf8, 0x05, 0x76, 0x78, 0x87, 0x77, 0x80, 0x87, 0x5f, 0x08, 0x87, 0x71, 0x18, 0x87, 0x72, 0x98,
    0x87, 0x79, 0x98, 0x81, 0x2c, 0xee, 0xf0, 0x0e, 0xee, 0xe0, 0x0e, 0xf5, 0xc0, 0x0e, 0xec, 0x30,
    0x03, 0x62, 0xc8, 0xa1, 0x1c, 0xe4, 0xa1, 0x1c, 0xcc, 0xa1, 0x1c, 0xe4, 0xa1, 0x1c, 0xdc, 0x61,
    0x1c, 0xca, 0x21, 0x1c, 0xc4, 0x81, 0x1d, 0xca, 0x61, 0x06, 0xd6, 0x90, 0x43, 0x39, 0xc8, 0x43,
    0x39, 0x98, 0x43, 0x39, 0xc8, 0x43, 0x39, 0xb8, 0xc3, 0x38, 0x94, 0x43, 0x38, 0x88, 0x03, 0x3b,
    0x94, 0xc3, 0x2f, 0xbc, 0x83, 0x3c, 0xfc, 0x82, 0x3b, 0xd4, 0x03, 0x3b, 0xb0, 0xc3, 0x8c, 0xc8,
    0x21, 0x07, 0x7c, 0x70, 0x03, 0x72, 0x10, 0x87, 0x73, 0x70, 0x03, 0x7b, 0x08, 0x07, 0x79, 0x60,
    0x87, 0x70, 0xc8, 0x87, 0x77, 0xa8, 0x07, 0x7a, 0x98, 0x81, 0x3c, 0xe4, 0x80, 0x0f, 0x6e, 0x40,
    0x0f, 0xe5, 0xd0, 0x0e, 0xf0, 0x00, 0x00, 0x00, 0x71, 0x20, 0x00, 0x00, 0x18, 0x00, 0x00, 0x00,
    0x36, 0xb0, 0x0d, 0x97, 0xef, 0x3c, 0xbe, 0x10, 0x50, 0x45, 0x41, 0x44, 0xa5, 0x03, 0x0c, 0x25,
    0x61, 0x00, 0x02, 0xe6, 0x17, 0xb7, 0x6d, 0x05, 0xd2, 0x70, 0xf9, 0xce, 0xe3, 0x0b, 0x11, 0x01,
    0x4c, 0x44, 0x08, 0x34, 0xc3, 0x42, 0x58, 0xc0, 0x34, 0x5c, 0xbe, 0xf3, 0xf8, 0x8b, 0x03, 0x0c,
    0x62, 0xf3, 0x50, 0x93, 0x5f, 0xdc, 0xb6, 0x09, 0x54, 0xc3, 0xe5, 0x3b, 0x8f, 0x2f, 0x4d, 0x4e,
    0x44, 0xa0, 0xd4, 0xf4, 0x50, 0x93, 0x5f, 0xdc, 0xb6, 0x11, 0x48, 0xc3, 0xe5, 0x3b, 0x8f, 0x3f,
    0x11, 0xd1, 0x84, 0x00, 0x11, 0xe6, 0x17, 0xb7, 0x6d, 0x00, 0x04, 0x03, 0x20, 0x0d, 0x00, 0x00,
    0x00, 0x00, 0x00, 0x00, 0x48, 0x41, 0x53, 0x48, 0x14, 0x00, 0x00, 0x00, 0x00, 0x00, 0x00, 0x00,
    0xe7, 0xbd, 0xe9, 0x07, 0xcc, 0xeb, 0xd5, 0xc1, 0x2f, 0x86, 0xd8, 0x1d, 0x8c, 0x72, 0x89, 0xb2,
    0x44, 0x58, 0x49, 0x4c, 0x50, 0x07, 0x00, 0x00, 0x60, 0x00, 0x01, 0x00, 0xd4, 0x01, 0x00, 0x00,
    0x44, 0x58, 0x49, 0x4c, 0x00, 0x01, 0x00, 0x00, 0x10, 0x00, 0x00, 0x00, 0x38, 0x07, 0x00, 0x00,
    0x42, 0x43, 0xc0, 0xde, 0x21, 0x0c, 0x00, 0x00, 0xcb, 0x01, 0x00, 0x00, 0x0b, 0x82, 0x20, 0x00,
    0x02, 0x00, 0x00, 0x00, 0x13, 0x00, 0x00, 0x00, 0x07, 0x81, 0x23, 0x91, 0x41, 0xc8, 0x04, 0x49,
    0x06, 0x10, 0x32, 0x39, 0x92, 0x01, 0x84, 0x0c, 0x25, 0x05, 0x08, 0x19, 0x1e, 0x04, 0x8b, 0x62,
    0x80, 0x14, 0x45, 0x02, 0x42, 0x92, 0x0b, 0x42, 0xa4, 0x10, 0x32, 0x14, 0x38, 0x08, 0x18, 0x4b,
    0x0a, 0x32, 0x52, 0x88, 0x48, 0x90, 0x14, 0x20, 0x43, 0x46, 0x88, 0xa5, 0x00, 0x19, 0x32, 0x42,
    0xe4, 0x48, 0x0e, 0x90, 0x91, 0x22, 0xc4, 0x50, 0x41, 0x51, 0x81, 0x8c, 0xe1, 0x83, 0xe5, 0x8a,
    0x04, 0x29, 0x46, 0x06, 0x51, 0x18, 0x00, 0x00, 0x08, 0x00, 0x00, 0x00, 0x1b, 0x8c, 0xe0, 0xff,
    0xff, 0xff, 0xff, 0x07, 0x40, 0x02, 0xa8, 0x0d, 0x84, 0xf0, 0xff, 0xff, 0xff, 0xff, 0x03, 0x20,
    0x6d, 0x30, 0x86, 0xff, 0xff, 0xff, 0xff, 0x1f, 0x00, 0x09, 0xa8, 0x00, 0x49, 0x18, 0x00, 0x00,
    0x03, 0x00, 0x00, 0x00, 0x13, 0x82, 0x60, 0x42, 0x20, 0x4c, 0x08, 0x06, 0x00, 0x00, 0x00, 0x00,
    0x89, 0x20, 0x00, 0x00, 0x26, 0x00, 0x00, 0x00, 0x32, 0x22, 0x48, 0x09, 0x20, 0x64, 0x85, 0x04,
    0x93, 0x22, 0xa4, 0x84, 0x04, 0x93, 0x22, 0xe3, 0x84, 0xa1, 0x90, 0x14, 0x12, 0x4c, 0x8a, 0x8c,
    0x0b, 0x84, 0xa4, 0x4c, 0x10, 0x68, 0x23, 0x00, 0x25, 0x00, 0x14, 0x66, 0x00, 0xe6, 0x08, 0xc0,
    0x60, 0x8e, 0x00, 0x29, 0xc6, 0x20, 0x84, 0x14, 0x42, 0xa6, 0x18, 0x80, 0x10, 0x52, 0x06, 0xa1,
    0xa3, 0x86, 0xcb, 0x9f, 0xb0, 0x87, 0x90, 0x7c, 0x6e, 0xa3, 0x8a, 0x95, 0x98, 0xfc, 0xe2, 0xb6,
    0x11, 0x31, 0xc6, 0x18, 0x54, 0xee, 0x19, 0x2e, 0x7f, 0xc2, 0x1e, 0x42, 0xf2, 0x43, 0xa0, 0x19,
    0x16, 0x02, 0x05, 0xab, 0x10, 0x8a, 0x30, 0x42, 0xad, 0x14, 0x83, 0x8c, 0x31, 0xe8, 0xcd, 0x11,
    0x04, 0xc5, 0x60, 0xa4, 0x10, 0x12, 0x49, 0x0e, 0x04, 0x0c, 0x23, 0x10, 0x43, 0x12, 0xd4, 0xf3,
    0x0e, 0x47, 0x9a, 0x16, 0x00, 0x73, 0xa8, 0xc9, 0x67, 0x05, 0xa2, 0x21, 0x5e, 0x22, 0x9a, 0x88,
    0xcb, 0x6d, 0x90, 0xc2, 0x89, 0x18, 0x09, 0x05, 0x96, 0x6e, 0x22, 0x10, 0x00, 0x00, 0x00, 0x00,
    0x13, 0x14, 0x72, 0xc0, 0x87, 0x74, 0x60, 0x87, 0x36, 0x68, 0x87, 0x79, 0x68, 0x03, 0x72, 0xc0,
    0x87, 0x0d, 0xaf, 0x50, 0x0e, 0x6d, 0xd0, 0x0e, 0x7a, 0x50, 0x0e, 0x6d, 0x00, 0x0f, 0x7a, 0x30,
    0x07, 0x72, 0xa0, 0x07, 0x73, 0x20, 0x07, 0x6d, 0x90, 0x0e, 0x71, 0xa0, 0x07, 0x73, 0x20, 0x07,
    0x6d, 0x90, 0x0e, 0x78, 0xa0, 0x07, 0x73, 0x20, 0x07, 0x6d, 0x90, 0x0e, 0x71, 0x60, 0x07, 0x7a,
    0x30, 0x07, 0x72, 0xd0, 0x06, 0xe9, 0x30, 0x07, 0x72, 0xa0, 0x07, 0x73, 0x20, 0x07, 0x6d, 0x90,
    0x0e, 0x76, 0x40, 0x07, 0x7a, 0x60, 0x07, 0x74, 0xd0, 0x06, 0xe6, 0x10, 0x07, 0x76, 0xa0, 0x07,
    0x73, 0x20, 0x07, 0x6d, 0x60, 0x0e, 0x73, 0x20, 0x07, 0x7a, 0x30, 0x07, 0x72, 0xd0, 0x06, 0xe6,
    0x60, 0x07, 0x74, 0xa0, 0x07, 0x76, 0x40, 0x07, 0x6d, 0xe0, 0x0e, 0x78, 0xa0, 0x07, 0x71, 0x60,
    0x07, 0x7a, 0x30, 0x07, 0x72, 0xa0, 0x07, 0x76, 0x40, 0x07, 0x43, 0x9e, 0x00, 0x00, 0x00, 0x00,
    0x00, 0x00, 0x00, 0x00, 0x00, 0x00, 0x00, 0x86, 0x3c, 0x06, 0x10, 0x00, 0x01, 0x00, 0x00, 0x00,
    0x00, 0x00, 0x00, 0x00, 0x0c, 0x79, 0x10, 0x20, 0x00, 0x04, 0x00, 0x00, 0x00, 0x00, 0x00, 0x00,
    0x00, 0x18, 0xf2, 0x34, 0x40, 0x00, 0x0c, 0x00, 0x00, 0x00, 0x00, 0x00, 0x00, 0x00, 0x30, 0xe4,
    0x79, 0x80, 0x00, 0x08, 0x00, 0x00, 0x00, 0x00, 0x00, 0x00, 0x00, 0x60, 0xc8, 0x23, 0x01, 0x01,
    0x30, 0x00, 0x00, 0x00, 0x00, 0x00, 0x00, 0x00, 0x40, 0x16, 0x08, 0x00, 0x0e, 0x00, 0x00, 0x00,
    0x32, 0x1e, 0x98, 0x14, 0x19, 0x11, 0x4c, 0x90, 0x8c, 0x09, 0x26, 0x47, 0xc6, 0x04, 0x43, 0x22,
    0x25, 0x30, 0x02, 0x50, 0x0e, 0xc5, 0x50, 0x80, 0x01, 0x65, 0x50, 0x1e, 0x45, 0x40, 0xa5, 0x24,
    0x46, 0x00, 0xca, 0xa0, 0x08, 0x0a, 0xa1, 0x04, 0x08, 0xcf, 0x00, 0x50, 0x1e, 0x0b, 0x31, 0x8e,
    0x57, 0x78, 0x85, 0x57, 0x00, 0x20, 0x30, 0x00, 0x79, 0x18, 0x00, 0x00, 0x5c, 0x00, 0x00, 0x00,
    0x1a, 0x03, 0x4c, 0x90, 0x46, 0x02, 0x13, 0x44, 0x8f, 0x0c, 0x6f, 0xec, 0xed, 0x4d, 0x0c, 0x24,
    0xc6, 0xe5, 0xc6, 0x45, 0x66, 0x06, 0x06, 0xc7, 0x25, 0xc6, 0x06, 0x04, 0xa5, 0x46, 0x86, 0x2c,
    0x2c, 0xe6, 0xa6, 0x4c, 0x26, 0x27, 0x65, 0x43, 0x10, 0x4c, 0x10, 0x08, 0x63, 0x82, 0x40, 0x1c,
    0x1b, 0x84, 0x81, 0x98, 0x20, 0x10, 0xc8, 0x06, 0x61, 0x30, 0x28, 0xd8, 0xcd, 0x4d, 0x10, 0x88,
    0x64, 0xc3, 0x80, 0x24, 0xc4, 0x04, 0x01, 0xa3, 0x08, 0x4c, 0x10, 0x08, 0x65, 0x03, 0x42, 0x2c,
    0xcc, 0x40, 0x0c, 0x0d, 0xb0, 0x21, 0x70, 0x36, 0x10, 0x00, 0xf0, 0x00, 0x13, 0x84, 0xac, 0xda,
    0x10, 0x44, 0x13, 0x04, 0x01, 0x20, 0xd1, 0x16, 0x96, 0xe6, 0x46, 0x84, 0xaa, 0x08, 0x6b, 0xe8,
    0xe9, 0x49, 0x8a, 0x68, 0x82, 0x50, 0x38, 0x13, 0x84, 0xe2, 0xd9, 0x10, 0x10, 0x13, 0x84, 0x02,
    0x9a, 0x20, 0x10, 0xcb, 0x06, 0x41, 0x33, 0x36, 0x2c, 0x44, 0x65, 0x5d, 0xd8, 0x35, 0x64, 0xc4,
    0xb5, 0x6d, 0x08, 0x86, 0x09, 0x42, 0x11, 0x6d, 0x10, 0x34, 0x6d, 0xc3, 0x32, 0x54, 0xd6, 0xd5,
    0x5d, 0x83, 0x37, 0x5c, 0xdf, 0x06, 0x81, 0x03, 0x03, 0x2e, 0x53, 0x56, 0x5f, 0x50, 0x6f, 0x73,
    0x69, 0x74, 0x69, 0x6f, 0x6e, 0x13, 0x84, 0x42, 0x9a, 0x20, 0x10, 0xcc, 0x06, 0x41, 0x23, 0x83,
    0x0d, 0x0b, 0x21, 0x06, 0x56, 0x86, 0x8d, 0xc1, 0x30, 0x06, 0xc4, 0x55, 0x06, 0x1b, 0x96, 0xa1,
    0xb2, 0x2e, 0xcc, 0x1b, 0xbc, 0xe1, 0xfa, 0x26, 0x08, 0x44, 0x33, 0x41, 0x28, 0xa6, 0x0d, 0x82,
    0x36, 0x6c, 0x58, 0xd0, 0xa0, 0xb2, 0xae, 0xce, 0x1b, 0xd2, 0x60, 0xf0, 0xd4, 0x60, 0xc3, 0x60,
    0x06, 0x67, 0xb0, 0x06, 0x1b, 0x86, 0x30, 0x60, 0x03, 0x60, 0x43, 0x31, 0x51, 0x6d, 0x00, 0x01,
    0x55, 0xd8, 0xd8, 0xec, 0xda, 0x5c, 0xd2, 0xc8, 0xca, 0xdc, 0xe8, 0xa6, 0x04, 0x41, 0x15, 0x32,
    0x3c, 0x17, 0xbb, 0x32, 0xb9, 0xb9, 0xb4, 0x37, 0xb7, 0x29, 0x01, 0xd1, 0x84, 0x0c, 0xcf, 0xc5,
    0x2e, 0x8c, 0xcd, 0xae, 0x4c, 0x6e, 0x4a, 0x60, 0xd4, 0x21, 0xc3, 0x73, 0x99, 0x43, 0x0b, 0x23,
    0x2b, 0x93, 0x6b, 0x7a, 0x23, 0x2b, 0x63, 0x9b, 0x12, 0x24, 0x65, 0xc8, 0xf0, 0x5c, 0xe4, 0xca,
    0xe6, 0xde, 0xea, 0xe4, 0xc6, 0xca, 0xe6, 0xa6, 0x04, 0x4f, 0x1d, 0x32, 0x3c, 0x17, 0xbb, 0xb4,
    0xb2, 0xbb, 0x24, 0xb2, 0x29, 0xba, 0x30, 0xba, 0xb2, 0x29, 0x41, 0x54, 0x87, 0x0c, 0xcf, 0xa5,
    0xcc, 0x8d, 0x4e, 0x2e, 0x0f, 0xea, 0x2d, 0xcd, 0x8d, 0x6e, 0x6e, 0x4a, 0xd0, 0x06, 0x00, 0x00,
    0x79, 0x18, 0x00, 0x00, 0x4c, 0x00, 0x00, 0x00, 0x33, 0x08, 0x80, 0x1c, 0xc4, 0xe1, 0x1c, 0x66,
    0x14, 0x01, 0x3d, 0x88, 0x43, 0x38, 0x84, 0xc3, 0x8c, 0x42, 0x80, 0x07, 0x79, 0x78, 0x07, 0x73,
    0x98, 0x71, 0x0c, 0xe6, 0x00, 0x0f, 0xed, 0x10, 0x0e, 0xf4, 0x80, 0x0e, 0x33, 0x0c, 0x42, 0x1e,
    0xc2, 0xc1, 0x1d, 0xce, 0xa1, 0x1c, 0x66, 0x30, 0x05, 0x3d, 0x88, 0x43, 0x38, 0x84, 0x83, 0x1b,
    0xcc, 0x03, 0x3d, 0xc8, 0x43, 0x3d, 0x8c, 0x03, 0x3d, 0xcc, 0x78, 0x8c, 0x74, 0x70, 0x07, 0x7b,
    0x08, 0x07, 0x79, 0x48, 0x87, 0x70, 0x70, 0x07, 0x7a, 0x70, 0x03, 0x76, 0x78, 0x87, 0x70, 0x20,
    0x87, 0x19, 0xcc, 0x11, 0x0e, 0xec, 0x90, 0x0e, 0xe1, 0x30, 0x0f, 0x6e, 0x30, 0x0f, 0xe3, 0xf0,
    0x0e, 0xf0, 0x50, 0x0e, 0x33, 0x10, 0xc4, 0x1d, 0xde, 0x21, 0x1c, 0xd8, 0x21, 0x1d, 0xc2, 0x61,
    0x1e, 0x66, 0x30, 0x89, 0x3b, 0xbc, 0x83, 0x3b, 0xd0, 0x43, 0x39, 0xb4, 0x03, 0x3c, 0xbc, 0x83,
    0x3c, 0x84, 0x03, 0x3b, 0xcc, 0xf0, 0x14, 0x76, 0x60, 0x07, 0x7b, 0x68, 0x07, 0x37, 0x68, 0x87,
    0x72, 0x68, 0x07, 0x37, 0x80, 0x87, 0x70, 0x90, 0x87, 0x70, 0x60, 0x07, 0x76, 0x28, 0x07, 0x76,
    0xf8, 0x05, 0x76, 0x78, 0x87, 0x77, 0x80, 0x87, 0x5f, 0x08, 0x87, 0x71, 0x18, 0x87, 0x72, 0x98,
    0x87, 0x79, 0x98, 0x81, 0x2c, 0xee, 0xf0, 0x0e, 0xee, 0xe0, 0x0e, 0xf5, 0xc0, 0x0e, 0xec, 0x30,
    0x03, 0x62, 0xc8, 0xa1, 0x1c, 0xe4, 0xa1, 0x1c, 0xcc, 0xa1, 0x1c, 0xe4, 0xa1, 0x1c, 0xdc, 0x61,
    0x1c, 0xca, 0x21, 0x1c, 0xc4, 0x81, 0x1d, 0xca, 0x61, 0x06, 0xd6, 0x90, 0x43, 0x39, 0xc8, 0x43,
    0x39, 0x98, 0x43, 0x39, 0xc8, 0x43, 0x39, 0xb8, 0xc3, 0x38, 0x94, 0x43, 0x38, 0x88, 0x03, 0x3b,
    0x94, 0xc3, 0x2f, 0xbc, 0x83, 0x3c, 0xfc, 0x82, 0x3b, 0xd4, 0x03, 0x3b, 0xb0, 0xc3, 0x8c, 0xc8,
    0x21, 0x07, 0x7c, 0x70, 0x03, 0x72, 0x10, 0x87, 0x73, 0x70, 0x03, 0x7b, 0x08, 0x07, 0x79, 0x60,
    0x87, 0x70, 0xc8, 0x87, 0x77, 0xa8, 0x07, 0x7a, 0x98, 0x81, 0x3c, 0xe4, 0x80, 0x0f, 0x6e, 0x40,
    0x0f, 0xe5, 0xd0, 0x0e, 0xf0, 0x00, 0x00, 0x00, 0x71, 0x20, 0x00, 0x00, 0x18, 0x00, 0x00, 0x00,
    0x36, 0xb0, 0x0d, 0x97, 0xef, 0x3c, 0xbe, 0x10, 0x50, 0x45, 0x41, 0x44, 0xa5, 0x03, 0x0c, 0x25,
    0x61, 0x00, 0x02, 0xe6, 0x17, 0xb7, 0x6d, 0x05, 0xd2, 0x70, 0xf9, 0xce, 0xe3, 0x0b, 0x11, 0x01,
    0x4c, 0x44, 0x08, 0x34, 0xc3, 0x42, 0x58, 0xc0, 0x34, 0x5c, 0xbe, 0xf3, 0xf8, 0x8b, 0x03, 0x0c,
    0x62, 0xf3, 0x50, 0x93, 0x5f, 0xdc, 0xb6, 0x09, 0x54, 0xc3, 0xe5, 0x3b, 0x8f, 0x2f, 0x4d, 0x4e,
    0x44, 0xa0, 0xd4, 0xf4, 0x50, 0x93, 0x5f, 0xdc, 0xb6, 0x11, 0x48, 0xc3, 0xe5, 0x3b, 0x8f, 0x3f,
    0x11, 0xd1, 0x84, 0x00, 0x11, 0xe6, 0x17, 0xb7, 0x6d, 0x00, 0x04, 0x03, 0x20, 0x0d, 0x00, 0x00,
    0x61, 0x20, 0x00, 0x00, 0x6f, 0x00, 0x00, 0x00, 0x13, 0x04, 0x41, 0x2c, 0x10, 0x00, 0x00, 0x00,
    0x04, 0x00, 0x00, 0x00, 0x44, 0x8a, 0xab, 0x14, 0x0a, 0x61, 0x06, 0xa0, 0xec, 0x4a, 0x8e, 0xe2,
    0x08, 0x00, 0x00, 0x00, 0x23, 0x06, 0x09, 0x00, 0x82, 0x60, 0x20, 0x61, 0x02, 0x63, 0x59, 0xc1,
    0x88, 0x41, 0x02, 0x80, 0x20, 0x18, 0x18, 0x9d, 0x81, 0x5d, 0x4f, 0x31, 0x62, 0x90, 0x00, 0x20,
    0x08, 0x06, 0x86, 0x77, 0x64, 0x18, 0x63, 0x8c, 0x18, 0x24, 0x00, 0x08, 0x82, 0x81, 0xf1, 0x21,
    0x59, 0x16, 0x1d, 0x23, 0x06, 0x09, 0x00, 0x82, 0x60, 0x60, 0x80, 0x41, 0xa2, 0x69, 0x0e, 0x32,
    0x62, 0x90, 0x00, 0x20, 0x08, 0x06, 0x46, 0x18, 0x28, 0xdb, 0x16, 0x25, 0x23, 0x06, 0x07, 0x00,
    0x82, 0x60, 0xd0, 0x80, 0x41, 0x62, 0x70, 0xa3, 0x09, 0x01, 0x30, 0x9a, 0x20, 0x04, 0xa3, 0x09,
    0x83, 0x30, 0x9a, 0x40, 0x0c, 0x23, 0x06, 0x07, 0x00, 0x82, 0x60, 0xd0, 0x94, 0x81, 0xb3, 0x88,
    0xc1, 0x68, 0x42, 0x00, 0x8c, 0x26, 0x08, 0xc1, 0x68, 0xc2, 0x20, 0x8c, 0x26, 0x10, 0xc3, 0x88,
    0xc1, 0x01, 0x80, 0x20, 0x18, 0x34, 0x6a, 0x30, 0x41, 0x60, 0x30, 0x9a, 0x10, 0x00, 0xa3, 0x09,
    0x42, 0x30, 0x9a, 0x30, 0x08, 0xa3, 0x09, 0xc4, 0x30, 0x62, 0x70, 0x00, 0x20, 0x08, 0x06, 0xcd,
    0x1b, 0x60, 0xd5, 0x19, 0x8c, 0x26, 0x04, 0xc0, 0x68, 0x82, 0x10, 0x8c, 0x26, 0x0c, 0xc2, 0x68,
    0x02, 0x31, 0xd8, 0x74, 0xc9, 0x67, 0xc4, 0x00, 0x01, 0x40, 0x10, 0x0c, 0x1e, 0x3a, 0x10, 0x83,
    0xe7, 0x0a, 0x46, 0x0c, 0x10, 0x00, 0x04, 0xc1, 0xe0, 0xa9, 0x83, 0x31, 0x58, 0xae, 0xc0, 0x82,
    0x03, 0x3a, 0x66, 0x6d, 0xf2, 0x19, 0x31, 0x40, 0x00, 0x10, 0x04, 0x83, 0x07, 0x0f, 0xcc, 0x40,
    0xda, 0x82, 0x11, 0x03, 0x04, 0x00, 0x41, 0x30, 0x78, 0xf2, 0xe0, 0x0c, 0x9c, 0x2d, 0xb0, 0x40,
    0x81, 0x8e, 0x65, 0x9f, 0x7c, 0x46, 0x0c, 0x10, 0x00, 0x04, 0xc1, 0xe0, 0xe1, 0x03, 0x35, 0xa8,
    0xbe, 0x60, 0xc4, 0x00, 0x01, 0x40, 0x10, 0x0c, 0x9e, 0x3e, 0x58, 0x83, 0xe8, 0x0b, 0x2c, 0x68,
    0xa0, 0x63, 0xdc, 0x18, 0xc8, 0x67, 0xc4, 0x00, 0x01, 0x40, 0x10, 0x0c, 0x1e, 0x50, 0x70, 0x03,
    0x6c, 0x0c, 0x82, 0x11, 0x03, 0x04, 0x00, 0x41, 0x30, 0x78, 0x42, 0xe1, 0x0d, 0xa8, 0x31, 0x08,
    0x2c, 0x80, 0xa0, 0x33, 0x62, 0x90, 0x00, 0x20, 0x08, 0x06, 0x48, 0x29, 0xc0, 0x01, 0x28, 0x80,
    0x02, 0x1e, 0x34, 0x23, 0x06, 0x09, 0x00, 0x82, 0x60, 0x80, 0x94, 0x02, 0x1c, 0x80, 0x02, 0x28,
    0xd0, 0x41, 0x32, 0x62, 0x90, 0x00, 0x20, 0x08, 0x06, 0x48, 0x29, 0xc0, 0x01, 0x28, 0x80, 0x82,
    0x1d, 0x14, 0x23, 0x06, 0x09, 0x00, 0x82, 0x60, 0x80, 0x94, 0x02, 0x1c, 0x80, 0x02, 0x28, 0xdc,
    0x41, 0x30, 0x62, 0x90, 0x00, 0x20, 0x08, 0x06, 0x48, 0x29, 0xc0, 0x41, 0x28, 0x80, 0x02, 0x1e,
    0xa4, 0xc1, 0x88, 0x41, 0x02, 0x80, 0x20, 0x18, 0x20, 0xa5, 0x00, 0x07, 0xa1, 0x00, 0x0a, 0x74,
    0x80, 0x06, 0x23, 0x06, 0x09, 0x00, 0x82, 0x60, 0x80, 0x94, 0x02, 0x1c, 0xe8, 0x01, 0x28, 0xe0,
    0x41, 0x80, 0x00, 0x00, 0x00, 0x00, 0x00, 0x00
};
static const unsigned int game_scene_vertex_dxil_size = 4104;

static const unsigned char game_scene_pixel_dxil[] = {
    0x44, 0x58, 0x42, 0x43, 0xcb, 0x6f, 0xc7, 0x44, 0x9a, 0x0e, 0x09, 0x2a, 0x6d, 0xba, 0xc2, 0x5d,
    0xf2, 0x5c, 0x33, 0xc1, 0x01, 0x00, 0x00, 0x00, 0xdc, 0x14, 0x00, 0x00, 0x07, 0x00, 0x00, 0x00,
    0x3c, 0x00, 0x00, 0x00, 0x4c, 0x00, 0x00, 0x00, 0xd4, 0x00, 0x00, 0x00, 0x10, 0x01, 0x00, 0x00,
    0x24, 0x02, 0x00, 0x00, 0xc8, 0x0a, 0x00, 0x00, 0xe4, 0x0a, 0x00, 0x00, 0x53, 0x46, 0x49, 0x30,
    0x08, 0x00, 0x00, 0x00, 0x00, 0x00, 0x00, 0x00, 0x00, 0x00, 0x00, 0x00, 0x49, 0x53, 0x47, 0x31,
    0x80, 0x00, 0x00, 0x00, 0x03, 0x00, 0x00, 0x00, 0x08, 0x00, 0x00, 0x00, 0x00, 0x00, 0x00, 0x00,
    0x68, 0x00, 0x00, 0x00, 0x00, 0x00, 0x00, 0x00, 0x01, 0x00, 0x00, 0x00, 0x03, 0x00, 0x00, 0x00,
    0x00, 0x00, 0x00, 0x00, 0x0f, 0x00, 0x00, 0x00, 0x00, 0x00, 0x00, 0x00, 0x00, 0x00, 0x00, 0x00,
    0x74, 0x00, 0x00, 0x00, 0x00, 0x00, 0x00, 0x00, 0x00, 0x00, 0x00, 0x00, 0x03, 0x00, 0x00, 0x00,
    0x01, 0x00, 0x00, 0x00, 0x03, 0x03, 0x00, 0x00, 0x00, 0x00, 0x00, 0x00, 0x00, 0x00, 0x00, 0x00,
    0x74, 0x00, 0x00, 0x00, 0x01, 0x00, 0x00, 0x00, 0x00, 0x00, 0x00, 0x00, 0x03, 0x00, 0x00, 0x00,
    0x01, 0x00, 0x00, 0x00, 0x04, 0x04, 0x00, 0x00, 0x00, 0x00, 0x00, 0x00, 0x53, 0x56, 0x5f, 0x50,
    0x6f, 0x73, 0x69, 0x74, 0x69, 0x6f, 0x6e, 0x00, 0x54, 0x45, 0x58, 0x43, 0x4f, 0x4f, 0x52, 0x44,
    0x00, 0x00, 0x00, 0x00, 0x4f, 0x53, 0x47, 0x31, 0x34, 0x00, 0x00, 0x00, 0x01, 0x00, 0x00, 0x00,
    0x08, 0x00, 0x00, 0x00, 0x00, 0x00, 0x00, 0x00, 0x28, 0x00, 0x00, 0x00, 0x00, 0x00, 0x00, 0x00,
    0x40, 0x00, 0x00, 0x00, 0x03, 0x00, 0x00, 0x00, 0x00, 0x00, 0x00, 0x00, 0x0f, 0x00, 0x00, 0x00,
    0x00, 0x00, 0x00, 0x00, 0x53, 0x56, 0x5f, 0x54, 0x61, 0x72, 0x67, 0x65, 0x74, 0x00, 0x00, 0x00,
    0x50, 0x53, 0x56, 0x30, 0x0c, 0x01, 0x00, 0x00, 0x30, 0x00, 0x00, 0x00, 0x00, 0x00, 0x00, 0x00,
    0x00, 0x00, 0x00, 0x00, 0x00, 0x00, 0x00, 0x00, 0x00, 0x00, 0x00, 0x00, 0x00, 0x00, 0x00, 0x00,
    0xff, 0xff, 0xff, 0xff, 0x00, 0x00, 0x00, 0x00, 0x03, 0x01, 0x00, 0x02, 0x01, 0x00, 0x00, 0x00,
    0x00, 0x00, 0x00, 0x00, 0x00, 0x00, 0x00, 0x00, 0x00, 0x00, 0x00, 0x00, 0x03, 0x00, 0x00, 0x00,
    0x18, 0x00, 0x00, 0x00, 0x02, 0x00, 0x00, 0x00, 0x03, 0x00, 0x00, 0x00, 0x00, 0x00, 0x00, 0x00,
    0x00, 0x00, 0x00, 0x00, 0x0d, 0x00, 0x00, 0x00, 0x00, 0x00, 0x00, 0x00, 0x01, 0x00, 0x00, 0x00,
    0x02, 0x00, 0x00, 0x00, 0x00, 0x00, 0x00, 0x00, 0x00, 0x00, 0x00, 0x00, 0x0e, 0x00, 0x00, 0x00,
    0x00, 0x00, 0x00, 0x00, 0x03, 0x00, 0x00, 0x00, 0x02, 0x00, 0x00, 0x00, 0x00, 0x00, 0x00, 0x00,
    0x00, 0x00, 0x00, 0x00, 0x02, 0x00, 0x00, 0x00, 0x00, 0x00, 0x00, 0x00, 0x14, 0x00, 0x00, 0x00,
    0x00, 0x54, 0x45, 0x58, 0x43, 0x4f, 0x4f, 0x52, 0x44, 0x00, 0x54, 0x45, 0x58, 0x43, 0x4f, 0x4f,
    0x52, 0x44, 0x00, 0x00, 0x02, 0x00, 0x00, 0x00, 0x00, 0x00, 0x00, 0x00, 0x01, 0x00, 0x00, 0x00,
    0x10, 0x00, 0x00, 0x00, 0x00, 0x00, 0x00, 0x00, 0x00, 0x00, 0x00, 0x00, 0x01, 0x00, 0x44, 0x03,
    0x03, 0x04, 0x00, 0x00, 0x01, 0x00, 0x00, 0x00, 0x00, 0x00, 0x00, 0x00, 0x01, 0x01, 0x42, 0x00,
    0x03, 0x02, 0x00, 0x00, 0x0a, 0x00, 0x00, 0x00, 0x01, 0x00, 0x00, 0x00, 0x01, 0x01, 0x61, 0x00,
    0x03, 0x02, 0x00, 0x00, 0x00, 0x00, 0x00, 0x00, 0x00, 0x00, 0x00, 0x00, 0x01, 0x00, 0x44, 0x10,
    0x03, 0x00, 0x00, 0x00, 0x00, 0x00, 0x00, 0x00, 0x00, 0x00, 0x00, 0x00, 0x00, 0x00, 0x00, 0x00,
    0x00, 0x00, 0x00, 0x00, 0x0f, 0x00, 0x00, 0x00, 0x0f, 0x00, 0x00, 0x00, 0x07, 0x00, 0x00, 0x00,
    0x00, 0x00, 0x00, 0x00, 0x53, 0x54, 0x41, 0x54, 0x9c, 0x08, 0x00, 0x00, 0x60, 0x00, 0x00, 0x00,
    0x27, 0x02, 0x00, 0x00, 0x44, 0x58, 0x49, 0x4c, 0x00, 0x01, 0x00, 0x00, 0x10, 0x00, 0x00, 0x00,
    0x84, 0x08, 0x00, 0x00, 0x42, 0x43, 0xc0, 0xde, 0x21, 0x0c, 0x00, 0x00, 0x1e, 0x02, 0x00, 0x00,
    0x0b, 0x82, 0x20, 0x00, 0x02, 0x00, 0x00, 0x00, 0x13, 0x00, 0x00, 0x00, 0x07, 0x81, 0x23, 0x91,
    0x41, 0xc8, 0x04, 0x49, 0x06, 0x10, 0x32, 0x39, 0x92, 0x01, 0x84, 0x0c, 0x25, 0x05, 0x08, 0x19,
    0x1e, 0x04, 0x8b, 0x62, 0x80, 0x18, 0x45, 0x02, 0x42, 0x92, 0x0b, 0x42, 0xc4, 0x10, 0x32, 0x14,
    0x38, 0x08, 0x18, 0x4b, 0x0a, 0x32, 0x62, 0x88, 0x48, 0x90, 0x14, 0x20, 0x43, 0x46, 0x88, 0xa5,
    0x00, 0x19, 0x32, 0x42, 0xe4, 0x48, 0x0e, 0x90, 0x11, 0x23, 0xc4, 0x50, 0x41, 0x51, 0x81, 0x8c,
    0xe1, 0x83, 0xe5, 0x8a, 0x04, 0x31, 0x46, 0x06, 0x51, 0x18, 0x00, 0x00, 0x08, 0x00, 0x00, 0x00,
    0x1b, 0x8c, 0xe0, 0xff, 0xff, 0xff, 0xff, 0x07, 0x40, 0x02, 0xa8, 0x0d, 0x84, 0xf0, 0xff, 0xff,
    0xff, 0xff, 0x03, 0x20, 0x6d, 0x30, 0x86, 0xff, 0xff, 0xff, 0xff, 0x1f, 0x00, 0x09, 0xa8, 0x00,
    0x49, 0x18, 0x00, 0x00, 0x03, 0x00, 0x00, 0x00, 0x13, 0x82, 0x60, 0x42, 0x20, 0x4c, 0x08, 0x06,
    0x00, 0x00, 0x00, 0x00, 0x89, 0x20, 0x00, 0x00, 0x58, 0x00, 0x00, 0x00, 0x32, 0x22, 0x88, 0x09,
    0x20, 0x64, 0x85, 0x04, 0x13, 0x23, 0xa4, 0x84, 0x04, 0x13, 0x23, 0xe3, 0x84, 0xa1, 0x90, 0x14,
    0x12, 0x4c, 0x8c, 0x8c, 0x0b, 0x84, 0xc4, 0x4c, 0x10, 0xa0, 0xc1, 0x08, 0x40, 0x09, 0x00, 0x0a,
    0x66, 0x00, 0xe6, 0x08, 0xc0, 0x60, 0x8e, 0x00, 0x29, 0xc6, 0x40, 0x10, 0x44, 0x41, 0x90, 0x51,
    0x0c, 0x80, 0x20, 0x88, 0x62, 0x20, 0x64, 0x8e, 0x20, 0x28, 0x03, 0x40, 0x28, 0xb4, 0xdc, 0x34,
    0x5c, 0xfe, 0x84, 0x3d, 0x84, 0xe4, 0xaf, 0x84, 0xb4, 0x12, 0x93, 0x5f, 0xdc, 0x36, 0x2a, 0x86,
    0x61, 0x18, 0x08, 0x2a, 0xee, 0x19, 0x2e, 0x7f, 0xc2, 0x1e, 0x42, 0xf2, 0x43, 0xa0, 0x19, 0x16,
    0x02, 0x05, 0x4e, 0x61, 0x1a, 0xe2, 0x79, 0x86, 0x61, 0x18, 0x08, 0x82, 0x18, 0x08, 0x2a, 0xc4,
    0x40, 0x0c, 0x03, 0x49, 0x65, 0x18, 0x88, 0x81, 0xa8, 0x82, 0x0c, 0xc4, 0x30, 0x0c, 0xc3, 0x30,
    0x90, 0x75, 0xd4, 0x70, 0xf9, 0x13, 0xf6, 0x10, 0x92, 0xcf, 0x6d, 0x54, 0xb1, 0x12, 0x93, 0x5f,
    0xdc, 0x36, 0x22, 0x86, 0x61, 0x18, 0x0a, 0x81, 0x11, 0x0f, 0x41, 0x59, 0x31, 0x1e, 0xa2, 0x20,
    0x08, 0x85, 0xb6, 0x81, 0x80, 0x61, 0x04, 0x62, 0x98, 0xa9, 0x0d, 0xc6, 0x81, 0x1d, 0xc2, 0x61,
    0x1e, 0xe6, 0xc1, 0x0d, 0x68, 0xa1, 0x1c, 0xf0, 0x81, 0x1e, 0xea, 0x41, 0x1e, 0xca, 0x41, 0x0e,
    0x48, 0x81, 0x0f, 0xec, 0xa1, 0x1c, 0xc6, 0x81, 0x1e, 0xde, 0x41, 0x1e, 0xf8, 0xc0, 0x1c, 0xd8,
    0xe1, 0x1d, 0xc2, 0x81, 0x1e, 0xd8, 0x00, 0x0c, 0xe8, 0xc0, 0x0f, 0xc0, 0xc0, 0x0f, 0xf4, 0x40,
    0x0f, 0xda, 0x21, 0x1d, 0xe0, 0x61, 0x1e, 0x7e, 0x81, 0x1e, 0xf2, 0x01, 0x1e, 0xca, 0x01, 0x05,
    0xc4, 0x4c, 0x62, 0x30, 0x0e, 0xec, 0x10, 0x0e, 0xf3, 0x30, 0x0f, 0x6e, 0x40, 0x0b, 0xe5, 0x80,
    0x0f, 0xf4, 0x50, 0x0f, 0xf2, 0x50, 0x0e, 0x72, 0x40, 0x0a, 0x7c, 0x60, 0x0f, 0xe5, 0x30, 0x0e,
    0xf4, 0xf0, 0x0e, 0xf2, 0xc0, 0x07, 0xe6, 0xc0, 0x0e, 0xef, 0x10, 0x0e, 0xf4, 0xc0, 0x06, 0x60,
    0x40, 0x07, 0x7e, 0x00, 0x06, 0x7e, 0x80, 0x04, 0xef, 0x23, 0x70, 0x18, 0x41, 0x18, 0x4e, 0x62,
    0x05, 0xa2, 0x21, 0x52, 0xe4, 0x22, 0x16, 0xb7, 0x41, 0x0a, 0x27, 0x62, 0x24, 0x84, 0x0c, 0xc3,
    0x30, 0x78, 0xc3, 0x20, 0xd2, 0x78, 0x93, 0x34, 0x45, 0x94, 0x30, 0xf9, 0x2c, 0xc0, 0x3c, 0x0b,
    0x11, 0xb1, 0x13, 0x30, 0x11, 0x28, 0x20, 0xa8, 0xcc, 0x04, 0x02, 0x00, 0x13, 0x14, 0x72, 0xc0,
    0x87, 0x74, 0x60, 0x87, 0x36, 0x68, 0x87, 0x79, 0x68, 0x03, 0x72, 0xc0, 0x87, 0x0d, 0xaf, 0x50,
    0x0e, 0x6d, 0xd0, 0x0e, 0x7a, 0x50, 0x0e, 0x6d, 0x00, 0x0f, 0x7a, 0x30, 0x07, 0x72, 0xa0, 0x07,
    0x73, 0x20, 0x07, 0x6d, 0x90, 0x0e, 0x71, 0xa0, 0x07, 0x73, 0x20, 0x07, 0x6d, 0x90, 0x0e, 0x78,
    0xa0, 0x07, 0x73, 0x20, 0x07, 0x6d, 0x90, 0x0e, 0x71, 0x60, 0x07, 0x7a, 0x30, 0x07, 0x72, 0xd0,
    0x06, 0xe9, 0x30, 0x07, 0x72, 0xa0, 0x07, 0x73, 0x20, 0x07, 0x6d, 0x90, 0x0e, 0x76, 0x40, 0x07,
    0x7a, 0x60, 0x07, 0x74, 0xd0, 0x06, 0xe6, 0x10, 0x07, 0x76, 0xa0, 0x07, 0x73, 0x20, 0x07, 0x6d,
    0x60, 0x0e, 0x73, 0x20, 0x07, 0x7a, 0x30, 0x07, 0x72, 0xd0, 0x06, 0xe6, 0x60, 0x07, 0x74, 0xa0,
    0x07, 0x76, 0x40, 0x07, 0x6d, 0xe0, 0x0e, 0x78, 0xa0, 0x07, 0x71, 0x60, 0x07, 0x7a, 0x30, 0x07,
    0x72, 0xa0, 0x07, 0x76, 0x40, 0x07, 0x43, 0x9e, 0x00, 0x08, 0x00, 0x00, 0x00, 0x00, 0x00, 0x00,
    0x00, 0x00, 0x00, 0x86, 0x3c, 0x06, 0x10, 0x00, 0x01, 0x00, 0x00, 0x00, 0x00, 0x00, 0x00, 0x00,
    0x0c, 0x79, 0x10, 0x20, 0x00, 0x04, 0x00, 0x00, 0x00, 0x00, 0x00, 0x00, 0x00, 0x18, 0xf2, 0x2c,
    0x40, 0x00, 0x08, 0x00, 0x00, 0x00, 0x00, 0x00, 0x00, 0x00, 0x30, 0xe4, 0x81, 0x80, 0x00, 0x18,
    0x00, 0x00, 0x00, 0x00, 0x00, 0x00, 0x00, 0x60, 0xc8, 0x23, 0x01, 0x01, 0x10, 0x00, 0x00, 0x00,
    0x00, 0x00, 0x00, 0x00, 0xc0, 0x90, 0x87, 0x02, 0x02, 0x20, 0x00, 0x00, 0x00, 0x00, 0x00, 0x00,
    0x00, 0x80, 0x21, 0x8f, 0x05, 0x04, 0x40, 0x00, 0x00, 0x00, 0x00, 0x00, 0x00, 0x00, 0x00, 0x43,
    0x9e, 0x0c, 0x08, 0x80, 0x01, 0x00, 0x00, 0x00, 0x00, 0x00, 0x00, 0x00, 0x86, 0x3c, 0x1b, 0x10,
    0x00, 0x03, 0x00, 0x00, 0x00, 0x00, 0x00, 0x00, 0x00, 0x64, 0x81, 0x00, 0x15, 0x00, 0x00, 0x00,
    0x32, 0x1e, 0x98, 0x18, 0x19, 0x11, 0x4c, 0x90, 0x8c, 0x09, 0x26, 0x47, 0xc6, 0x04, 0x43, 0x22,
    0x4a, 0x60, 0x04, 0xa0, 0x18, 0x8a, 0xa0, 0x24, 0xca, 0xa0, 0xc0, 0xca, 0xa1, 0x10, 0x0a, 0xa2,
    0x30, 0x0a, 0xa4, 0x80, 0x0a, 0xa9, 0xa0, 0xca, 0xa3, 0xe8, 0x4a, 0x36, 0x80, 0x8a, 0x92, 0x28,
    0x83, 0x42, 0x18, 0x01, 0x28, 0x82, 0x12, 0x28, 0x10, 0x52, 0x6a, 0x80, 0xc2, 0x19, 0x00, 0x1a,
    0x67, 0x00, 0x88, 0x9c, 0x01, 0x20, 0x73, 0x06, 0x80, 0xce, 0xb1, 0x92, 0x83, 0x00, 0x00, 0x00,
    0x78, 0x9e, 0x03, 0x00, 0x79, 0x18, 0x00, 0x00, 0xc8, 0x00, 0x00, 0x00, 0x1a, 0x03, 0x4c, 0x90,
    0x46, 0x02, 0x13, 0x44, 0x8f, 0x0c, 0x6f, 0xec, 0xed, 0x4d, 0x0c, 0x24, 0xc6, 0xe5, 0xc6, 0x45,
    0x66, 0x06, 0x06, 0xc7, 0x25, 0xc6, 0x06, 0x04, 0xa5, 0x46, 0x86, 0x2c, 0x2c, 0xe6, 0xa6, 0x4c,
    0x26, 0x27, 0x65, 0x43, 0x10, 0x4c, 0x10, 0x08, 0x65, 0x82, 0x40, 0x2c, 0x1b, 0x84, 0x81, 0xd8,
    0x20, 0x10, 0x04, 0x05, 0xb8, 0xb9, 0x09, 0x02, 0xc1, 0x6c, 0x18, 0x0e, 0x84, 0x98, 0x20, 0x84,
    0x01, 0x19, 0x90, 0x99, 0x1b, 0x2b, 0x73, 0x2b, 0xa3, 0x2a, 0xc3, 0xa3, 0xab, 0x93, 0x2b, 0x9b,
    0x20, 0x10, 0xcd, 0x04, 0x81, 0x70, 0x36, 0x08, 0x44, 0xb3, 0x21, 0x21, 0x94, 0x85, 0x21, 0x06,
    0x86, 0x70, 0x36, 0x04, 0xcf, 0x04, 0x81, 0x0c, 0xcc, 0x80, 0xd2, 0xd4, 0x58, 0x99, 0x5b, 0x19,
    0x54, 0x1a, 0x5e, 0x19, 0x5b, 0x95, 0x5b, 0x9a, 0xd9, 0x9b, 0x5c, 0xdb, 0xdc, 0x04, 0x81, 0x78,
    0x26, 0x08, 0x04, 0xb4, 0x01, 0x21, 0x22, 0x69, 0x22, 0x06, 0x0a, 0xd8, 0x10, 0x54, 0x13, 0x04,
    0x33, 0x38, 0x03, 0x32, 0x73, 0x63, 0x65, 0x6e, 0x65, 0x53, 0x61, 0x6d, 0x70, 0x6c, 0x65, 0x72,
    0x1b, 0x10, 0xe2, 0xc2, 0x18, 0x62, 0x20, 0x80, 0x0d, 0x41, 0xb6, 0x81, 0x80, 0x00, 0x4b, 0x9b,
    0x20, 0x8c, 0x41, 0x19, 0x50, 0x31, 0x7b, 0x3b, 0x23, 0x2a, 0x73, 0x9b, 0x4b, 0xa3, 0xcb, 0x9b,
    0x20, 0x10, 0xd1, 0x04, 0x41, 0x19, 0x83, 0x0d, 0x08, 0xd2, 0x4d, 0x84, 0xd7, 0x34, 0x1f, 0x8b,
    0xb3, 0xb0, 0xb6, 0xb6, 0xb0, 0x09, 0x02, 0x21, 0x6d, 0x40, 0x90, 0x30, 0x98, 0xc4, 0xc0, 0x6b,
    0x9a, 0x8f, 0x88, 0xd9, 0xdb, 0xd9, 0x14, 0x5d, 0x98, 0x1c, 0xdd, 0x04, 0x81, 0x98, 0x36, 0x20,
    0x08, 0x19, 0x4c, 0x65, 0xe0, 0x35, 0xcd, 0x47, 0x65, 0x2e, 0x8c, 0xae, 0x4e, 0x2e, 0x8c, 0x2e,
    0xed, 0xcd, 0x6d, 0x82, 0x40, 0x50, 0x1b, 0x10, 0xe4, 0x0c, 0x26, 0x34, 0xf0, 0x9a, 0xe6, 0x23,
    0x62, 0xf6, 0x76, 0x36, 0xf4, 0xc6, 0xf6, 0x26, 0x37, 0x41, 0x20, 0xaa, 0x0d, 0x08, 0xa2, 0x06,
    0xd3, 0x1a, 0x78, 0x4d, 0xf3, 0x11, 0x19, 0x7b, 0x73, 0xa3, 0x93, 0x0b, 0x9b, 0xa3, 0x9b, 0x20,
    0x10, 0xd6, 0x06, 0x04, 0x69, 0x83, 0xc9, 0x0d, 0xbc, 0xa6, 0xf9, 0xa8, 0x88, 0xc9, 0xa5, 0x9d,
    0xa1, 0xd1, 0xb9, 0x95, 0xcd, 0xcd, 0x4d, 0x10, 0x88, 0x6b, 0x03, 0x82, 0xc0, 0xc1, 0x14, 0x07,
    0x5e, 0xd3, 0x7c, 0x24, 0xbe, 0xe0, 0xc2, 0xc8, 0x26, 0x08, 0x04, 0xb6, 0xc1, 0x40, 0xe6, 0x60,
    0xa2, 0x03, 0xaf, 0xd9, 0x90, 0x50, 0x60, 0x30, 0x06, 0x66, 0x90, 0x06, 0x6c, 0xf0, 0x06, 0x72,
    0x50, 0x07, 0x1b, 0x06, 0x82, 0xb3, 0x83, 0x09, 0x82, 0x00, 0x6c, 0x00, 0x36, 0x0c, 0x44, 0x1e,
    0xe4, 0xc1, 0x86, 0x40, 0x0f, 0x36, 0x0c, 0x03, 0x1e, 0xec, 0xc1, 0x04, 0xe1, 0x0c, 0xd0, 0x60,
    0x43, 0xd0, 0x07, 0x24, 0xda, 0xc2, 0xd2, 0xdc, 0xb8, 0x4c, 0x59, 0x7d, 0x41, 0xbd, 0xcd, 0xa5,
    0xd1, 0xa5, 0xbd, 0xb9, 0x4d, 0x10, 0x0a, 0x6e, 0x82, 0x50, 0x74, 0x1b, 0x02, 0x62, 0x82, 0x50,
    0x78, 0x13, 0x84, 0xe2, 0xdb, 0xb0, 0x10, 0xa0, 0x10, 0x0a, 0xa2, 0x30, 0x0a, 0xa4, 0x30, 0x90,
    0x02, 0x51, 0x0a, 0x00, 0x11, 0xaa, 0x22, 0xac, 0xa1, 0xa7, 0x27, 0x29, 0xa2, 0x09, 0x42, 0x01,
    0x06, 0x1b, 0x84, 0x69, 0xda, 0xb0, 0x0c, 0xa7, 0x10, 0x0a, 0xa5, 0x30, 0x0a, 0xa8, 0x30, 0xa0,
    0xc2, 0x50, 0x0a, 0xa9, 0xb0, 0x21, 0x18, 0x26, 0x08, 0x45, 0x18, 0x6c, 0x10, 0xa6, 0x61, 0xc3,
    0xc2, 0x9c, 0x42, 0x28, 0x94, 0xc2, 0x2a, 0xa0, 0xc2, 0xc0, 0x0a, 0x03, 0x2a, 0xb4, 0xc2, 0x86,
    0xc1, 0x14, 0x54, 0xc1, 0x15, 0x98, 0x4c, 0x59, 0x7d, 0x51, 0x85, 0xc9, 0x9d, 0x95, 0xd1, 0x4d,
    0x10, 0x0a, 0x31, 0x98, 0x20, 0x10, 0xd9, 0x06, 0x61, 0x92, 0x85, 0x0d, 0x0b, 0x01, 0x0b, 0xa1,
    0x10, 0x0b, 0xa3, 0x50, 0x0a, 0x03, 0x29, 0x10, 0xa5, 0x30, 0x0b, 0x1b, 0x02, 0x5a, 0xd8, 0x30,
    0xbc, 0x42, 0x2d, 0x00, 0x1b, 0x0a, 0x3c, 0xf8, 0x03, 0x5b, 0xd8, 0x00, 0x22, 0x62, 0x72, 0x61,
    0x6e, 0x63, 0x68, 0x65, 0x73, 0x34, 0xcc, 0xd8, 0xde, 0xc2, 0xe8, 0xe6, 0x26, 0x08, 0x84, 0xc6,
    0x22, 0xcd, 0x6d, 0x8e, 0x6e, 0x6e, 0x82, 0x40, 0x6c, 0x34, 0xe6, 0xd2, 0xce, 0xbe, 0xd8, 0xc8,
    0x68, 0xcc, 0xa5, 0x9d, 0x7d, 0xcd, 0xd1, 0x11, 0xa1, 0x2b, 0xc3, 0xfb, 0x72, 0x7b, 0x93, 0x6b,
    0xdb, 0xc0, 0xe0, 0xc2, 0x90, 0x0b, 0xba, 0xb0, 0x0b, 0xbc, 0xd0, 0x0b, 0x93, 0x2f, 0x88, 0xc1,
    0x2f, 0x0c, 0x55, 0xd8, 0xd8, 0xec, 0xda, 0x5c, 0xd2, 0xc8, 0xca, 0xdc, 0xe8, 0xa6, 0x04, 0x41,
    0x15, 0x32, 0x3c, 0x17, 0xbb, 0x32, 0xb9, 0xb9, 0xb4, 0x37, 0xb7, 0x29, 0x01, 0xd1, 0x84, 0x0c,
    0xcf, 0xc5, 0x2e, 0x8c, 0xcd, 0xae, 0x4c, 0x6e, 0x4a, 0x50, 0xd4, 0x21, 0xc3, 0x73, 0x99, 0x43,
    0x0b, 0x23, 0x2b, 0x93, 0x6b, 0x7a, 0x23, 0x2b, 0x63, 0x9b, 0x12, 0x20, 0x65, 0xc8, 0xf0, 0x5c,
    0xe4, 0xca, 0xe6, 0xde, 0xea, 0xe4, 0xc6, 0xca, 0xe6, 0xa6, 0x04, 0x5a, 0x25, 0x32, 0x3c, 0x17,
    0xba, 0x3c, 0xb8, 0xb2, 0x20, 0x37, 0xb7, 0x37, 0xba, 0x30, 0xba, 0xb4, 0x37, 0xb7, 0xb9, 0x29,
    0x82, 0x1d, 0xec, 0x41, 0x1d, 0x32, 0x3c, 0x17, 0xbb, 0xb4, 0xb2, 0xbb, 0x24, 0xb2, 0x29, 0xba,
    0x30, 0xba, 0xb2, 0x29, 0x41, 0x1f, 0xd4, 0x21, 0xc3, 0x73, 0x29, 0x73, 0xa3, 0x93, 0xcb, 0x83,
    0x7a, 0x4b, 0x73, 0xa3, 0x9b, 0x9b, 0x12, 0xd8, 0x42, 0x17, 0x32, 0x3c, 0x97, 0xb1, 0xb7, 0x3a,
    0x37, 0xba, 0x32, 0xb9, 0xb9, 0x29, 0xc1, 0x2f, 0x00, 0x00, 0x00, 0x00, 0x79, 0x18, 0x00, 0x00,
    0x51, 0x00, 0x00, 0x00, 0x33, 0x08, 0x80, 0x1c, 0xc4, 0xe1, 0x1c, 0x66, 0x14, 0x01, 0x3d, 0x88,
    0x43, 0x38, 0x84, 0xc3, 0x8c, 0x42, 0x80, 0x07, 0x79, 0x78, 0x07, 0x73, 0x98, 0x71, 0x0c, 0xe6,
    0x00, 0x0f, 0xed, 0x10, 0x0e, 0xf4, 0x80, 0x0e, 0x33, 0x0c, 0x42, 0x1e, 0xc2, 0xc1, 0x1d, 0xce,
    0xa1, 0x1c, 0x66, 0x30, 0x05, 0x3d, 0x88, 0x43, 0x38, 0x84, 0x83, 0x1b, 0xcc, 0x03, 0x3d, 0xc8,
    0x43, 0x3d, 0x8c, 0x03, 0x3d, 0xcc, 0x78, 0x8c, 0x74, 0x70, 0x07, 0x7b, 0x08, 0x07, 0x79, 0x48,
    0x87, 0x70, 0x70, 0x07, 0x7a, 0x70, 0x03, 0x76, 0x78, 0x87, 0x70, 0x20, 0x87, 0x19, 0xcc, 0x11,
    0x0e, 0xec, 0x90, 0x0e, 0xe1, 0x30, 0x0f, 0x6e, 0x30, 0x0f, 0xe3, 0xf0, 0x0e, 0xf0, 0x50, 0x0e,
    0x33, 0x10, 0xc4, 0x1d, 0xde, 0x21, 0x1c, 0xd8, 0x21, 0x1d, 0xc2, 0x61, 0x1e, 0x66, 0x30, 0x89,
    0x3b, 0xbc, 0x83, 0x3b, 0xd0, 0x43, 0x39, 0xb4, 0x03, 0x3c, 0xbc, 0x83, 0x3c, 0x84, 0x03, 0x3b,
    0xcc, 0xf0, 0x14, 0x76, 0x60, 0x07, 0x7b, 0x68, 0x07, 0x37, 0x68, 0x87, 0x72, 0x68, 0x07, 0x37,
    0x80, 0x87, 0x70, 0x90, 0x87, 0x70, 0x60, 0x07, 0x76, 0x28, 0x07, 0x76, 0xf8, 0x05, 0x76, 0x78,
    0x87, 0x77, 0x80, 0x87, 0x5f, 0x08, 0x87, 0x71, 0x18, 0x87, 0x72, 0x98, 0x87, 0x79, 0x98, 0x81,
    0x2c, 0xee, 0xf0, 0x0e, 0xee, 0xe0, 0x0e, 0xf5, 0xc0, 0x0e, 0xec, 0x30, 0x03, 0x62, 0xc8, 0xa1,
    0x1c, 0xe4, 0xa1, 0x1c, 0xcc, 0xa1, 0x1c, 0xe4, 0xa1, 0x1c, 0xdc, 0x61, 0x1c, 0xca, 0x21, 0x1c,
    0xc4, 0x81, 0x1d, 0xca, 0x61, 0x06, 0xd6, 0x90, 0x43, 0x39, 0xc8, 0x43, 0x39, 0x98, 0x43, 0x39,
    0xc8, 0x43, 0x39, 0xb8, 0xc3, 0x38, 0x94, 0x43, 0x38, 0x88, 0x03, 0x3b, 0x94, 0xc3, 0x2f, 0xbc,
    0x83, 0x3c, 0xfc, 0x82, 0x3b, 0xd4, 0x03, 0x3b, 0xb0, 0xc3, 0x0c, 0xc4, 0x21, 0x07, 0x7c, 0x70,
    0x03, 0x7a, 0x28, 0x87, 0x76, 0x80, 0x87, 0x19, 0xd1, 0x43, 0x0e, 0xf8, 0xe0, 0x06, 0xe4, 0x20,
    0x0e, 0xe7, 0xe0, 0x06, 0xf6, 0x10, 0x0e, 0xf2, 0xc0, 0x0e, 0xe1, 0x90, 0x0f, 0xef, 0x50, 0x0f,
    0xf4, 0x30, 0x83, 0x81, 0xc8, 0x01, 0x1f, 0xdc, 0x40, 0x1c, 0xe4, 0xa1, 0x1c, 0xc2, 0x61, 0x1d,
    0xdc, 0x40, 0x1c, 0xe4, 0x01, 0x00, 0x00, 0x00, 0x71, 0x20, 0x00, 0x00, 0x25, 0x00, 0x00, 0x00,
    0x56, 0x00, 0x0d, 0x97, 0xef, 0x3c, 0x7e, 0x80, 0x34, 0x40, 0x84, 0xf9, 0xc5, 0x6d, 0x1b, 0xc2,
    0x36, 0x5c, 0xbe, 0xf3, 0xf8, 0x42, 0x40, 0x15, 0x05, 0x11, 0x95, 0x0e, 0x30, 0x94, 0x84, 0x01,
    0x08, 0x98, 0x5f, 0xdc, 0xb6, 0x25, 0x48, 0xc3, 0xe5, 0x3b, 0x8f, 0x2f, 0x44, 0x04, 0x30, 0x11,
    0x21, 0xd0, 0x0c, 0x0b, 0x61, 0x03, 0xcd, 0x70, 0xf9, 0xce, 0xe3, 0x0f, 0x88, 0x24, 0x00, 0xd1,
    0x60, 0x07, 0xce, 0x70, 0xf9, 0xce, 0xe3, 0x0f, 0xce, 0x74, 0xfb, 0xc5, 0x6d, 0x5b, 0xc0, 0x34,
    0x5c, 0xbe, 0xf3, 0xf8, 0x8b, 0x03, 0x0c, 0x62, 0xf3, 0x50, 0x93, 0x5f, 0xdc, 0xb6, 0x11, 0x40,
    0xc3, 0xe5, 0x3b, 0x8f, 0x2f, 0x01, 0xcc, 0xb3, 0x10, 0x7e, 0x71, 0xdb, 0x26, 0x50, 0x0d, 0x97,
    0xef, 0x3c, 0xbe, 0x34, 0x39, 0x11, 0x81, 0x52, 0xd3, 0x43, 0x4d, 0x7e, 0x71, 0xdb, 0x66, 0xf0,
    0x0c, 0x97, 0xef, 0x3c, 0x3e, 0xd5, 0x00, 0x11, 0xe6, 0x17, 0xb7, 0x6d, 0x00, 0x04, 0x03, 0x20,
    0x0d, 0x00, 0x00, 0x00, 0x00, 0x00, 0x00, 0x00, 0x48, 0x41, 0x53, 0x48, 0x14, 0x00, 0x00, 0x00,
    0x00, 0x00, 0x00, 0x00, 0x2e, 0x5a, 0xc0, 0xf3, 0xc1, 0xa7, 0x05, 0x99, 0x51, 0x4b, 0x45, 0x8f,
    0xce, 0x90, 0x20, 0x5f, 0x44, 0x58, 0x49, 0x4c, 0xf0, 0x09, 0x00, 0x00, 0x60, 0x00, 0x00, 0x00,
    0x7c, 0x02, 0x00, 0x00, 0x44, 0x58, 0x49, 0x4c, 0x00, 0x01, 0x00, 0x00, 0x10, 0x00, 0x00, 0x00,
    0xd8, 0x09, 0x00, 0x00, 0x42, 0x43, 0xc0, 0xde, 0x21, 0x0c, 0x00, 0x00, 0x73, 0x02, 0x00, 0x00,
    0x0b, 0x82, 0x20, 0x00, 0x02, 0x00, 0x00, 0x00, 0x13, 0x00, 0x00, 0x00, 0x07, 0x81, 0x23, 0x91,
    0x41, 0xc8, 0x04, 0x49, 0x06, 0x10, 0x32, 0x39, 0x92, 0x01, 0x84, 0x0c, 0x25, 0x05, 0x08, 0x19,
    0x1e, 0x04, 0x8b, 0x62, 0x80, 0x18, 0x45, 0x02, 0x42, 0x92, 0x0b, 0x42, 0xc4, 0x10, 0x32, 0x14,
    0x38, 0x08, 0x18, 0x4b, 0x0a, 0x32, 0x62, 0x88, 0x48, 0x90, 0x14, 0x20, 0x43, 0x46, 0x88, 0xa5,
    0x00, 0x19, 0x32, 0x42, 0xe4, 0x48, 0x0e, 0x90, 0x11, 0x23, 0xc4, 0x50, 0x41, 0x51, 0x81, 0x8c,
    0xe1, 0x83, 0xe5, 0x8a, 0x04, 0x31, 0x46, 0x06, 0x51, 0x18, 0x00, 0x00, 0x08, 0x00, 0x00, 0x00,
    0x1b, 0x8c, 0xe0, 0xff, 0xff, 0xff, 0xff, 0x07, 0x40, 0x02, 0xa8, 0x0d, 0x84, 0xf0, 0xff, 0xff,
    0xff, 0xff, 0x03, 0x20, 0x6d, 0x30, 0x86, 0xff, 0xff, 0xff, 0xff, 0x1f, 0x00, 0x09, 0xa8, 0x00,
    0x49, 0x18, 0x00, 0x00, 0x03, 0x00, 0x00, 0x00, 0x13, 0x82, 0x60, 0x42, 0x20, 0x4c, 0x08, 0x06,
    0x00, 0x00, 0x00, 0x00, 0x89, 0x20, 0x00, 0x00, 0x59, 0x00, 0x00, 0x00, 0x32, 0x22, 0x88, 0x09,
    0x20, 0x64, 0x85, 0x04, 0x13, 0x23, 0xa4, 0x84, 0x04, 0x13, 0x23, 0xe3, 0x84, 0xa1, 0x90, 0x14,
    0x12, 0x4c, 0x8c, 0x8c, 0x0b, 0x84, 0xc4, 0x4c, 0x10, 0xa4, 0xc1, 0x08, 0x40, 0x09, 0x00, 0x0a,
    0x66, 0x00, 0xe6, 0x08, 0xc0, 0x60, 0x8e, 0x00, 0x29, 0xc6, 0x40, 0x10, 0x44, 0x41, 0x90, 0x51,
    0x0c, 0x80, 0x20, 0x88, 0x62, 0x20, 0x64, 0x8e, 0x20, 0x28, 0x03, 0x40, 0x28, 0xb4, 0xdc, 0x34,
    0x5c, 0xfe, 0x84, 0x3d, 0x84, 0xe4, 0xaf, 0x84, 0xb4, 0x12, 0x93, 0x5f, 0xdc, 0x36, 0x2a, 0x86,
    0x61, 0x18, 0x08, 0x2a, 0xee, 0x19, 0x2e, 0x7f, 0xc2, 0x1e, 0x42, 0xf2, 0x43, 0xa0, 0x19, 0x16,
    0x02, 0x05, 0x4e, 0x61, 0x1a, 0xe2, 0x79, 0x86, 0x61, 0x18, 0x08, 0x82, 0x18, 0x08, 0x2a, 0xc4,
    0x40, 0x0c, 0x03, 0x49, 0x65, 0x18, 0x88, 0x81, 0xa8, 0x82, 0x0c, 0xc4, 0x30, 0x0c, 0xc3, 0x30,
    0x90, 0x75, 0xd4, 0x70, 0xf9, 0x13, 0xf6, 0x10, 0x92, 0xcf, 0x6d, 0x54, 0xb1, 0x12, 0x93, 0x5f,
    0xdc, 0x36, 0x22, 0x86, 0x61, 0x18, 0x0a, 0x81, 0x11, 0x0f, 0x41, 0x59, 0x31, 0x1e, 0xa2, 0x20,
    0x08, 0x85, 0xb6, 0x81, 0x80, 0x61, 0x04, 0x62, 0x98, 0xa9, 0x0d, 0xc6, 0x81, 0x1d, 0xc2, 0x61,
    0x1e, 0xe6, 0xc1, 0x0d, 0x68, 0xa1, 0x1c, 0xf0, 0x81, 0x1e, 0xea, 0x41, 0x1e, 0xca, 0x41, 0x0e,
    0x48, 0x81, 0x0f, 0xec, 0xa1, 0x1c, 0xc6, 0x81, 0x1e, 0xde, 0x41, 0x1e, 0xf8, 0xc0, 0x1c, 0xd8,
    0xe1, 0x1d, 0xc2, 0x81, 0x1e, 0xd8, 0x00, 0x0c, 0xe8, 0xc0, 0x0f, 0xc0, 0xc0, 0x0f, 0xf4, 0x40,
    0x0f, 0xda, 0x21, 0x1d, 0xe0, 0x61, 0x1e, 0x7e, 0x81, 0x1e, 0xf2, 0x01, 0x1e, 0xca, 0x01, 0x05,
    0xc4, 0x4c, 0x62, 0x30, 0x0e, 0xec, 0x10, 0x0e, 0xf3, 0x30, 0x0f, 0x6e, 0x40, 0x0b, 0xe5, 0x80,
    0x0f, 0xf4, 0x50, 0x0f, 0xf2, 0x50, 0x0e, 0x72, 0x40, 0x0a, 0x7c, 0x60, 0x0f, 0xe5, 0x30, 0x0e,
    0xf4, 0xf0, 0x0e, 0xf2, 0xc0, 0x07, 0xe6, 0xc0, 0x0e, 0xef, 0x10, 0x0e, 0xf4, 0xc0, 0x06, 0x60,
    0x40, 0x07, 0x7e, 0x00, 0x06, 0x7e, 0x80, 0x04, 0xef, 0x23, 0x70, 0x18, 0x41, 0x18, 0x4e, 0x62,
    0x05, 0xa2, 0x21, 0x52, 0xe4, 0x22, 0x16, 0xb7, 0x41, 0x0a, 0x27, 0x62, 0x24, 0x84, 0x0c, 0xc3,
    0x30, 0x78, 0xc3, 0x20, 0xd2, 0x78, 0x93, 0x34, 0x45, 0x94, 0x30, 0xf9, 0x2c, 0xc0, 0x3c, 0x0b,
    0x11, 0xb1, 0x13, 0x30, 0x11, 0x28, 0x20, 0xa8, 0xcc, 0x04, 0x62, 0x0a, 0x00, 0x00, 0x00, 0x00,
    0x13, 0x14, 0x72, 0xc0, 0x87, 0x74, 0x60, 0x87, 0x36, 0x68, 0x87, 0x79, 0x68, 0x03, 0x72, 0xc0,
    0x87, 0x0d, 0xaf, 0x50, 0x0e, 0x6d, 0xd0, 0x0e, 0x7a, 0x50, 0x0e, 0x6d, 0x00, 0x0f, 0x7a, 0x30,
    0x07, 0x72, 0xa0, 0x07, 0x73, 0x20, 0x07, 0x6d, 0x90, 0x0e, 0x71, 0xa0, 0x07, 0x73, 0x20, 0x07,
    0x6d, 0x90, 0x0e, 0x78, 0xa0, 0x07, 0x73, 0x20, 0x07, 0x6d, 0x90, 0x0e, 0x71, 0x60, 0x07, 0x7a,
    0x30, 0x07, 0x72, 0xd0, 0x06, 0xe9, 0x30, 0x07, 0x72, 0xa0, 0x07, 0x73, 0x20, 0x07, 0x6d, 0x90,
    0x0e, 0x76, 0x40, 0x07, 0x7a, 0x60, 0x07, 0x74, 0xd0, 0x06, 0xe6, 0x10, 0x07, 0x76, 0xa0, 0x07,
    0x73, 0x20, 0x07, 0x6d, 0x60, 0x0e, 0x73, 0x20, 0x07, 0x7a, 0x30, 0x07, 0x72, 0xd0, 0x06, 0xe6,
    0x60, 0x07, 0x74, 0xa0, 0x07, 0x76, 0x40, 0x07, 0x6d, 0xe0, 0x0e, 0x78, 0xa0, 0x07, 0x71, 0x60,
    0x07, 0x7a, 0x30, 0x07, 0x72, 0xa0, 0x07, 0x76, 0x40, 0x07, 0x43, 0x9e, 0x00, 0x00, 0x00, 0x00,
    0x00, 0x00, 0x00, 0x00, 0x00, 0x00, 0x00, 0x86, 0x3c, 0x06, 0x10, 0x00, 0x01, 0x00, 0x00, 0x00,
    0x00, 0x00, 0x00, 0x00, 0x0c, 0x79, 0x10, 0x20, 0x00, 0x04, 0x00, 0x00, 0x00, 0x00, 0x00, 0x00,
    0x00, 0x18, 0xf2, 0x2c, 0x40, 0x00, 0x08, 0x00, 0x00, 0x00, 0x00, 0x00, 0x00, 0x00, 0x30, 0xe4,
    0x81, 0x80, 0x00, 0x18, 0x00, 0x00, 0x00, 0x00, 0x00, 0x00, 0x00, 0x60, 0xc8, 0x23, 0x01, 0x01,
    0x10, 0x00, 0x00, 0x00, 0x00, 0x00, 0x00, 0x00, 0xc0, 0x90, 0x87, 0x02, 0x02, 0x20, 0x00, 0x00,
    0x00, 0x00, 0x00, 0x00, 0x00, 0x80, 0x21, 0x8f, 0x05, 0x04, 0x40, 0x00, 0x00, 0x00, 0x00, 0x00,
    0x00, 0x00, 0x00, 0x43, 0x9e, 0x0c, 0x08, 0x80, 0x01, 0x00, 0x00, 0x00, 0x00, 0x00, 0x00, 0x00,
    0x86, 0x3c, 0x1b, 0x10, 0x00, 0x03, 0x00, 0x00, 0x00, 0x00, 0x00, 0x00, 0x00, 0x64, 0x81, 0x00,
    0x10, 0x00, 0x00, 0x00, 0x32, 0x1e, 0x98, 0x14, 0x19, 0x11, 0x4c, 0x90, 0x8c, 0x09, 0x26, 0x47,
    0xc6, 0x04, 0x43, 0x22, 0x4a, 0x60, 0x04, 0xa0, 0x1c, 0x8a, 0xa1, 0x08, 0x4a, 0xa2, 0x0c, 0x0a,
    0xac, 0x3c, 0xa8, 0x28, 0x89, 0x32, 0x28, 0x84, 0x11, 0x80, 0x22, 0x28, 0x81, 0x02, 0xa1, 0x70,
    0x06, 0x80, 0xc8, 0x19, 0x00, 0x32, 0x67, 0x00, 0xe8, 0x1c, 0x2b, 0x39, 0x08, 0x00, 0x00, 0x80,
    0xe7, 0x39, 0x00, 0x00, 0x79, 0x18, 0x00, 0x00, 0x6a, 0x00, 0x00, 0x00, 0x1a, 0x03, 0x4c, 0x90,
    0x46, 0x02, 0x13, 0x44, 0x8f, 0x0c, 0x6f, 0xec, 0xed, 0x4d, 0x0c, 0x24, 0xc6, 0xe5, 0xc6, 0x45,
    0x66, 0x06, 0x06, 0xc7, 0x25, 0xc6, 0x06, 0x04, 0xa5, 0x46, 0x86, 0x2c, 0x2c, 0xe6, 0xa6, 0x4c,
    0x26, 0x27, 0x65, 0x43, 0x10, 0x4c, 0x10, 0x08, 0x65, 0x82, 0x40, 0x2c, 0x1b, 0x84, 0x81, 0x98,
    0x20, 0x10, 0xcc, 0x06, 0x61, 0x30, 0x28, 0xc0, 0xcd, 0x4d, 0x10, 0x88, 0x66, 0xc3, 0x80, 0x24,
    0xc4, 0x04, 0x21, 0x0c, 0x34, 0x02, 0x13, 0x04, 0xc2, 0x99, 0x20, 0x10, 0xcf, 0x06, 0x81, 0x70,
    0x36, 0x24, 0xc4, 0xc2, 0x34, 0xc4, 0xd0, 0x10, 0xcf, 0x86, 0x00, 0x9a, 0x20, 0x90, 0xc1, 0x36,
    0x41, 0x20, 0xa0, 0x09, 0x02, 0x11, 0x6d, 0x40, 0x08, 0x89, 0x99, 0x88, 0x81, 0x02, 0x36, 0x04,
    0xd5, 0x04, 0xc1, 0x0c, 0xb8, 0x0d, 0x08, 0x71, 0x31, 0x0d, 0x31, 0x10, 0xc0, 0x86, 0x00, 0xdb,
    0x40, 0x44, 0x80, 0x95, 0x4d, 0x10, 0xce, 0xa0, 0xdb, 0x10, 0x6c, 0x13, 0x04, 0x01, 0x20, 0xd1,
    0x16, 0x96, 0xe6, 0xc6, 0x65, 0xca, 0xea, 0x0b, 0xea, 0x6d, 0x2e, 0x8d, 0x2e, 0xed, 0xcd, 0x6d,
    0x82, 0x50, 0x4c, 0x13, 0x84, 0x82, 0xda, 0x10, 0x10, 0x13, 0x84, 0xa2, 0x9a, 0x20, 0x14, 0xd6,
    0x86, 0x85, 0xf8, 0xc0, 0x20, 0x0c, 0xc4, 0x60, 0x0c, 0x86, 0x31, 0x20, 0xc8, 0x00, 0x20, 0x42,
    0x55, 0x84, 0x35, 0xf4, 0xf4, 0x24, 0x45, 0x34, 0x41, 0x28, 0xae, 0x0d, 0xc2, 0x34, 0x6d, 0x58,
    0x06, 0x33, 0x00, 0x03, 0x32, 0x10, 0x83, 0x33, 0x18, 0xce, 0x60, 0x20, 0x03, 0x34, 0xd8, 0x10,
    0x0c, 0x13, 0x84, 0x02, 0xdb, 0x20, 0x4c, 0xc3, 0x86, 0xa5, 0x31, 0x03, 0x30, 0x20, 0x03, 0x35,
    0x38, 0x83, 0x61, 0x0d, 0x86, 0x33, 0x60, 0x83, 0x0d, 0x43, 0x19, 0xa4, 0x41, 0x1b, 0x30, 0x99,
    0xb2, 0xfa, 0xa2, 0x0a, 0x93, 0x3b, 0x2b, 0xa3, 0x9b, 0x20, 0x14, 0xd9, 0x04, 0x81, 0x90, 0x36,
    0x08, 0x53, 0x1c, 0x6c, 0x58, 0x88, 0x37, 0x00, 0x03, 0x38, 0x10, 0x03, 0x32, 0x18, 0xc6, 0x80,
    0x20, 0x03, 0x39, 0xd8, 0x10, 0xcc, 0xc1, 0x86, 0xc1, 0x0d, 0xe8, 0x00, 0xd8, 0x50, 0x74, 0x5e,
    0x1d, 0x68, 0x40, 0x15, 0x36, 0x36, 0xbb, 0x36, 0x97, 0x34, 0xb2, 0x32, 0x37, 0xba, 0x29, 0x41,
    0x50, 0x85, 0x0c, 0xcf, 0xc5, 0xae, 0x4c, 0x6e, 0x2e, 0xed, 0xcd, 0x6d, 0x4a, 0x40, 0x34, 0x21,
    0xc3, 0x73, 0xb1, 0x0b, 0x63, 0xb3, 0x2b, 0x93, 0x9b, 0x12, 0x18, 0x75, 0xc8, 0xf0, 0x5c, 0xe6,
    0xd0, 0xc2, 0xc8, 0xca, 0xe4, 0x9a, 0xde, 0xc8, 0xca, 0xd8, 0xa6, 0x04, 0x49, 0x19, 0x32, 0x3c,
    0x17, 0xb9, 0xb2, 0xb9, 0xb7, 0x3a, 0xb9, 0xb1, 0xb2, 0xb9, 0x29, 0x41, 0x56, 0x87, 0x0c, 0xcf,
    0xc5, 0x2e, 0xad, 0xec, 0x2e, 0x89, 0x6c, 0x8a, 0x2e, 0x8c, 0xae, 0x6c, 0x4a, 0xb0, 0xd5, 0x21,
    0xc3, 0x73, 0x29, 0x73, 0xa3, 0x93, 0xcb, 0x83, 0x7a, 0x4b, 0x73, 0xa3, 0x9b, 0x9b, 0x12, 0xd4,
    0x01, 0x00, 0x00, 0x00, 0x79, 0x18, 0x00, 0x00, 0x51, 0x00, 0x00, 0x00, 0x33, 0x08, 0x80, 0x1c,
    0xc4, 0xe1, 0x1c, 0x66, 0x14, 0x01, 0x3d, 0x88, 0x43, 0x38, 0x84, 0xc3, 0x8c, 0x42, 0x80, 0x07,
    0x79, 0x78, 0x07, 0x73, 0x98, 0x71, 0x0c, 0xe6, 0x00, 0x0f, 0xed, 0x10, 0x0e, 0xf4, 0x80, 0x0e,
    0x33, 0x0c, 0x42, 0x1e, 0xc2, 0xc1, 0x1d, 0xce, 0xa1, 0x1c, 0x66, 0x30, 0x05, 0x3d, 0x88, 0x43,
    0x38, 0x84, 0x83, 0x1b, 0xcc, 0x03, 0x3d, 0xc8, 0x43, 0x3d, 0x8c, 0x03, 0x3d, 0xcc, 0x78, 0x8c,
    0x74, 0x70, 0x07, 0x7b, 0x08, 0x07, 0x79, 0x48, 0x87, 0x70, 0x70, 0x07, 0x7a, 0x70, 0x03, 0x76,
    0x78, 0x87, 0x70, 0x20, 0x87, 0x19, 0xcc, 0x11, 0x0e, 0xec, 0x90, 0x0e, 0xe1, 0x30, 0x0f, 0x6e,
    0x30, 0x0f, 0xe3, 0xf0, 0x0e, 0xf0, 0x50, 0x0e, 0x33, 0x10, 0xc4, 0x1d, 0xde, 0x21, 0x1c, 0xd8,
    0x21, 0x1d, 0xc2, 0x61, 0x1e, 0x66, 0x30, 0x89, 0x3b, 0xbc, 0x83, 0x3b, 0xd0, 0x43, 0x39, 0xb4,
    0x03, 0x3c, 0xbc, 0x83, 0x3c, 0x84, 0x03, 0x3b, 0xcc, 0xf0, 0x14, 0x76, 0x60, 0x07, 0x7b, 0x68,
    0x07, 0x37, 0x68, 0x87, 0x72, 0x68, 0x07, 0x37, 0x80, 0x87, 0x70, 0x90, 0x87, 0x70, 0x60, 0x07,
    0x76, 0x28, 0x07, 0x76, 0xf8, 0x05, 0x76, 0x78, 0x87, 0x77, 0x80, 0x87, 0x5f, 0x08, 0x87, 0x71,
    0x18, 0x87, 0x72, 0x98, 0x87, 0x79, 0x98, 0x81, 0x2c, 0xee, 0xf0, 0x0e, 0xee, 0xe0, 0x0e, 0xf5,
    0xc0, 0x0e, 0xec, 0x30, 0x03, 0x62, 0xc8, 0xa1, 0x1c, 0xe4, 0xa1, 0x1c, 0xcc, 0xa1, 0x1c, 0xe4,
    0xa1, 0x1c, 0xdc, 0x61, 0x1c, 0xca, 0x21, 0x1c, 0xc4, 0x81, 0x1d, 0xca, 0x61, 0x06, 0xd6, 0x90,
    0x43, 0x39, 0xc8, 0x43, 0x39, 0x98, 0x43, 0x39, 0xc8, 0x43, 0x39, 0xb8, 0xc3, 0x38, 0x94, 0x43,
    0x38, 0x88, 0x03, 0x3b, 0x94, 0xc3, 0x2f, 0xbc, 0x83, 0x3c, 0xfc, 0x82, 0x3b, 0xd4, 0x03, 0x3b,
    0xb0, 0xc3, 0x0c, 0xc4, 0x21, 0x07, 0x7c, 0x70, 0x03, 0x7a, 0x28, 0x87, 0x76, 0x80, 0x87, 0x19,
    0xd1, 0x43, 0x0e, 0xf8, 0xe0, 0x06, 0xe4, 0x20, 0x0e, 0xe7, 0xe0, 0x06, 0xf6, 0x10, 0x0e, 0xf2,
    0xc0, 0x0e, 0xe1, 0x90, 0x0f, 0xef, 0x50, 0x0f, 0xf4, 0x30, 0x83, 0x81, 0xc8, 0x01, 0x1f, 0xdc,
    0x40, 0x1c, 0xe4, 0xa1, 0x1c, 0xc2, 0x61, 0x1d, 0xdc, 0x40, 0x1c, 0xe4, 0x01, 0x00, 0x00, 0x00,
    0x71, 0x20, 0x00, 0x00, 0x25, 0x00, 0x00, 0x00, 0x56, 0x00, 0x0d, 0x97, 0xef, 0x3c, 0x7e, 0x80,
    0x34, 0x40, 0x84, 0xf9, 0xc5, 0x6d, 0x1b, 0xc2, 0x36, 0x5c, 0xbe, 0xf3, 0xf8, 0x42, 0x40, 0x15,
    0x05, 0x11, 0x95, 0x0e, 0x30, 0x94, 0x84, 0x01, 0x08, 0x98, 0x5f, 0xdc, 0xb6, 0x25, 0x48, 0xc3,
    0xe5, 0x3b, 0x8f, 0x2f, 0x44, 0x04, 0x30, 0x11, 0x21, 0xd0, 0x0c, 0x0b, 0x61, 0x03, 0xcd, 0x70,
    0xf9, 0xce, 0xe3, 0x0f, 0x88, 0x24, 0x00, 0xd1, 0x60, 0x07, 0xce, 0x70, 0xf9, 0xce, 0xe3, 0x0f,
    0xce, 0x74, 0xfb, 0xc5, 0x6d, 0x5b, 0xc0, 0x34, 0x5c, 0xbe, 0xf3, 0xf8, 0x8b, 0x03, 0x0c, 0x62,
    0xf3, 0x50, 0x93, 0x5f, 0xdc, 0xb6, 0x11, 0x40, 0xc3, 0xe5, 0x3b, 0x8f, 0x2f, 0x01, 0xcc, 0xb3,
    0x10, 0x7e, 0x71, 0xdb, 0x26, 0x50, 0x0d, 0x97, 0xef, 0x3c, 0xbe, 0x34, 0x39, 0x11, 0x81, 0x52,
    0xd3, 0x43, 0x4d, 0x7e, 0x71, 0xdb, 0x66, 0xf0, 0x0c, 0x97, 0xef, 0x3c, 0x3e, 0xd5, 0x00, 0x11,
    0xe6, 0x17, 0xb7, 0x6d, 0x00, 0x04, 0x03, 0x20, 0x0d, 0x00, 0x00, 0x00, 0x61, 0x20, 0x00, 0x00,
    0xb5, 0x00, 0x00, 0x00, 0x13, 0x04, 0x43, 0x2c, 0x10, 0x00, 0x00, 0x00, 0x15, 0x00, 0x00, 0x00,
    0xa4, 0xd4, 0xc0, 0x08, 0x00, 0x11, 0xe5, 0x56, 0xa4, 0x01, 0x85, 0x57, 0x2e, 0x65, 0x57, 0x08,
    0x25, 0x57, 0x0a, 0x33, 0x00, 0x65, 0x54, 0x2a, 0x34, 0x8c, 0x11, 0x80, 0x20, 0x08, 0xc2, 0xbf,
    0x30, 0x46, 0x80, 0xb3, 0xf7, 0x99, 0x7b, 0x63, 0x04, 0xb9, 0x5e, 0xba, 0xf3, 0x37, 0x46, 0x00,
    0xfb, 0xec, 0x5c, 0x7e, 0x63, 0x04, 0x7b, 0xac, 0xc6, 0xfb, 0x2f, 0x8c, 0x00, 0x8c, 0x11, 0x80,
    0x20, 0x08, 0xe2, 0xdf, 0x18, 0x01, 0xdb, 0xc6, 0xaf, 0xbc, 0xcd, 0x00, 0x8c, 0x11, 0x80, 0x20,
    0x08, 0xc2, 0x1f, 0x00, 0x23, 0x06, 0x09, 0x00, 0x82, 0x60, 0xb0, 0xb1, 0xc1, 0xf3, 0xa9, 0x81,
    0x1a, 0x58, 0x23, 0x06, 0x09, 0x00, 0x82, 0x60, 0xb0, 0xb5, 0x01, 0x24, 0x06, 0x6b, 0xb0, 0x06,
    0xd7, 0x88, 0x41, 0x02, 0x80, 0x20, 0x18, 0x6c, 0x6e, 0x10, 0x81, 0x01, 0x1b, 0xb0, 0x01, 0x36,
    0x62, 0x90, 0x00, 0x20, 0x08, 0x06, 0xc6, 0x1d, 0x4c, 0x6a, 0xd0, 0x06, 0x62, 0x00, 0x8d, 0x18,
    0x24, 0x00, 0x08, 0x82, 0x81, 0x81, 0x07, 0xd4, 0x1b, 0xb8, 0xc1, 0x18, 0x44, 0x23, 0x06, 0x09,
    0x00, 0x82, 0x60, 0x60, 0xe4, 0x41, 0x05, 0x07, 0x6f, 0x20, 0x06, 0xd2, 0x88, 0xc1, 0x03, 0x80,
    0x20, 0x18, 0x40, 0x77, 0x90, 0x19, 0x85, 0x10, 0x20, 0x08, 0x1c, 0xc0, 0xc1, 0x84, 0x8c, 0x26,
    0x04, 0xc0, 0x68, 0x82, 0x10, 0x8c, 0x26, 0x0c, 0xc2, 0x68, 0x02, 0x31, 0x0c, 0x47, 0x04, 0x0c,
    0xf1, 0xcd, 0x32, 0x04, 0x42, 0x30, 0x62, 0x60, 0x00, 0x20, 0x08, 0x06, 0x8b, 0x1f, 0x80, 0xc1,
    0x18, 0xcc, 0x12, 0x08, 0x23, 0x06, 0x07, 0x00, 0x82, 0x60, 0x90, 0xe5, 0x41, 0xa7, 0xd8, 0xc1,
    0x68, 0x42, 0x10, 0x98, 0x14, 0xd0, 0x67, 0xc4, 0xe0, 0x00, 0x40, 0x10, 0x0c, 0xa4, 0x3f, 0xd8,
    0x10, 0x69, 0xc4, 0xe0, 0x00, 0x40, 0x10, 0x0c, 0x24, 0x50, 0xe0, 0x90, 0x69, 0xc4, 0xe0, 0x00,
    0x40, 0x10, 0x0c, 0xa4, 0x50, 0xe8, 0x10, 0x6a, 0xc4, 0xc0, 0x00, 0x40, 0x10, 0x0c, 0xa8, 0x50,
    0x20, 0x83, 0x61, 0xc4, 0xc0, 0x00, 0x40, 0x10, 0x0c, 0x28, 0x51, 0x28, 0x83, 0x61, 0xc4, 0xc0,
    0x00, 0x40, 0x10, 0x0c, 0xa8, 0x51, 0x30, 0x83, 0xc1, 0x86, 0x43, 0x3e, 0x36, 0x20, 0xf2, 0xb1,
    0x21, 0x91, 0xcf, 0x88, 0x81, 0x01, 0x80, 0x20, 0x18, 0x50, 0xa7, 0x30, 0x06, 0xc3, 0x88, 0x81,
    0x01, 0x80, 0x20, 0x18, 0x50, 0xa8, 0x40, 0x06, 0xc3, 0x88, 0x81, 0x01, 0x80, 0x20, 0x18, 0x50,
    0xa9, 0x50, 0x06, 0xc3, 0x68, 0xc2, 0x23, 0x58, 0x16, 0xc4, 0x67, 0xc4, 0xe0, 0x00, 0x40, 0x10,
    0x0c, 0xa4, 0x56, 0x48, 0x03, 0x31, 0x08, 0x46, 0x13, 0x24, 0xc0, 0x04, 0x41, 0x3e, 0x16, 0x98,
    0x81, 0x7c, 0x6c, 0x18, 0xe4, 0x63, 0x81, 0x20, 0x9f, 0x11, 0x03, 0x03, 0x00, 0x41, 0x30, 0xa0,
    0x64, 0xc1, 0x0d, 0x02, 0x43, 0x83, 0x20, 0x3e, 0x23, 0x06, 0x06, 0x00, 0x82, 0x60, 0x40, 0xd1,
    0x82, 0x2b, 0x04, 0x23, 0x06, 0x07, 0x00, 0x82, 0x60, 0x90, 0xcd, 0xc2, 0x1d, 0x90, 0x41, 0x2c,
    0x8c, 0x26, 0x04, 0xc0, 0x68, 0x82, 0x10, 0x8c, 0x26, 0x0c, 0x82, 0x0d, 0x52, 0x7c, 0x6c, 0x90,
    0xe2, 0x63, 0x83, 0x14, 0x1f, 0x1b, 0x10, 0xf9, 0xd8, 0x90, 0xc8, 0xc7, 0x06, 0x45, 0x3e, 0x36,
    0x60, 0xf0, 0xb1, 0x01, 0x83, 0x8f, 0x0d, 0x18, 0x7c, 0x46, 0x0c, 0x16, 0x00, 0x04, 0xc1, 0xc0,
    0x0a, 0x07, 0x54, 0x18, 0x84, 0x40, 0x0f, 0xf6, 0x80, 0x0f, 0x46, 0x13, 0xd0, 0x60, 0xb0, 0x42,
    0x88, 0x8f, 0x15, 0x43, 0x7c, 0xac, 0x20, 0xe2, 0x63, 0x03, 0x21, 0x1f, 0x1b, 0x0a, 0xf9, 0xd8,
    0x60, 0xc8, 0xc7, 0x90, 0x52, 0x80, 0x8f, 0x05, 0x04, 0x7c, 0x4c, 0x20, 0xe0, 0x63, 0x03, 0x01,
    0x9f, 0x11, 0x83, 0x03, 0x00, 0x41, 0x30, 0xc8, 0xd8, 0x01, 0x16, 0xfa, 0xc0, 0x1c, 0x46, 0x13,
    0x02, 0xc0, 0x8a, 0x40, 0x3e, 0x56, 0x08, 0xf2, 0xb1, 0x62, 0x90, 0x8f, 0x0d, 0xa5, 0x00, 0x1f,
    0x1b, 0x4c, 0x01, 0x3e, 0x36, 0x9c, 0x02, 0x7c, 0x46, 0x0c, 0x0c, 0x00, 0x04, 0xc1, 0x80, 0xb2,
    0x07, 0x78, 0x18, 0x46, 0x0c, 0x0c, 0x00, 0x04, 0xc1, 0x80, 0xba, 0x87, 0x78, 0x18, 0x46, 0x0c,
    0x0c, 0x00, 0x04, 0xc1, 0x80, 0xc2, 0x07, 0x79, 0x18, 0x46, 0x13, 0x96, 0xc0, 0x02, 0x02, 0x3e,
    0x26, 0x10, 0xf0, 0xb1, 0x81, 0x80, 0xcf, 0x88, 0x81, 0x01, 0x80, 0x20, 0x18, 0x50, 0xfd, 0x70,
    0x0f, 0xc3, 0x88, 0x81, 0x01, 0x80, 0x20, 0x18, 0x50, 0xfe, 0x80, 0x0f, 0xc3, 0x88, 0x81, 0x01,
    0x80, 0x20, 0x18, 0x50, 0xff, 0x90, 0x0f, 0xc3, 0x88, 0x41, 0x02, 0x80, 0x20, 0x18, 0x20, 0x24,
    0xf1, 0x0b, 0xfb, 0xb0, 0x0f, 0xf0, 0x30, 0x8c, 0x18, 0x24, 0x00, 0x08, 0x82, 0x01, 0x42, 0x12,
    0xbf, 0xb0, 0x0f, 0xfb, 0xe0, 0x0e, 0xc2, 0x88, 0x41, 0x02, 0x80, 0x20, 0x18, 0x20, 0x24, 0xf1,
    0x0b, 0xfb, 0xb0, 0x0f, 0xef, 0x10, 0x8c, 0x18, 0x24, 0x00, 0x08, 0x82, 0x01, 0x42, 0x12, 0xbf,
    0xb0, 0x0f, 0xfb, 0x20, 0x0f, 0xa7, 0x80, 0x00, 0x00, 0x00, 0x00, 0x00
};
static const unsigned int game_scene_pixel_dxil_size = 5340;

static const unsigned char game_scene_pixel_blend_dxil[] = {
    0x44, 0x58, 0x42, 0x43, 0xfd, 0x51, 0x52, 0x0b, 0x0b, 0x12, 0x70, 0xa5, 0xd1, 0xcb, 0x06, 0xdd,
    0xb5, 0xe9, 0x1b, 0x29, 0x01, 0x00, 0x00, 0x00, 0x4c, 0x14, 0x00, 0x00, 0x07, 0x00, 0x00, 0x00,
    0x3c, 0x00, 0x00, 0x00, 0x4c, 0x00, 0x00, 0x00, 0xd4, 0x00, 0x00, 0x00, 0x10, 0x01, 0x00, 0x00,
    0x24, 0x02, 0x00, 0x00, 0x88, 0x0a, 0x00, 0x00, 0xa4, 0x0a, 0x00, 0x00, 0x53, 0x46, 0x49, 0x30,
    0x08, 0x00, 0x00, 0x00, 0x00, 0x00, 0x00, 0x00, 0x00, 0x00, 0x00, 0x00, 0x49, 0x53, 0x47, 0x31,
    0x80, 0x00, 0x00, 0x00, 0x03, 0x00, 0x00, 0x00, 0x08, 0x00, 0x00, 0x00, 0x00, 0x00, 0x00, 0x00,
    0x68, 0x00, 0x00, 0x00, 0x00, 0x00, 0x00, 0x00, 0x01, 0x00, 0x00, 0x00, 0x03, 0x00, 0x00, 0x00,
    0x00, 0x00, 0x00, 0x00, 0x0f, 0x00, 0x00, 0x00, 0x00, 0x00, 0x00, 0x00, 0x00, 0x00, 0x00, 0x00,
    0x74, 0x00, 0x00, 0x00, 0x00, 0x00, 0x00, 0x00, 0x00, 0x00, 0x00, 0x00, 0x03, 0x00, 0x00, 0x00,
    0x01, 0x00, 0x00, 0x00, 0x03, 0x03, 0x00, 0x00, 0x00, 0x00, 0x00, 0x00, 0x00, 0x00, 0x00, 0x00,
    0x74, 0x00, 0x00, 0x00, 0x01, 0x00, 0x00, 0x00, 0x00, 0x00, 0x00, 0x00, 0x03, 0x00, 0x00, 0x00,
    0x01, 0x00, 0x00, 0x00, 0x04, 0x04, 0x00, 0x00, 0x00, 0x00, 0x00, 0x00, 0x53, 0x56, 0x5f, 0x50,
    0x6f, 0x73, 0x69, 0x74, 0x69, 0x6f, 0x6e, 0x00, 0x54, 0x45, 0x58, 0x43, 0x4f, 0x4f, 0x52, 0x44,
    0x00, 0x00, 0x00, 0x00, 0x4f, 0x53, 0x47, 0x31, 0x34, 0x00, 0x00, 0x00, 0x01, 0x00, 0x00, 0x00,
    0x08, 0x00, 0x00, 0x00, 0x00, 0x00, 0x00, 0x00, 0x28, 0x00, 0x00, 0x00, 0x00, 0x00, 0x00, 0x00,
    0x40, 0x00, 0x00, 0x00, 0x03, 0x00, 0x00, 0x00, 0x00, 0x00, 0x00, 0x00, 0x0f, 0x00, 0x00, 0x00,
    0x00, 0x00, 0x00, 0x00, 0x53, 0x56, 0x5f, 0x54, 0x61, 0x72, 0x67, 0x65, 0x74, 0x00, 0x00, 0x00,
    0x50, 0x53, 0x56, 0x30, 0x0c, 0x01, 0x00, 0x00, 0x30, 0x00, 0x00, 0x00, 0x00, 0x00, 0x00, 0x00,
    0x00, 0x00, 0x00, 0x00, 0x00, 0x00, 0x00, 0x00, 0x00, 0x00, 0x00, 0x00, 0x00, 0x00, 0x00, 0x00,
    0xff, 0xff, 0xff, 0xff, 0x00, 0x00, 0x00, 0x00, 0x03, 0x01, 0x00, 0x02, 0x01, 0x00, 0x00, 0x00,
    0x00, 0x00, 0x00, 0x00, 0x00, 0x00, 0x00, 0x00, 0x00, 0x00, 0x00, 0x00, 0x03, 0x00, 0x00, 0x00,
    0x18, 0x00, 0x00, 0x00, 0x02, 0x00, 0x00, 0x00, 0x03, 0x00, 0x00, 0x00, 0x00, 0x00, 0x00, 0x00,
    0x00, 0x00, 0x00, 0x00, 0x0d, 0x00, 0x00, 0x00, 0x00, 0x00, 0x00, 0x00, 0x01, 0x00, 0x00, 0x00,
    0x02, 0x00, 0x00, 0x00, 0x00, 0x00, 0x00, 0x00, 0x00, 0x00, 0x00, 0x00, 0x0e, 0x00, 0x00, 0x00,
    0x00, 0x00, 0x00, 0x00, 0x03, 0x00, 0x00, 0x00, 0x02, 0x00, 0x00, 0x00, 0x00, 0x00, 0x00, 0x00,
    0x00, 0x00, 0x00, 0x00, 0x02, 0x00, 0x00, 0x00, 0x00, 0x00, 0x00, 0x00, 0x14, 0x00, 0x00, 0x00,
    0x00, 0x54, 0x45, 0x58, 0x43, 0x4f, 0x4f, 0x52, 0x44, 0x00, 0x54, 0x45, 0x58, 0x43, 0x4f, 0x4f,
    0x52, 0x44, 0x00, 0x00, 0x02, 0x00, 0x00, 0x00, 0x00, 0x00, 0x00, 0x00, 0x01, 0x00, 0x00, 0x00,
    0x10, 0x00, 0x00, 0x00, 0x00, 0x00, 0x00, 0x00, 0x00, 0x00, 0x00, 0x00, 0x01, 0x00, 0x44, 0x03,
    0x03, 0x04, 0x00, 0x00, 0x01, 0x00, 0x00, 0x00, 0x00, 0x00, 0x00, 0x00, 0x01, 0x01, 0x42, 0x00,
    0x03, 0x02, 0x00, 0x00, 0x0a, 0x00, 0x00, 0x00, 0x01, 0x00, 0x00, 0x00, 0x01, 0x01, 0x61, 0x00,
    0x03, 0x02, 0x00, 0x00, 0x00, 0x00, 0x00, 0x00, 0x00, 0x00, 0x00, 0x00, 0x01, 0x00, 0x44, 0x10,
    0x03, 0x00, 0x00, 0x00, 0x00, 0x00, 0x00, 0x00, 0x00, 0x00, 0x00, 0x00, 0x00, 0x00, 0x00, 0x00,
    0x00, 0x00, 0x00, 0x00, 0x0f, 0x00, 0x00, 0x00, 0x0f, 0x00, 0x00, 0x00, 0x07, 0x00, 0x00, 0x00,
    0x00, 0x00, 0x00, 0x00, 0x53, 0x54, 0x41, 0x54, 0x5c, 0x08, 0x00, 0x00, 0x60, 0x00, 0x00, 0x00,
    0x17, 0x02, 0x00, 0x00, 0x44, 0x58, 0x49, 0x4c, 0x00, 0x01, 0x00, 0x00, 0x10, 0x00, 0x00, 0x00,
    0x44, 0x08, 0x00, 0x00, 0x42, 0x43, 0xc0, 0xde, 0x21, 0x0c, 0x00, 0x00, 0x0e, 0x02, 0x00, 0x00,
    0x0b, 0x82, 0x20, 0x00, 0x02, 0x00, 0x00, 0x00, 0x13, 0x00, 0x00, 0x00, 0x07, 0x81, 0x23, 0x91,
    0x41, 0xc8, 0x04, 0x49, 0x06, 0x10, 0x32, 0x39, 0x92, 0x01, 0x84, 0x0c, 0x25, 0x05, 0x08, 0x19,
    0x1e, 0x04, 0x8b, 0x62, 0x80, 0x18, 0x45, 0x02, 0x42, 0x92, 0x0b, 0x42, 0xc4, 0x10, 0x32, 0x14,
    0x38, 0x08, 0x18, 0x4b, 0x0a, 0x32, 0x62, 0x88, 0x48, 0x90, 0x14, 0x20, 0x43, 0x46, 0x88, 0xa5,
    0x00, 0x19, 0x32, 0x42, 0xe4, 0x48, 0x0e, 0x90, 0x11, 0x23, 0xc4, 0x50, 0x41, 0x51, 0x81, 0x8c,
    0xe1, 0x83, 0xe5, 0x8a, 0x04, 0x31, 0x46, 0x06, 0x51, 0x18, 0x00, 0x00, 0x08, 0x00, 0x00, 0x00,
    0x1b, 0x8c, 0xe0, 0xff, 0xff, 0xff, 0xff, 0x07, 0x40, 0x02, 0xa8, 0x0d, 0x84, 0xf0, 0xff, 0xff,
    0xff, 0xff, 0x03, 0x20, 0x6d, 0x30, 0x86, 0xff, 0xff, 0xff, 0xff, 0x1f, 0x00, 0x09, 0xa8, 0x00,
    0x49, 0x18, 0x00, 0x00, 0x03, 0x00, 0x00, 0x00, 0x13, 0x82, 0x60, 0x42, 0x20, 0x4c, 0x08, 0x06,
    0x00, 0x00, 0x00, 0x00, 0x89, 0x20, 0x00, 0x00, 0x57, 0x00, 0x00, 0x00, 0x32, 0x22, 0x88, 0x09,
    0x20, 0x64, 0x85, 0x04, 0x13, 0x23, 0xa4, 0x84, 0x04, 0x13, 0x23, 0xe3, 0x84, 0xa1, 0x90, 0x14,
    0x12, 0x4c, 0x8c, 0x8c, 0x0b, 0x84, 0xc4, 0x4c, 0x10, 0x98, 0xc1, 0x08, 0x40, 0x09, 0x00, 0x0a,
    0x66, 0x00, 0xe6, 0x08, 0xc0, 0x60, 0x8e, 0x00, 0x29, 0xc6, 0x40, 0x10, 0x44, 0x41, 0x90, 0x51,
    0x0c, 0x80, 0x20, 0x88, 0x62, 0x20, 0xe4, 0xa6, 0xe1, 0xf2, 0x27, 0xec, 0x21, 0x24, 0x7f, 0x25,
    0xa4, 0x95, 0x98, 0xfc, 0xe2, 0xb6, 0x51, 0x31, 0x0c, 0xc3, 0x40, 0x50, 0x71, 0xcf, 0x70, 0xf9,
    0x13, 0xf6, 0x10, 0x92, 0x1f, 0x02, 0xcd, 0xb0, 0x10, 0x28, 0x58, 0x0a, 0xa3, 0x10, 0x0c, 0x33,
    0x0c, 0xc3, 0x40, 0x10, 0xc4, 0x40, 0x4d, 0x21, 0x06, 0x62, 0x18, 0xe8, 0x29, 0xc3, 0x40, 0x0c,
    0x14, 0x15, 0x64, 0x20, 0x86, 0x61, 0x18, 0x86, 0x81, 0xa6, 0xa3, 0x86, 0xcb, 0x9f, 0xb0, 0x87,
    0x90, 0x7c, 0x6e, 0xa3, 0x8a, 0x95, 0x98, 0xfc, 0xe2, 0xb6, 0x11, 0x31, 0x0c, 0xc3, 0x50, 0x88,
    0x8a, 0x60, 0x08, 0xb2, 0xe6, 0x08, 0x82, 0x62, 0x30, 0x44, 0x41, 0x10, 0x18, 0x65, 0x03, 0x01,
    0xc3, 0x08, 0xc4, 0x30, 0x53, 0x1b, 0x8c, 0x03, 0x3b, 0x84, 0xc3, 0x3c, 0xcc, 0x83, 0x1b, 0xd0,
    0x42, 0x39, 0xe0, 0x03, 0x3d, 0xd4, 0x83, 0x3c, 0x94, 0x83, 0x1c, 0x90, 0x02, 0x1f, 0xd8, 0x43,
    0x39, 0x8c, 0x03, 0x3d, 0xbc, 0x83, 0x3c, 0xf0, 0x81, 0x39, 0xb0, 0xc3, 0x3b, 0x84, 0x03, 0x3d,
    0xb0, 0x01, 0x18, 0xd0, 0x81, 0x1f, 0x80, 0x81, 0x1f, 0xe8, 0x81, 0x1e, 0xb4, 0x43, 0x3a, 0xc0,
    0xc3, 0x3c, 0xfc, 0x02, 0x3d, 0xe4, 0x03, 0x3c, 0x94, 0x03, 0x0a, 0x88, 0x99, 0xc4, 0x60, 0x1c,
    0xd8, 0x21, 0x1c, 0xe6, 0x61, 0x1e, 0xdc, 0x80, 0x16, 0xca, 0x01, 0x1f, 0xe8, 0xa1, 0x1e, 0xe4,
    0xa1, 0x1c, 0xe4, 0x80, 0x14, 0xf8, 0xc0, 0x1e, 0xca, 0x61, 0x1c, 0xe8, 0xe1, 0x1d, 0xe4, 0x81,
    0x0f, 0xcc, 0x81, 0x1d, 0xde, 0x21, 0x1c, 0xe8, 0x81, 0x0d, 0xc0, 0x80, 0x0e, 0xfc, 0x00, 0x0c,
    0xfc, 0x00, 0x09, 0x5c, 0x47, 0xde, 0x30, 0x82, 0x30, 0x9c, 0xc4, 0x0a, 0x44, 0x43, 0xa4, 0xc8,
    0x45, 0x2c, 0x6e, 0x83, 0x14, 0x4e, 0xc4, 0x48, 0x08, 0x19, 0x86, 0x61, 0xe0, 0x86, 0x01, 0xa4,
    0xf0, 0x26, 0x69, 0x8a, 0x28, 0x61, 0xf2, 0x59, 0x80, 0x79, 0x16, 0x22, 0x62, 0x27, 0x60, 0x22,
    0x50, 0x40, 0xd0, 0x98, 0x09, 0x04, 0x00, 0x00, 0x13, 0x14, 0x72, 0xc0, 0x87, 0x74, 0x60, 0x87,
    0x36, 0x68, 0x87, 0x79, 0x68, 0x03, 0x72, 0xc0, 0x87, 0x0d, 0xaf, 0x50, 0x0e, 0x6d, 0xd0, 0x0e,
    0x7a, 0x50, 0x0e, 0x6d, 0x00, 0x0f, 0x7a, 0x30, 0x07, 0x72, 0xa0, 0x07, 0x73, 0x20, 0x07, 0x6d,
    0x90, 0x0e, 0x71, 0xa0, 0x07, 0x73, 0x20, 0x07, 0x6d, 0x90, 0x0e, 0x78, 0xa0, 0x07, 0x73, 0x20,
    0x07, 0x6d, 0x90, 0x0e, 0x71, 0x60, 0x07, 0x7a, 0x30, 0x07, 0x72, 0xd0, 0x06, 0xe9, 0x30, 0x07,
    0x72, 0xa0, 0x07, 0x73, 0x20, 0x07, 0x6d, 0x90, 0x0e, 0x76, 0x40, 0x07, 0x7a, 0x60, 0x07, 0x74,
    0xd0, 0x06, 0xe6, 0x10, 0x07, 0x76, 0xa0, 0x07, 0x73, 0x20, 0x07, 0x6d, 0x60, 0x0e, 0x73, 0x20,
    0x07, 0x7a, 0x30, 0x07, 0x72, 0xd0, 0x06, 0xe6, 0x60, 0x07, 0x74, 0xa0, 0x07, 0x76, 0x40, 0x07,
    0x6d, 0xe0, 0x0e, 0x78, 0xa0, 0x07, 0x71, 0x60, 0x07, 0x7a, 0x30, 0x07, 0x72, 0xa0, 0x07, 0x76,
    0x40, 0x07, 0x43, 0x9e, 0x00, 0x08, 0x00, 0x00, 0x00, 0x00, 0x00, 0x00, 0x00, 0x00, 0x00, 0x86,
    0x3c, 0x06, 0x10, 0x00, 0x01, 0x00, 0x00, 0x00, 0x00, 0x00, 0x00, 0x00, 0x0c, 0x79, 0x10, 0x20,
    0x00, 0x04, 0x00, 0x00, 0x00, 0x00, 0x00, 0x00, 0x00, 0x18, 0xf2, 0x34, 0x40, 0x00, 0x0c, 0x00,
    0x00, 0x00, 0x00, 0x00, 0x00, 0x00, 0x30, 0xe4, 0x79, 0x80, 0x00, 0x08, 0x00, 0x00, 0x00, 0x00,
    0x00, 0x00, 0x00, 0x60, 0xc8, 0x13, 0x01, 0x01, 0x10, 0x00, 0x00, 0x00, 0x00, 0x00, 0x00, 0x00,
    0xc0, 0x90, 0x67, 0x02, 0x02, 0x20, 0x00, 0x00, 0x00, 0x00, 0x00, 0x00, 0x00, 0x80, 0x21, 0x8f,
    0x05, 0x04, 0xc0, 0x00, 0x00, 0x00, 0x00, 0x00, 0x00, 0x00, 0x00, 0x43, 0x9e, 0x0c, 0x08, 0x80,
    0x01, 0x00, 0x00, 0x00, 0x00, 0x00, 0x00, 0x00, 0xb2, 0x40, 0x00, 0x00, 0x15, 0x00, 0x00, 0x00,
    0x32, 0x1e, 0x98, 0x18, 0x19, 0x11, 0x4c, 0x90, 0x8c, 0x09, 0x26, 0x47, 0xc6, 0x04, 0x43, 0x22,
    0x4a, 0x60, 0x04, 0xa0, 0x18, 0x8a, 0xa0, 0x24, 0xca, 0xa0, 0xc0, 0xca, 0xa1, 0x10, 0x0a, 0xa2,
    0x30, 0x0a, 0xa4, 0x80, 0x0a, 0xa9, 0xa0, 0xca, 0xa3, 0xe4, 0x4a, 0x35, 0x80, 0x8a, 0x92, 0x28,
    0x83, 0x42, 0x18, 0x01, 0x28, 0x82, 0x12, 0x28, 0x10, 0xc2, 0x6a, 0x80, 0xbe, 0x19, 0x00, 0x0a,
    0x67, 0x00, 0x48, 0x9c, 0x01, 0x20, 0x72, 0x06, 0x80, 0xca, 0xb1, 0x92, 0x83, 0x00, 0x00, 0x00,
    0x78, 0x9e, 0x03, 0x00, 0x79, 0x18, 0x00, 0x00, 0xc4, 0x00, 0x00, 0x00, 0x1a, 0x03, 0x4c, 0x90,
    0x46, 0x02, 0x13, 0x44, 0x8f, 0x0c, 0x6f, 0xec, 0xed, 0x4d, 0x0c, 0x24, 0xc6, 0xe5, 0xc6, 0x45,
    0x66, 0x06, 0x06, 0xc7, 0x25, 0xc6, 0x06, 0x04, 0xa5, 0x46, 0x86, 0x2c, 0x2c, 0xe6, 0xa6, 0x4c,
    0x26, 0x27, 0x65, 0x43, 0x10, 0x4c, 0x10, 0x88, 0x64, 0x82, 0x40, 0x28, 0x1b, 0x84, 0x81, 0xd8,
    0x20, 0x10, 0x04, 0x05, 0xb8, 0xb9, 0x09, 0x02, 0xb1, 0x6c, 0x18, 0x0e, 0x84, 0x98, 0x20, 0x7c,
    0x63, 0x40, 0x66, 0x6e, 0xac, 0xcc, 0xad, 0x8c, 0xaa, 0x0c, 0x8f, 0xae, 0x4e, 0xae, 0x6c, 0x82,
    0x40, 0x30, 0x13, 0x04, 0xa2, 0xd9, 0x20, 0x10, 0xcd, 0x86, 0x84, 0x50, 0x16, 0x86, 0x18, 0x18,
    0xc2, 0xd9, 0x10, 0x3c, 0x13, 0x04, 0x31, 0x28, 0x03, 0x4a, 0x53, 0x63, 0x65, 0x6e, 0x65, 0x50,
    0x69, 0x78, 0x65, 0x6c, 0x55, 0x6e, 0x69, 0x66, 0x6f, 0x72, 0x6d, 0x73, 0x13, 0x04, 0xc2, 0x99,
    0x20, 0x10, 0xcf, 0x06, 0x84, 0x88, 0xa4, 0x89, 0x18, 0x28, 0x60, 0x43, 0x50, 0x4d, 0x10, 0xc8,
    0xc0, 0x0c, 0xc8, 0xcc, 0x8d, 0x95, 0xb9, 0x95, 0x4d, 0x85, 0xb5, 0xc1, 0xb1, 0x95, 0xc9, 0x6d,
    0x40, 0x88, 0x0b, 0x63, 0x88, 0x81, 0x00, 0x36, 0x04, 0xd9, 0x06, 0x02, 0x02, 0x2c, 0x6d, 0x82,
    0x10, 0x06, 0x64, 0x40, 0xc5, 0xec, 0xed, 0x8c, 0xa8, 0xcc, 0x6d, 0x2e, 0x8d, 0x2e, 0x6f, 0x82,
    0x40, 0x40, 0x13, 0x04, 0x4c, 0x0c, 0x36, 0x20, 0x48, 0x37, 0x11, 0x5e, 0xd3, 0x7c, 0x2c, 0xce,
    0xc2, 0xda, 0xda, 0xc2, 0x26, 0x08, 0x44, 0xb4, 0x01, 0x41, 0xc2, 0x60, 0x12, 0x03, 0xaf, 0x69,
    0x3e, 0x22, 0x66, 0x6f, 0x67, 0x53, 0x74, 0x61, 0x72, 0x74, 0x13, 0x04, 0x42, 0xda, 0x80, 0x20,
    0x64, 0x30, 0x95, 0x81, 0xd7, 0x34, 0x1f, 0x95, 0xb9, 0x30, 0xba, 0x3a, 0xb9, 0x30, 0xba, 0xb4,
    0x37, 0xb7, 0x09, 0x02, 0x31, 0x6d, 0x40, 0x90, 0x33, 0x98, 0xd0, 0xc0, 0x6b, 0x9a, 0x8f, 0x88,
    0xd9, 0xdb, 0xd9, 0xd0, 0x1b, 0xdb, 0x9b, 0xdc, 0x04, 0x81, 0xa0, 0x36, 0x20, 0x88, 0x1a, 0x4c,
    0x6b, 0xe0, 0x35, 0xcd, 0x47, 0x64, 0xec, 0xcd, 0x8d, 0x4e, 0x2e, 0x6c, 0x8e, 0x6e, 0x82, 0x40,
    0x54, 0x1b, 0x10, 0xa4, 0x0d, 0x26, 0x37, 0xf0, 0x9a, 0xe6, 0xa3, 0x22, 0x26, 0x97, 0x76, 0x86,
    0x46, 0xe7, 0x56, 0x36, 0x37, 0x37, 0x41, 0x20, 0xac, 0x0d, 0x08, 0x02, 0x07, 0x53, 0x1c, 0x78,
    0x4d, 0xf3, 0x91, 0xf8, 0x82, 0x0b, 0x23, 0x9b, 0x20, 0x10, 0xd7, 0x06, 0x03, 0x99, 0x83, 0x89,
    0x0e, 0xbc, 0x66, 0x43, 0x42, 0x81, 0xc1, 0x18, 0x98, 0x41, 0x1a, 0xb0, 0xc1, 0x1b, 0xc8, 0x41,
    0x1d, 0x6c, 0x18, 0x08, 0xce, 0x0e, 0x26, 0x08, 0x02, 0xb0, 0x01, 0xd8, 0x30, 0x10, 0x79, 0x90,
    0x07, 0x1b, 0x02, 0x3d, 0xd8, 0x30, 0x0c, 0x78, 0xb0, 0x07, 0x13, 0x84, 0x32, 0x38, 0x83, 0x0d,
    0x41, 0x1f, 0x90, 0x68, 0x0b, 0x4b, 0x73, 0xe3, 0x32, 0x65, 0xf5, 0x05, 0xf5, 0x36, 0x97, 0x46,
    0x97, 0xf6, 0xe6, 0x36, 0x41, 0x28, 0xb6, 0x09, 0x42, 0xc1, 0x6d, 0x08, 0x88, 0x09, 0x42, 0xd1,
    0x4d, 0x10, 0x0a, 0x6f, 0xc3, 0x42, 0x80, 0x42, 0x28, 0x88, 0xc2, 0x28, 0x90, 0xc2, 0x40, 0x0a,
    0x44, 0x29, 0x00, 0x44, 0xa8, 0x8a, 0xb0, 0x86, 0x9e, 0x9e, 0xa4, 0x88, 0x26, 0x08, 0xc5, 0xb7,
    0x41, 0x98, 0xa6, 0x0d, 0xcb, 0x70, 0x0a, 0xa1, 0x50, 0x0a, 0xa3, 0x80, 0x0a, 0x03, 0x2a, 0x0c,
    0xa5, 0x90, 0x0a, 0x1b, 0x82, 0x61, 0x82, 0x50, 0x80, 0xc1, 0x06, 0x61, 0x1a, 0x36, 0x2c, 0xcc,
    0x29, 0x84, 0x42, 0x29, 0xac, 0x02, 0x2a, 0x0c, 0xac, 0x30, 0xa0, 0x42, 0x2b, 0x6c, 0x18, 0x4c,
    0x41, 0x15, 0x5c, 0x81, 0xc9, 0x94, 0xd5, 0x17, 0x55, 0x98, 0xdc, 0x59, 0x19, 0xdd, 0x04, 0xa1,
    0x08, 0x83, 0x09, 0x02, 0x81, 0x6d, 0x10, 0x26, 0x59, 0xd8, 0xb0, 0x10, 0xb0, 0x10, 0x0a, 0xb1,
    0x30, 0x0a, 0xa5, 0x30, 0x90, 0x02, 0x51, 0x0a, 0xb3, 0xb0, 0x21, 0xa0, 0x85, 0x0d, 0xc3, 0x2b,
    0xd4, 0x02, 0xb0, 0xa1, 0xc0, 0x83, 0x3f, 0xb0, 0x85, 0x0d, 0xa0, 0x61, 0xc6, 0xf6, 0x16, 0x46,
    0x37, 0x37, 0x41, 0x20, 0x32, 0x16, 0x69, 0x6e, 0x73, 0x74, 0x73, 0x13, 0x04, 0x42, 0xa3, 0x31,
    0x97, 0x76, 0xf6, 0xc5, 0x46, 0x46, 0x63, 0x2e, 0xed, 0xec, 0x6b, 0x8e, 0x8e, 0x08, 0x5d, 0x19,
    0xde, 0x97, 0xdb, 0x9b, 0x5c, 0xdb, 0x06, 0x05, 0x17, 0x72, 0x41, 0x17, 0x76, 0x81, 0x17, 0xa6,
    0x5e, 0x10, 0x03, 0x5f, 0x18, 0xaa, 0xb0, 0xb1, 0xd9, 0xb5, 0xb9, 0xa4, 0x91, 0x95, 0xb9, 0xd1,
    0x4d, 0x09, 0x82, 0x2a, 0x64, 0x78, 0x2e, 0x76, 0x65, 0x72, 0x73, 0x69, 0x6f, 0x6e, 0x53, 0x02,
    0xa2, 0x09, 0x19, 0x9e, 0x8b, 0x5d, 0x18, 0x9b, 0x5d, 0x99, 0xdc, 0x94, 0xa0, 0xa8, 0x43, 0x86,
    0xe7, 0x32, 0x87, 0x16, 0x46, 0x56, 0x26, 0xd7, 0xf4, 0x46, 0x56, 0xc6, 0x36, 0x25, 0x40, 0xca,
    0x90, 0xe1, 0xb9, 0xc8, 0x95, 0xcd, 0xbd, 0xd5, 0xc9, 0x8d, 0x95, 0xcd, 0x4d, 0x09, 0xb4, 0x4a,
    0x64, 0x78, 0x2e, 0x74, 0x79, 0x70, 0x65, 0x41, 0x6e, 0x6e, 0x6f, 0x74, 0x61, 0x74, 0x69, 0x6f,
    0x6e, 0x73, 0x53, 0x04, 0x3b, 0xd8, 0x83, 0x3a, 0x64, 0x78, 0x2e, 0x76, 0x69, 0x65, 0x77, 0x49,
    0x64, 0x53, 0x74, 0x61, 0x74, 0x65, 0x53, 0x82, 0x3e, 0xa8, 0x43, 0x86, 0xe7, 0x52, 0xe6, 0x46,
    0x27, 0x97, 0x07, 0xf5, 0x96, 0xe6, 0x46, 0x37, 0x37, 0x25, 0xb0, 0x85, 0x2e, 0x64, 0x78, 0x2e,
    0x63, 0x6f, 0x75, 0x6e, 0x74, 0x65, 0x72, 0x73, 0x53, 0x02, 0x5f, 0x00, 0x79, 0x18, 0x00, 0x00,
    0x4c, 0x00, 0x00, 0x00, 0x33, 0x08, 0x80, 0x1c, 0xc4, 0xe1, 0x1c, 0x66, 0x14, 0x01, 0x3d, 0x88,
    0x43, 0x38, 0x84, 0xc3, 0x8c, 0x42, 0x80, 0x07, 0x79, 0x78, 0x07, 0x73, 0x98, 0x71, 0x0c, 0xe6,
    0x00, 0x0f, 0xed, 0x10, 0x0e, 0xf4, 0x80, 0x0e, 0x33, 0x0c, 0x42, 0x1e, 0xc2, 0xc1, 0x1d, 0xce,
    0xa1, 0x1c, 0x66, 0x30, 0x05, 0x3d, 0x88, 0x43, 0x38, 0x84, 0x83, 0x1b, 0xcc, 0x03, 0x3d, 0xc8,
    0x43, 0x3d, 0x8c, 0x03, 0x3d, 0xcc, 0x78, 0x8c, 0x74, 0x70, 0x07, 0x7b, 0x08, 0x07, 0x79, 0x48,
    0x87, 0x70, 0x70, 0x07, 0x7a, 0x70, 0x03, 0x76, 0x78, 0x87, 0x70, 0x20, 0x87, 0x19, 0xcc, 0x11,
    0x0e, 0xec, 0x90, 0x0e, 0xe1, 0x30, 0x0f, 0x6e, 0x30, 0x0f, 0xe3, 0xf0, 0x0e, 0xf0, 0x50, 0x0e,
    0x33, 0x10, 0xc4, 0x1d, 0xde, 0x21, 0x1c, 0xd8, 0x21, 0x1d, 0xc2, 0x61, 0x1e, 0x66, 0x30, 0x89,
    0x3b, 0xbc, 0x83, 0x3b, 0xd0, 0x43, 0x39, 0xb4, 0x03, 0x3c, 0xbc, 0x83, 0x3c, 0x84, 0x03, 0x3b,
    0xcc, 0xf0, 0x14, 0x76, 0x60, 0x07, 0x7b, 0x68, 0x07, 0x37, 0x68, 0x87, 0x72, 0x68, 0x07, 0x37,
    0x80, 0x87, 0x70, 0x90, 0x87, 0x70, 0x60, 0x07, 0x76, 0x28, 0x07, 0x76, 0xf8, 0x05, 0x76, 0x78,
    0x87, 0x77, 0x80, 0x87, 0x5f, 0x08, 0x87, 0x71, 0x18, 0x87, 0x72, 0x98, 0x87, 0x79, 0x98, 0x81,
    0x2c, 0xee, 0xf0, 0x0e, 0xee, 0xe0, 0x0e, 0xf5, 0xc0, 0x0e, 0xec, 0x30, 0x03, 0x62, 0xc8, 0xa1,
    0x1c, 0xe4, 0xa1, 0x1c, 0xcc, 0xa1, 0x1c, 0xe4, 0xa1, 0x1c, 0xdc, 0x61, 0x1c, 0xca, 0x21, 0x1c,
    0xc4, 0x81, 0x1d, 0xca, 0x61, 0x06, 0xd6, 0x90, 0x43, 0x39, 0xc8, 0x43, 0x39, 0x98, 0x43, 0x39,
    0xc8, 0x43, 0x39, 0xb8, 0xc3, 0x38, 0x94, 0x43, 0x38, 0x88, 0x03, 0x3b, 0x94, 0xc3, 0x2f, 0xbc,
    0x83, 0x3c, 0xfc, 0x82, 0x3b, 0xd4, 0x03, 0x3b, 0xb0, 0xc3, 0x0c, 0xc4, 0x21, 0x07, 0x7c, 0x70,
    0x03, 0x7a, 0x28, 0x87, 0x76, 0x80, 0x87, 0x19, 0xd1, 0x43, 0x0e, 0xf8, 0xe0, 0x06, 0xe4, 0x20,
    0x0e, 0xe7, 0xe0, 0x06, 0xf6, 0x10, 0x0e, 0xf2, 0xc0, 0x0e, 0xe1, 0x90, 0x0f, 0xef, 0x50, 0x0f,
    0xf4, 0x00, 0x00, 0x00, 0x71, 0x20, 0x00, 0x00, 0x22, 0x00, 0x00, 0x00, 0x46, 0x00, 0x0d, 0x97,
    0xef, 0x3c, 0x7e, 0x80, 0x34, 0x40, 0x84, 0xf9, 0xc5, 0x6d, 0xdb, 0xc1, 0x36, 0x5c, 0xbe, 0xf3,
    0xf8, 0x42, 0x40, 0x15, 0x05, 0x11, 0x95, 0x0e, 0x30, 0x94, 0x84, 0x01, 0x08, 0x98, 0x5f, 0xdc,
    0xb6, 0x21, 0x48, 0xc3, 0xe5, 0x3b, 0x8f, 0x2f, 0x44, 0x04, 0x30, 0x11, 0x21, 0xd0, 0x0c, 0x0b,
    0x61, 0x06, 0xce, 0x70, 0xf9, 0xce, 0xe3, 0x0f, 0xce, 0x74, 0xfb, 0xc5, 0x6d, 0x5b, 0xc0, 0x34,
    0x5c, 0xbe, 0xf3, 0xf8, 0x8b, 0x03, 0x0c, 0x62, 0xf3, 0x50, 0x93, 0x5f, 0xdc, 0xb6, 0x0d, 0x40,
    0xc3, 0xe5, 0x3b, 0x8f, 0x2f, 0x01, 0xcc, 0xb3, 0x10, 0x7e, 0x71, 0xdb, 0x26, 0x50, 0x0d, 0x97,
    0xef, 0x3c, 0xbe, 0x34, 0x39, 0x11, 0x81, 0x52, 0xd3, 0x43, 0x4d, 0x7e, 0x71, 0xdb, 0x56, 0xf0,
    0x0c, 0x97, 0xef, 0x3c, 0x3e, 0xd5, 0x00, 0x11, 0xe6, 0x17, 0xb7, 0x6d, 0x00, 0x04, 0x03, 0x20,
    0x0d, 0x00, 0x00, 0x00, 0x00, 0x00, 0x00, 0x00, 0x48, 0x41, 0x53, 0x48, 0x14, 0x00, 0x00, 0x00,
    0x00, 0x00, 0x00, 0x00, 0x20, 0x5c, 0x7c, 0x42, 0xa9, 0x11, 0xfb, 0x13, 0xe0, 0xea, 0x46, 0x59,
    0x40, 0xb2, 0xb6, 0x35, 0x44, 0x58, 0x49, 0x4c, 0xa0, 0x09, 0x00, 0x00, 0x60, 0x00, 0x00, 0x00,
    0x68, 0x02, 0x00, 0x00, 0x44, 0x58, 0x49, 0x4c, 0x00, 0x01, 0x00, 0x00, 0x10, 0x00, 0x00, 0x00,
    0x88, 0x09, 0x00, 0x00, 0x42, 0x43, 0xc0, 0xde, 0x21, 0x0c, 0x00, 0x00, 0x5f, 0x02, 0x00, 0x00,
    0x0b, 0x82, 0x20, 0x00, 0x02, 0x00, 0x00, 0x00, 0x13, 0x00, 0x00, 0x00, 0x07, 0x81, 0x23, 0x91,
    0x41, 0xc8, 0x04, 0x49, 0x06, 0x10, 0x32, 0x39, 0x92, 0x01, 0x84, 0x0c, 0x25, 0x05, 0x08, 0x19,
    0x1e, 0x04, 0x8b, 0x62, 0x80, 0x18, 0x45, 0x02, 0x42, 0x92, 0x0b, 0x42, 0xc4, 0x10, 0x32, 0x14,
    0x38, 0x08, 0x18, 0x4b, 0x0a, 0x32, 0x62, 0x88, 0x48, 0x90, 0x14, 0x20, 0x43, 0x46, 0x88, 0xa5,
    0x00, 0x19, 0x32, 0x42, 0xe4, 0x48, 0x0e, 0x90, 0x11, 0x23, 0xc4, 0x50, 0x41, 0x51, 0x81, 0x8c,
    0xe1, 0x83, 0xe5, 0x8a, 0x04, 0x31, 0x46, 0x06, 0x51, 0x18, 0x00, 0x00, 0x08, 0x00, 0x00, 0x00,
    0x1b, 0x8c, 0xe0, 0xff, 0xff, 0xff, 0xff, 0x07, 0x40, 0x02, 0xa8, 0x0d, 0x84, 0xf0, 0xff, 0xff,
    0xff, 0xff, 0x03, 0x20, 0x6d, 0x30, 0x86, 0xff, 0xff, 0xff, 0xff, 0x1f, 0x00, 0x09, 0xa8, 0x00,
    0x49, 0x18, 0x00, 0x00, 0x03, 0x00, 0x00, 0x00, 0x13, 0x82, 0x60, 0x42, 0x20, 0x4c, 0x08, 0x06,
    0x00, 0x00, 0x00, 0x00, 0x89, 0x20, 0x00, 0x00, 0x57, 0x00, 0x00, 0x00, 0x32, 0x22, 0x88, 0x09,
    0x20, 0x64, 0x85, 0x04, 0x13, 0x23, 0xa4, 0x84, 0x04, 0x13, 0x23, 0xe3, 0x84, 0xa1, 0x90, 0x14,
    0x12, 0x4c, 0x8c, 0x8c, 0x0b, 0x84, 0xc4, 0x4c, 0x10, 0x98, 0xc1, 0x08, 0x40, 0x09, 0x00, 0x0a,
    0x66, 0x00, 0xe6, 0x08, 0xc0, 0x60, 0x8e, 0x00, 0x29, 0xc6, 0x40, 0x10, 0x44, 0x41, 0x90, 0x51,
    0x0c, 0x80, 0x20, 0x88, 0x62, 0x20, 0xe4, 0xa6, 0xe1, 0xf2, 0x27, 0xec, 0x21, 0x24, 0x7f, 0x25,
    0xa4, 0x95, 0x98, 0xfc, 0xe2, 0xb6, 0x51, 0x31, 0x0c, 0xc3, 0x40, 0x50, 0x71, 0xcf, 0x70, 0xf9,
    0x13, 0xf6, 0x10, 0x92, 0x1f, 0x02, 0xcd, 0xb0, 0x10, 0x28, 0x58, 0x0a, 0xa3, 0x10, 0x0c, 0x33,
    0x0c, 0xc3, 0x40, 0x10, 0xc4, 0x40, 0x4d, 0x21, 0x06, 0x62, 0x18, 0xe8, 0x29, 0xc3, 0x40, 0x0c,
    0x14, 0x15, 0x64, 0x20, 0x86, 0x61, 0x18, 0x86, 0x81, 0xa6, 0xa3, 0x86, 0xcb, 0x9f, 0xb0, 0x87,
    0x90, 0x7c, 0x6e, 0xa3, 0x8a, 0x95, 0x98, 0xfc, 0xe2, 0xb6, 0x11, 0x31, 0x0c, 0xc3, 0x50, 0x88,
    0x8a, 0x60, 0x08, 0xb2, 0xe6, 0x08, 0x82, 0x62, 0x30, 0x44, 0x41, 0x10, 0x18, 0x65, 0x03, 0x01,
    0xc3, 0x08, 0xc4, 0x30, 0x53, 0x1b, 0x8c, 0x03, 0x3b, 0x84, 0xc3, 0x3c, 0xcc, 0x83, 0x1b, 0xd0,
    0x42, 0x39, 0xe0, 0x03, 0x3d, 0xd4, 0x83, 0x3c, 0x94, 0x83, 0x1c, 0x90, 0x02, 0x1f, 0xd8, 0x43,
    0x39, 0x8c, 0x03, 0x3d, 0xbc, 0x83, 0x3c, 0xf0, 0x81, 0x39, 0xb0, 0xc3, 0x3b, 0x84, 0x03, 0x3d,
    0xb0, 0x01, 0x18, 0xd0, 0x81, 0x1f, 0x80, 0x81, 0x1f, 0xe8, 0x81, 0x1e, 0xb4, 0x43, 0x3a, 0xc0,
    0xc3, 0x3c, 0xfc, 0x02, 0x3d, 0xe4, 0x03, 0x3c, 0x94, 0x03, 0x0a, 0x88, 0x99, 0xc4, 0x60, 0x1c,
    0xd8, 0x21, 0x1c, 0xe6, 0x61, 0x1e, 0xdc, 0x80, 0x16, 0xca, 0x01, 0x1f, 0xe8, 0xa1, 0x1e, 0xe4,
    0xa1, 0x1c, 0xe4, 0x80, 0x14, 0xf8, 0xc0, 0x1e, 0xca, 0x61, 0x1c, 0xe8, 0xe1, 0x1d, 0xe4, 0x81,
    0x0f, 0xcc, 0x81, 0x1d, 0xde, 0x21, 0x1c, 0xe8, 0x81, 0x0d, 0xc0, 0x80, 0x0e, 0xfc, 0x00, 0x0c,
    0xfc, 0x00, 0x09, 0x5c, 0x47, 0xde, 0x30, 0x82, 0x30, 0x9c, 0xc4, 0x0a, 0x44, 0x43, 0xa4, 0xc8,
    0x45, 0x2c, 0x6e, 0x83, 0x14, 0x4e, 0xc4, 0x48, 0x08, 0x19, 0x86, 0x61, 0xe0, 0x86, 0x01, 0xa4,
    0xf0, 0x26, 0x69, 0x8a, 0x28, 0x61, 0xf2, 0x59, 0x80, 0x79, 0x16, 0x22, 0x62, 0x27, 0x60, 0x22,
    0x50, 0x40, 0xd0, 0x98, 0x09, 0x04, 0x00, 0x00, 0x13, 0x14, 0x72, 0xc0, 0x87, 0x74, 0x60, 0x87,
    0x36, 0x68, 0x87, 0x79, 0x68, 0x03, 0x72, 0xc0, 0x87, 0x0d, 0xaf, 0x50, 0x0e, 0x6d, 0xd0, 0x0e,
    0x7a, 0x50, 0x0e, 0x6d, 0x00, 0x0f, 0x7a, 0x30, 0x07, 0x72, 0xa0, 0x07, 0x73, 0x20, 0x07, 0x6d,
    0x90, 0x0e, 0x71, 0xa0, 0x07, 0x73, 0x20, 0x07, 0x6d, 0x90, 0x0e, 0x78, 0xa0, 0x07, 0x73, 0x20,
    0x07, 0x6d, 0x90, 0x0e, 0x71, 0x60, 0x07, 0x7a, 0x30, 0x07, 0x72, 0xd0, 0x06, 0xe9, 0x30, 0x07,
    0x72, 0xa0, 0x07, 0x73, 0x20, 0x07, 0x6d, 0x90, 0x0e, 0x76, 0x40, 0x07, 0x7a, 0x60, 0x07, 0x74,
    0xd0, 0x06, 0xe6, 0x10, 0x07, 0x76, 0xa0, 0x07, 0x73, 0x20, 0x07, 0x6d, 0x60, 0x0e, 0x73, 0x20,
    0x07, 0x7a, 0x30, 0x07, 0x72, 0xd0, 0x06, 0xe6, 0x60, 0x07, 0x74, 0xa0, 0x07, 0x76, 0x40, 0x07,
    0x6d, 0xe0, 0x0e, 0x78, 0xa0, 0x07, 0x71, 0x60, 0x07, 0x7a, 0x30, 0x07, 0x72, 0xa0, 0x07, 0x76,
    0x40, 0x07, 0x43, 0x9e, 0x00, 0x00, 0x00, 0x00, 0x00, 0x00, 0x00, 0x00, 0x00, 0x00, 0x00, 0x86,
    0x3c, 0x06, 0x10, 0x00, 0x01, 0x00, 0x00, 0x00, 0x00, 0x00, 0x00, 0x00, 0x0c, 0x79, 0x10, 0x20,
    0x00, 0x04, 0x00, 0x00, 0x00, 0x00, 0x00, 0x00, 0x00, 0x18, 0xf2, 0x34, 0x40, 0x00, 0x0c, 0x00,
    0x00, 0x00, 0x00, 0x00, 0x00, 0x00, 0x30, 0xe4, 0x79, 0x80, 0x00, 0x08, 0x00, 0x00, 0x00, 0x00,
    0x00, 0x00, 0x00, 0x60, 0xc8, 0x13, 0x01, 0x01, 0x10, 0x00, 0x00, 0x00, 0x00, 0x00, 0x00, 0x00,
    0xc0, 0x90, 0x67, 0x02, 0x02, 0x20, 0x00, 0x00, 0x00, 0x00, 0x00, 0x00, 0x00, 0x80, 0x21, 0x8f,
    0x05, 0x04, 0xc0, 0x00, 0x00, 0x00, 0x00, 0x00, 0x00, 0x00, 0x00, 0x43, 0x9e, 0x0c, 0x08, 0x80,
    0x01, 0x00, 0x00, 0x00, 0x00, 0x00, 0x00, 0x00, 0xb2, 0x40, 0x00, 0x00, 0x10, 0x00, 0x00, 0x00,
    0x32, 0x1e, 0x98, 0x14, 0x19, 0x11, 0x4c, 0x90, 0x8c, 0x09, 0x26, 0x47, 0xc6, 0x04, 0x43, 0x22,
    0x4a, 0x60, 0x04, 0xa0, 0x1c, 0x8a, 0xa1, 0x08, 0x4a, 0xa2, 0x0c, 0x0a, 0xac, 0x3c, 0xa8, 0x28,
    0x89, 0x32, 0x28, 0x84, 0x11, 0x80, 0x22, 0x28, 0x81, 0x02, 0xa1, 0x6f, 0x06, 0x80, 0xc4, 0x19,
    0x00, 0x22, 0x67, 0x00, 0xa8, 0x1c, 0x2b, 0x39, 0x08, 0x00, 0x00, 0x80, 0xe7, 0x39, 0x00, 0x00,
    0x79, 0x18, 0x00, 0x00, 0x6a, 0x00, 0x00, 0x00, 0x1a, 0x03, 0x4c, 0x90, 0x46, 0x02, 0x13, 0x44,
    0x8f, 0x0c, 0x6f, 0xec, 0xed, 0x4d, 0x0c, 0x24, 0xc6, 0xe5, 0xc6, 0x45, 0x66, 0x06, 0x06, 0xc7,
    0x25, 0xc6, 0x06, 0x04, 0xa5, 0x46, 0x86, 0x2c, 0x2c, 0xe6, 0xa6, 0x4c, 0x26, 0x27, 0x65, 0x43,
    0x10, 0x4c, 0x10, 0x88, 0x64, 0x82, 0x40, 0x28, 0x1b, 0x84, 0x81, 0x98, 0x20, 0x10, 0xcb, 0x06,
    0x61, 0x30, 0x28, 0xc0, 0xcd, 0x4d, 0x10, 0x08, 0x66, 0xc3, 0x80, 0x24, 0xc4, 0x04, 0xe1, 0xcb,
    0x08, 0x4c, 0x10, 0x88, 0x66, 0x82, 0x40, 0x38, 0x1b, 0x04, 0xc2, 0xd9, 0x90, 0x10, 0x0b, 0xd3,
    0x10, 0x43, 0x43, 0x3c, 0x1b, 0x02, 0x68, 0x82, 0x20, 0x06, 0xda, 0x04, 0x81, 0x78, 0x26, 0x08,
    0x04, 0xb4, 0x01, 0x21, 0x24, 0x66, 0x22, 0x06, 0x0a, 0xd8, 0x10, 0x54, 0x13, 0x04, 0x32, 0xd8,
    0x36, 0x20, 0xc4, 0xc5, 0x34, 0xc4, 0x40, 0x00, 0x1b, 0x02, 0x6c, 0x03, 0x11, 0x01, 0x56, 0x36,
    0x41, 0x28, 0x03, 0x6e, 0x43, 0xb0, 0x4d, 0x10, 0x04, 0x80, 0x44, 0x5b, 0x58, 0x9a, 0x1b, 0x97,
    0x29, 0xab, 0x2f, 0xa8, 0xb7, 0xb9, 0x34, 0xba, 0xb4, 0x37, 0xb7, 0x09, 0x42, 0x21, 0x4d, 0x10,
    0x8a, 0x69, 0x43, 0x40, 0x4c, 0x10, 0x0a, 0x6a, 0x82, 0x50, 0x54, 0x1b, 0x16, 0xe2, 0x03, 0x83,
    0x30, 0x10, 0x83, 0x31, 0x18, 0xc6, 0x80, 0x20, 0x03, 0x80, 0x08, 0x55, 0x11, 0xd6, 0xd0, 0xd3,
    0x93, 0x14, 0xd1, 0x04, 0xa1, 0xb0, 0x36, 0x08, 0xd3, 0xb4, 0x61, 0x19, 0xcc, 0x00, 0x0c, 0xc8,
    0x40, 0x0c, 0xce, 0x60, 0x38, 0x83, 0x81, 0x0c, 0xd0, 0x60, 0x43, 0x30, 0x4c, 0x10, 0x8a, 0x6b,
    0x83, 0x30, 0x0d, 0x1b, 0x96, 0xc6, 0x0c, 0xc0, 0x80, 0x0c, 0xd4, 0xe0, 0x0c, 0x86, 0x35, 0x18,
    0xce, 0x80, 0x0d, 0x36, 0x0c, 0x65, 0x90, 0x06, 0x6d, 0xc0, 0x64, 0xca, 0xea, 0x8b, 0x2a, 0x4c,
    0xee, 0xac, 0x8c, 0x6e, 0x82, 0x50, 0x60, 0x13, 0x04, 0x22, 0xda, 0x20, 0x4c, 0x71, 0xb0, 0x61,
    0x21, 0xde, 0x00, 0x0c, 0xe0, 0x40, 0x0c, 0xc8, 0x60, 0x18, 0x03, 0x82, 0x0c, 0xe4, 0x60, 0x43,
    0x30, 0x07, 0x1b, 0x06, 0x37, 0xa0, 0x03, 0x60, 0x43, 0xd1, 0x79, 0x75, 0xa0, 0x01, 0x55, 0xd8,
    0xd8, 0xec, 0xda, 0x5c, 0xd2, 0xc8, 0xca, 0xdc, 0xe8, 0xa6, 0x04, 0x41, 0x15, 0x32, 0x3c, 0x17,
    0xbb, 0x32, 0xb9, 0xb9, 0xb4, 0x37, 0xb7, 0x29, 0x01, 0xd1, 0x84, 0x0c, 0xcf, 0xc5, 0x2e, 0x8c,
    0xcd, 0xae, 0x4c, 0x6e, 0x4a, 0x60, 0xd4, 0x21, 0xc3, 0x73, 0x99, 0x43, 0x0b, 0x23, 0x2b, 0x93,
    0x6b, 0x7a, 0x23, 0x2b, 0x63, 0x9b, 0x12, 0x24, 0x65, 0xc8, 0xf0, 0x5c, 0xe4, 0xca, 0xe6, 0xde,
    0xea, 0xe4, 0xc6, 0xca, 0xe6, 0xa6, 0x04, 0x59, 0x1d, 0x32, 0x3c, 0x17, 0xbb, 0xb4, 0xb2, 0xbb,
    0x24, 0xb2, 0x29, 0xba, 0x30, 0xba, 0xb2, 0x29, 0xc1, 0x56, 0x87, 0x0c, 0xcf, 0xa5, 0xcc, 0x8d,
    0x4e, 0x2e, 0x0f, 0xea, 0x2d, 0xcd, 0x8d, 0x6e, 0x6e, 0x4a, 0x50, 0x07, 0x00, 0x00, 0x00, 0x00,
    0x79, 0x18, 0x00, 0x00, 0x4c, 0x00, 0x00, 0x00, 0x33, 0x08, 0x80, 0x1c, 0xc4, 0xe1, 0x1c, 0x66,
    0x14, 0x01, 0x3d, 0x88, 0x43, 0x38, 0x84, 0xc3, 0x8c, 0x42, 0x80, 0x07, 0x79, 0x78, 0x07, 0x73,
    0x98, 0x71, 0x0c, 0xe6, 0x00, 0x0f, 0xed, 0x10, 0x0e, 0xf4, 0x80, 0x0e, 0x33, 0x0c, 0x42, 0x1e,
    0xc2, 0xc1, 0x1d, 0xce, 0xa1, 0x1c, 0x66, 0x30, 0x05, 0x3d, 0x88, 0x43, 0x38, 0x84, 0x83, 0x1b,
    0xcc, 0x03, 0x3d, 0xc8, 0x43, 0x3d, 0x8c, 0x03, 0x3d, 0xcc, 0x78, 0x8c, 0x74, 0x70, 0x07, 0x7b,
    0x08, 0x07, 0x79, 0x48, 0x87, 0x70, 0x70, 0x07, 0x7a, 0x70, 0x03, 0x76, 0x78, 0x87, 0x70, 0x20,
    0x87, 0x19, 0xcc, 0x11, 0x0e, 0xec, 0x90, 0x0e, 0xe1, 0x30, 0x0f, 0x6e, 0x30, 0x0f, 0xe3, 0xf0,
    0x0e, 0xf0, 0x50, 0x0e, 0x33, 0x10, 0xc4, 0x1d, 0xde, 0x21, 0x1c, 0xd8, 0x21, 0x1d, 0xc2, 0x61,
    0x1e, 0x66, 0x30, 0x89, 0x3b, 0xbc, 0x83, 0x3b, 0xd0, 0x43, 0x39, 0xb4, 0x03, 0x3c, 0xbc, 0x83,
    0x3c, 0x84, 0x03, 0x3b, 0xcc, 0xf0, 0x14, 0x76, 0x60, 0x07, 0x7b, 0x68, 0x07, 0x37, 0x68, 0x87,
    0x72, 0x68, 0x07, 0x37, 0x80, 0x87, 0x70, 0x90, 0x87, 0x70, 0x60, 0x07, 0x76, 0x28, 0x07, 0x76,
    0xf8, 0x05, 0x76, 0x78, 0x87, 0x77, 0x80, 0x87, 0x5f, 0x08, 0x87, 0x71, 0x18, 0x87, 0x72, 0x98,
    0x87, 0x79, 0x98, 0x81, 0x2c, 0xee, 0xf0, 0x0e, 0xee, 0xe0, 0x0e, 0xf5, 0xc0, 0x0e, 0xec, 0x30,
    0x03, 0x62, 0xc8, 0xa1, 0x1c, 0xe4, 0xa1, 0x1c, 0xcc, 0xa1, 0x1c, 0xe4, 0xa1, 0x1c, 0xdc, 0x61,
    0x1c, 0xca, 0x21, 0x1c, 0xc4, 0x81, 0x1d, 0xca, 0x61, 0x06, 0xd6, 0x90, 0x43, 0x39, 0xc8, 0x43,
    0x39, 0x98, 0x43, 0x39, 0xc8, 0x43, 0x39, 0xb8, 0xc3, 0x38, 0x94, 0x43, 0x38, 0x88, 0x03, 0x3b,
    0x94, 0xc3, 0x2f, 0xbc, 0x83, 0x3c, 0xfc, 0x82, 0x3b, 0xd4, 0x03, 0x3b, 0xb0, 0xc3, 0x0c, 0xc4,
    0x21, 0x07, 0x7c, 0x70, 0x03, 0x7a, 0x28, 0x87, 0x76, 0x80, 0x87, 0x19, 0xd1, 0x43, 0x0e, 0xf8,
    0xe0, 0x06, 0xe4, 0x20, 0x0e, 0xe7, 0xe0, 0x06, 0xf6, 0x10, 0x0e, 0xf2, 0xc0, 0x0e, 0xe1, 0x90,
    0x0f, 0xef, 0x50, 0x0f, 0xf4, 0x00, 0x00, 0x00, 0x71, 0x20, 0x00, 0x00, 0x22, 0x00, 0x00, 0x00,
    0x46, 0x00, 0x0d, 0x97, 0xef, 0x3c, 0x7e, 0x80, 0x34, 0x40, 0x84, 0xf9, 0xc5, 0x6d, 0xdb, 0xc1,
    0x36, 0x5c, 0xbe, 0xf3, 0xf8, 0x42, 0x40, 0x15, 0x05, 0x11, 0x95, 0x0e, 0x30, 0x94, 0x84, 0x01,
    0x08, 0x98, 0x5f, 0xdc, 0xb6, 0x21, 0x48, 0xc3, 0xe5, 0x3b, 0x8f, 0x2f, 0x44, 0x04, 0x30, 0x11,
    0x21, 0xd0, 0x0c, 0x0b, 0x61, 0x06, 0xce, 0x70, 0xf9, 0xce, 0xe3, 0x0f, 0xce, 0x74, 0xfb, 0xc5,
    0x6d, 0x5b, 0xc0, 0x34, 0x5c, 0xbe, 0xf3, 0xf8, 0x8b, 0x03, 0x0c, 0x62, 0xf3, 0x50, 0x93, 0x5f,
    0xdc, 0xb6, 0x0d, 0x40, 0xc3, 0xe5, 0x3b, 0x8f, 0x2f, 0x01, 0xcc, 0xb3, 0x10, 0x7e, 0x71, 0xdb,
    0x26, 0x50, 0x0d, 0x97, 0xef, 0x3c, 0xbe, 0x34, 0x39, 0x11, 0x81, 0x52, 0xd3, 0x43, 0x4d, 0x7e,
    0x71, 0xdb, 0x56, 0xf0, 0x0c, 0x97, 0xef, 0x3c, 0x3e, 0xd5, 0x00, 0x11, 0xe6, 0x17, 0xb7, 0x6d,
    0x00, 0x04, 0x03, 0x20, 0x0d, 0x00, 0x00, 0x00, 0x61, 0x20, 0x00, 0x00, 0xae, 0x00, 0x00, 0x00,
    0x13, 0x04, 0x41, 0x2c, 0x10, 0x00, 0x00, 0x00, 0x14, 0x00, 0x00, 0x00, 0x84, 0x8d, 0x00, 0x10,
    0x51, 0x6e, 0x85, 0x57, 0x2e, 0x65, 0x57, 0x08, 0x25, 0x57, 0x0a, 0xa5, 0x52, 0x46, 0x33, 0x00,
    0x34, 0x8c, 0x11, 0x80, 0x20, 0x08, 0xc2, 0xbf, 0x30, 0x46, 0x80, 0xb3, 0xf7, 0x99, 0x7b, 0x63,
    0x04, 0xb9, 0x5e, 0xba, 0xf3, 0x37, 0x46, 0x00, 0xfb, 0xec, 0x5c, 0x7e, 0x63, 0x04, 0x7b, 0xac,
    0xc6, 0xfb, 0x2f, 0x8c, 0x00, 0x8c, 0x11, 0x80, 0x20, 0x08, 0xe2, 0xdf, 0x18, 0x01, 0x08, 0x82,
    0x20, 0xfc, 0x8d, 0x11, 0xb0, 0x6d, 0xfc, 0xca, 0xdb, 0x0c, 0x00, 0x00, 0x23, 0x06, 0x09, 0x00,
    0x82, 0x60, 0x90, 0xa9, 0xc1, 0xd3, 0xa1, 0x01, 0x1a, 0x54, 0x23, 0x06, 0x09, 0x00, 0x82, 0x60,
    0x90, 0xad, 0x01, 0x04, 0x06, 0x69, 0x90, 0x06, 0xd6, 0x88, 0x41, 0x02, 0x80, 0x20, 0x18, 0x64,
    0x6c, 0x10, 0x79, 0x6a, 0xa0, 0x06, 0xd7, 0x88, 0x41, 0x02, 0x80, 0x20, 0x18, 0x18, 0x74, 0x30,
    0xa1, 0xc1, 0x1a, 0x80, 0x81, 0x33, 0x62, 0x90, 0x00, 0x20, 0x08, 0x06, 0x46, 0x1d, 0x50, 0x6d,
    0xc0, 0x06, 0x61, 0xf0, 0x8c, 0x18, 0x24, 0x00, 0x08, 0x82, 0x81, 0x61, 0x07, 0x95, 0x1b, 0xb4,
    0x01, 0x18, 0x40, 0x23, 0x06, 0x0f, 0x00, 0x82, 0x60, 0xd0, 0xd4, 0x41, 0x66, 0x14, 0x42, 0x70,
    0x1c, 0x6e, 0xe0, 0x06, 0xd1, 0x31, 0x9a, 0x10, 0x00, 0xa3, 0x09, 0x42, 0x30, 0x9a, 0x30, 0x08,
    0xa3, 0x09, 0xc4, 0x30, 0x62, 0x70, 0x00, 0x20, 0x08, 0x06, 0x96, 0x1d, 0x70, 0xc9, 0x1c, 0x8c,
    0x26, 0x04, 0x81, 0x45, 0x01, 0x7d, 0x46, 0x0c, 0x0e, 0x00, 0x04, 0xc1, 0xe0, 0xe1, 0x03, 0xed,
    0x80, 0x46, 0x0c, 0x0e, 0x00, 0x04, 0xc1, 0xe0, 0xe9, 0x83, 0xed, 0x88, 0x46, 0x0c, 0x0e, 0x00,
    0x04, 0xc1, 0xe0, 0xf1, 0x03, 0xee, 0x90, 0x46, 0x0c, 0x0c, 0x00, 0x04, 0xc1, 0x20, 0xf2, 0x83,
    0x31, 0x18, 0x46, 0x0c, 0x0c, 0x00, 0x04, 0xc1, 0x20, 0xfa, 0x03, 0x32, 0x18, 0x46, 0x0c, 0x0c,
    0x00, 0x04, 0xc1, 0x20, 0x02, 0x85, 0x32, 0x18, 0x6c, 0x38, 0xe4, 0x63, 0x03, 0x22, 0x1f, 0x1b,
    0x12, 0xf9, 0x8c, 0x18, 0x18, 0x00, 0x08, 0x82, 0x41, 0x44, 0x0a, 0x64, 0x30, 0x8c, 0x18, 0x18,
    0x00, 0x08, 0x82, 0x41, 0x54, 0x0a, 0x65, 0x30, 0x8c, 0x18, 0x18, 0x00, 0x08, 0x82, 0x41, 0x64,
    0x0a, 0x66, 0x30, 0x8c, 0x26, 0x3c, 0x82, 0x61, 0x41, 0x7c, 0x46, 0x0c, 0x0e, 0x00, 0x04, 0xc1,
    0xe0, 0x51, 0x05, 0x34, 0x08, 0x83, 0x60, 0x34, 0x41, 0x02, 0x4c, 0x10, 0xe4, 0x63, 0x41, 0x19,
    0xc8, 0xc7, 0x86, 0x41, 0x3e, 0x16, 0x08, 0xf2, 0x19, 0x31, 0x30, 0x00, 0x10, 0x04, 0x83, 0xe8,
    0x15, 0xde, 0x20, 0xb0, 0x33, 0x08, 0xe2, 0x33, 0x62, 0x60, 0x00, 0x20, 0x08, 0x06, 0x51, 0x2c,
    0xac, 0x42, 0x30, 0x62, 0x70, 0x00, 0x20, 0x08, 0x06, 0x16, 0x2c, 0xd8, 0xc1, 0x18, 0xb8, 0xc2,
    0x68, 0x42, 0x00, 0x8c, 0x26, 0x08, 0xc1, 0x68, 0xc2, 0x20, 0xd8, 0x20, 0xc5, 0xc7, 0x06, 0x29,
    0x3e, 0x36, 0x48, 0xf1, 0xb1, 0x01, 0x91, 0x8f, 0x0d, 0x89, 0x7c, 0x6c, 0x50, 0xe4, 0x63, 0x03,
    0x06, 0x1f, 0x1b, 0x30, 0xf8, 0xd8, 0x80, 0xc1, 0x67, 0xc4, 0x60, 0x01, 0x40, 0x10, 0x0c, 0x26,
    0x5f, 0x30, 0x85, 0x41, 0x08, 0xf2, 0x40, 0x0f, 0xf6, 0x60, 0x34, 0x01, 0x0d, 0x06, 0x2b, 0x84,
    0xf8, 0x58, 0x31, 0xc4, 0xc7, 0x0a, 0x22, 0x3e, 0x36, 0x10, 0xf2, 0xb1, 0xa1, 0x90, 0x8f, 0x0d,
    0x86, 0x7c, 0x0c, 0x21, 0x05, 0xf8, 0x58, 0x40, 0xc0, 0xc7, 0x04, 0x02, 0x3e, 0x36, 0x10, 0xf0,
    0x19, 0x31, 0x38, 0x00, 0x10, 0x04, 0x03, 0x2b, 0x1d, 0x5e, 0x81, 0x0f, 0xc6, 0x61, 0x34, 0x21,
    0x00, 0xac, 0x08, 0xe4, 0x63, 0x85, 0x20, 0x1f, 0x2b, 0x06, 0xf9, 0xd8, 0x60, 0x0a, 0xf0, 0xb1,
    0xe1, 0x14, 0xe0, 0x63, 0x03, 0x2a, 0xc0, 0x67, 0xc4, 0xc0, 0x00, 0x40, 0x10, 0x0c, 0xa2, 0x79,
    0x68, 0x87, 0x61, 0xc4, 0xc0, 0x00, 0x40, 0x10, 0x0c, 0x22, 0x7a, 0x70, 0x87, 0x61, 0xc4, 0xc0,
    0x00, 0x40, 0x10, 0x0c, 0xa2, 0x7a, 0x78, 0x87, 0x61, 0x34, 0x61, 0x09, 0x2c, 0x20, 0xe0, 0x63,
    0x02, 0x01, 0x1f, 0x1b, 0x08, 0xf8, 0x8c, 0x18, 0x18, 0x00, 0x08, 0x82, 0x41, 0xa4, 0x0f, 0xf4,
    0x30, 0x8c, 0x18, 0x18, 0x00, 0x08, 0x82, 0x41, 0xb4, 0x0f, 0xf5, 0x30, 0x8c, 0x18, 0x18, 0x00,
    0x08, 0x82, 0x41, 0xc4, 0x0f, 0xf6, 0x30, 0x8c, 0x18, 0x24, 0x00, 0x08, 0x82, 0x01, 0x02, 0x12,
    0xbe, 0x80, 0x0f, 0xf8, 0xd0, 0x0e, 0xc3, 0x88, 0x41, 0x02, 0x80, 0x20, 0x18, 0x20, 0x20, 0xe1,
    0x0b, 0xf8, 0x80, 0x0f, 0xeb, 0x20, 0x8c, 0x18, 0x24, 0x00, 0x08, 0x82, 0x01, 0x02, 0x12, 0xbe,
    0x80, 0x0f, 0xf8, 0xc0, 0x0e, 0xc1, 0x88, 0x41, 0x02, 0x80, 0x20, 0x18, 0x20, 0x20, 0xe1, 0x0b,
    0xf8, 0x80, 0x0f, 0xef, 0x60, 0x0a, 0x08, 0x00, 0x00, 0x00, 0x00, 0x00
};
static const unsigned int game_scene_pixel_blend_dxil_size = 5196;

static const unsigned char game_scene_track_darken_pixel_dxil[] = {
    0x44, 0x58, 0x42, 0x43, 0x50, 0xd8, 0x3d, 0x7f, 0xf9, 0x49, 0xc5, 0x49, 0x6a, 0x42, 0x21, 0x31,
    0x0c, 0x3c, 0xac, 0x9a, 0x01, 0x00, 0x00, 0x00, 0xd8, 0x15, 0x00, 0x00, 0x07, 0x00, 0x00, 0x00,
    0x3c, 0x00, 0x00, 0x00, 0x4c, 0x00, 0x00, 0x00, 0xd4, 0x00, 0x00, 0x00, 0x10, 0x01, 0x00, 0x00,
    0x24, 0x02, 0x00, 0x00, 0xcc, 0x0a, 0x00, 0x00, 0xe8, 0x0a, 0x00, 0x00, 0x53, 0x46, 0x49, 0x30,
    0x08, 0x00, 0x00, 0x00, 0x00, 0x00, 0x00, 0x00, 0x00, 0x00, 0x00, 0x00, 0x49, 0x53, 0x47, 0x31,
    0x80, 0x00, 0x00, 0x00, 0x03, 0x00, 0x00, 0x00, 0x08, 0x00, 0x00, 0x00, 0x00, 0x00, 0x00, 0x00,
    0x68, 0x00, 0x00, 0x00, 0x00, 0x00, 0x00, 0x00, 0x01, 0x00, 0x00, 0x00, 0x03, 0x00, 0x00, 0x00,
    0x00, 0x00, 0x00, 0x00, 0x0f, 0x00, 0x00, 0x00, 0x00, 0x00, 0x00, 0x00, 0x00, 0x00, 0x00, 0x00,
    0x74, 0x00, 0x00, 0x00, 0x00, 0x00, 0x00, 0x00, 0x00, 0x00, 0x00, 0x00, 0x03, 0x00, 0x00, 0x00,
    0x01, 0x00, 0x00, 0x00, 0x03, 0x03, 0x00, 0x00, 0x00, 0x00, 0x00, 0x00, 0x00, 0x00, 0x00, 0x00,
    0x74, 0x00, 0x00, 0x00, 0x01, 0x00, 0x00, 0x00, 0x00, 0x00, 0x00, 0x00, 0x03, 0x00, 0x00, 0x00,
    0x01, 0x00, 0x00, 0x00, 0x04, 0x04, 0x00, 0x00, 0x00, 0x00, 0x00, 0x00, 0x53, 0x56, 0x5f, 0x50,
    0x6f, 0x73, 0x69, 0x74, 0x69, 0x6f, 0x6e, 0x00, 0x54, 0x45, 0x58, 0x43, 0x4f, 0x4f, 0x52, 0x44,
    0x00, 0x00, 0x00, 0x00, 0x4f, 0x53, 0x47, 0x31, 0x34, 0x00, 0x00, 0x00, 0x01, 0x00, 0x00, 0x00,
    0x08, 0x00, 0x00, 0x00, 0x00, 0x00, 0x00, 0x00, 0x28, 0x00, 0x00, 0x00, 0x00, 0x00, 0x00, 0x00,
    0x40, 0x00, 0x00, 0x00, 0x03, 0x00, 0x00, 0x00, 0x00, 0x00, 0x00, 0x00, 0x0f, 0x00, 0x00, 0x00,
    0x00, 0x00, 0x00, 0x00, 0x53, 0x56, 0x5f, 0x54, 0x61, 0x72, 0x67, 0x65, 0x74, 0x00, 0x00, 0x00,
    0x50, 0x53, 0x56, 0x30, 0x0c, 0x01, 0x00, 0x00, 0x30, 0x00, 0x00, 0x00, 0x00, 0x00, 0x00, 0x00,
    0x00, 0x00, 0x00, 0x00, 0x00, 0x00, 0x00, 0x00, 0x00, 0x00, 0x00, 0x00, 0x00, 0x00, 0x00, 0x00,
    0xff, 0xff, 0xff, 0xff, 0x00, 0x00, 0x00, 0x00, 0x03, 0x01, 0x00, 0x02, 0x01, 0x00, 0x00, 0x00,
    0x00, 0x00, 0x00, 0x00, 0x00, 0x00, 0x00, 0x00, 0x00, 0x00, 0x00, 0x00, 0x03, 0x00, 0x00, 0x00,
    0x18, 0x00, 0x00, 0x00, 0x02, 0x00, 0x00, 0x00, 0x03, 0x00, 0x00, 0x00, 0x00, 0x00, 0x00, 0x00,
    0x00, 0x00, 0x00, 0x00, 0x0d, 0x00, 0x00, 0x00, 0x00, 0x00, 0x00, 0x00, 0x01, 0x00, 0x00, 0x00,
    0x02, 0x00, 0x00, 0x00, 0x00, 0x00, 0x00, 0x00, 0x00, 0x00, 0x00, 0x00, 0x0e, 0x00, 0x00, 0x00,
    0x00, 0x00, 0x00, 0x00, 0x03, 0x00, 0x00, 0x00, 0x02, 0x00, 0x00, 0x00, 0x00, 0x00, 0x00, 0x00,
    0x00, 0x00, 0x00, 0x00, 0x02, 0x00, 0x00, 0x00, 0x00, 0x00, 0x00, 0x00, 0x14, 0x00, 0x00, 0x00,
    0x00, 0x54, 0x45, 0x58, 0x43, 0x4f, 0x4f, 0x52, 0x44, 0x00, 0x54, 0x45, 0x58, 0x43, 0x4f, 0x4f,
    0x52, 0x44, 0x00, 0x00, 0x02, 0x00, 0x00, 0x00, 0x00, 0x00, 0x00, 0x00, 0x01, 0x00, 0x00, 0x00,
    0x10, 0x00, 0x00, 0x00, 0x00, 0x00, 0x00, 0x00, 0x00, 0x00, 0x00, 0x00, 0x01, 0x00, 0x44, 0x03,
    0x03, 0x04, 0x00, 0x00, 0x01, 0x00, 0x00, 0x00, 0x00, 0x00, 0x00, 0x00, 0x01, 0x01, 0x42, 0x00,
    0x03, 0x02, 0x00, 0x00, 0x0a, 0x00, 0x00, 0x00, 0x01, 0x00, 0x00, 0x00, 0x01, 0x01, 0x61, 0x00,
    0x03, 0x02, 0x00, 0x00, 0x00, 0x00, 0x00, 0x00, 0x00, 0x00, 0x00, 0x00, 0x01, 0x00, 0x44, 0x10,
    0x03, 0x00, 0x00, 0x00, 0x00, 0x00, 0x00, 0x00, 0x00, 0x00, 0x00, 0x00, 0x00, 0x00, 0x00, 0x00,
    0x00, 0x00, 0x00, 0x00, 0x07, 0x00, 0x00, 0x00, 0x07, 0x00, 0x00, 0x00, 0x07, 0x00, 0x00, 0x00,
    0x00, 0x00, 0x00, 0x00, 0x53, 0x54, 0x41, 0x54, 0xa0, 0x08, 0x00, 0x00, 0x60, 0x00, 0x00, 0x00,
    0x28, 0x02, 0x00, 0x00, 0x44, 0x58, 0x49, 0x4c, 0x00, 0x01, 0x00, 0x00, 0x10, 0x00, 0x00, 0x00,
    0x88, 0x08, 0x00, 0x00, 0x42, 0x43, 0xc0, 0xde, 0x21, 0x0c, 0x00, 0x00, 0x1f, 0x02, 0x00, 0x00,
    0x0b, 0x82, 0x20, 0x00, 0x02, 0x00, 0x00, 0x00, 0x13, 0x00, 0x00, 0x00, 0x07, 0x81, 0x23, 0x91,
    0x41, 0xc8, 0x04, 0x49, 0x06, 0x10, 0x32, 0x39, 0x92, 0x01, 0x84, 0x0c, 0x25, 0x05, 0x08, 0x19,
    0x1e, 0x04, 0x8b, 0x62, 0x80, 0x18, 0x45, 0x02, 0x42, 0x92, 0x0b, 0x42, 0xc4, 0x10, 0x32, 0x14,
    0x38, 0x08, 0x18, 0x4b, 0x0a, 0x32, 0x62, 0x88, 0x48, 0x90, 0x14, 0x20, 0x43, 0x46, 0x88, 0xa5,
    0x00, 0x19, 0x32, 0x42, 0xe4, 0x48, 0x0e, 0x90, 0x11, 0x23, 0xc4, 0x50, 0x41, 0x51, 0x81, 0x8c,
    0xe1, 0x83, 0xe5, 0x8a, 0x04, 0x31, 0x46, 0x06, 0x51, 0x18, 0x00, 0x00, 0x08, 0x00, 0x00, 0x00,
    0x1b, 0x8c, 0xe0, 0xff, 0xff, 0xff, 0xff, 0x07, 0x40, 0x02, 0xa8, 0x0d, 0x84, 0xf0, 0xff, 0xff,
    0xff, 0xff, 0x03, 0x20, 0x6d, 0x30, 0x86, 0xff, 0xff, 0xff, 0xff, 0x1f, 0x00, 0x09, 0xa8, 0x00,
    0x49, 0x18, 0x00, 0x00, 0x03, 0x00, 0x00, 0x00, 0x13, 0x82, 0x60, 0x42, 0x20, 0x4c, 0x08, 0x06,
    0x00, 0x00, 0x00, 0x00, 0x89, 0x20, 0x00, 0x00, 0x58, 0x00, 0x00, 0x00, 0x32, 0x22, 0x88, 0x09,
    0x20, 0x64, 0x85, 0x04, 0x13, 0x23, 0xa4, 0x84, 0x04, 0x13, 0x23, 0xe3, 0x84, 0xa1, 0x90, 0x14,
    0x12, 0x4c, 0x8c, 0x8c, 0x0b, 0x84, 0xc4, 0x4c, 0x10, 0xa0, 0xc1, 0x08, 0x40, 0x09, 0x00, 0x0a,
    0x66, 0x00, 0xe6, 0x08, 0xc0, 0x60, 0x8e, 0x00, 0x29, 0xc6, 0x40, 0x10, 0x44, 0x41, 0x90, 0x51,
    0x0c, 0x80, 0x20, 0x88, 0x62, 0x20, 0x64, 0x8e, 0x20, 0x28, 0x03, 0x40, 0x28, 0xb4, 0xdc, 0x34,
    0x5c, 0xfe, 0x84, 0x3d, 0x84, 0xe4, 0xaf, 0x84, 0xb4, 0x12, 0x93, 0x5f, 0xdc, 0x36, 0x2a, 0x86,
    0x61, 0x18, 0x08, 0x2a, 0xee, 0x19, 0x2e, 0x7f, 0xc2, 0x1e, 0x42, 0xf2, 0x43, 0xa0, 0x19, 0x16,
    0x02, 0x05, 0x4e, 0x61, 0x1a, 0xe2, 0x79, 0x86, 0x61, 0x18, 0x08, 0x82, 0x18, 0x08, 0x2a, 0xc4,
    0x40, 0x0c, 0x03, 0x49, 0x65, 0x18, 0x88, 0x81, 0xa8, 0x82, 0x0c, 0xc4, 0x30, 0x0c, 0xc3, 0x30,
    0x90, 0x75, 0xd4, 0x70, 0xf9, 0x13, 0xf6, 0x10, 0x92, 0xcf, 0x6d, 0x54, 0xb1, 0x12, 0x93, 0x5f,
    0xdc, 0x36, 0x22, 0x86, 0x61, 0x18, 0x0a, 0x81, 0x11, 0x0f, 0x41, 0x59, 0x31, 0x1e, 0xa2, 0x20,
    0x08, 0x85, 0xb6, 0x81, 0x80, 0x61, 0x04, 0x62, 0x98, 0xa9, 0x0d, 0xc6, 0x81, 0x1d, 0xc2, 0x61,
    0x1e, 0xe6, 0xc1, 0x0d, 0x68, 0xa1, 0x1c, 0xf0, 0x81, 0x1e, 0xea, 0x41, 0x1e, 0xca, 0x41, 0x0e,
    0x48, 0x81, 0x0f, 0xec, 0xa1, 0x1c, 0xc6, 0x81, 0x1e, 0xde, 0x41, 0x1e, 0xf8, 0xc0, 0x1c, 0xd8,
    0xe1, 0x1d, 0xc2, 0x81, 0x1e, 0xd8, 0x00, 0x0c, 0xe8, 0xc0, 0x0f, 0xc0, 0xc0, 0x0f, 0xf4, 0x40,
    0x0f, 0xda, 0x21, 0x1d, 0xe0, 0x61, 0x1e, 0x7e, 0x81, 0x1e, 0xf2, 0x01, 0x1e, 0xca, 0x01, 0x05,
    0xc4, 0x4c, 0x62, 0x30, 0x0e, 0xec, 0x10, 0x0e, 0xf3, 0x30, 0x0f, 0x6e, 0x40, 0x0b, 0xe5, 0x80,
    0x0f, 0xf4, 0x50, 0x0f, 0xf2, 0x50, 0x0e, 0x72, 0x40, 0x0a, 0x7c, 0x60, 0x0f, 0xe5, 0x30, 0x0e,
    0xf4, 0xf0, 0x0e, 0xf2, 0xc0, 0x07, 0xe6, 0xc0, 0x0e, 0xef, 0x10, 0x0e, 0xf4, 0xc0, 0x06, 0x60,
    0x40, 0x07, 0x7e, 0x00, 0x06, 0x7e, 0x80, 0x04, 0xef, 0x23, 0x70, 0x18, 0x41, 0x18, 0x4e, 0x62,
    0x05, 0xa2, 0x21, 0x52, 0xe4, 0x22, 0x16, 0xb7, 0x41, 0x0a, 0x27, 0x62, 0x24, 0x84, 0x0c, 0xc3,
    0x30, 0x78, 0xc3, 0x20, 0xd2, 0x78, 0x93, 0x34, 0x45, 0x94, 0x30, 0xf9, 0x2c, 0xc0, 0x3c, 0x0b,
    0x11, 0xb1, 0x13, 0x30, 0x11, 0x28, 0x20, 0xa8, 0xcc, 0x04, 0x02, 0x00, 0x13, 0x14, 0x72, 0xc0,
    0x87, 0x74, 0x60, 0x87, 0x36, 0x68, 0x87, 0x79, 0x68, 0x03, 0x72, 0xc0, 0x87, 0x0d, 0xaf, 0x50,
    0x0e, 0x6d, 0xd0, 0x0e, 0x7a, 0x50, 0x0e, 0x6d, 0x00, 0x0f, 0x7a, 0x30, 0x07, 0x72, 0xa0, 0x07,
    0x73, 0x20, 0x07, 0x6d, 0x90, 0x0e, 0x71, 0xa0, 0x07, 0x73, 0x20, 0x07, 0x6d, 0x90, 0x0e, 0x78,
    0xa0, 0x07, 0x73, 0x20, 0x07, 0x6d, 0x90, 0x0e, 0x71, 0x60, 0x07, 0x7a, 0x30, 0x07, 0x72, 0xd0,
    0x06, 0xe9, 0x30, 0x07, 0x72, 0xa0, 0x07, 0x73, 0x20, 0x07, 0x6d, 0x90, 0x0e, 0x76, 0x40, 0x07,
    0x7a, 0x60, 0x07, 0x74, 0xd0, 0x06, 0xe6, 0x10, 0x07, 0x76, 0xa0, 0x07, 0x73, 0x20, 0x07, 0x6d,
    0x60, 0x0e, 0x73, 0x20, 0x07, 0x7a, 0x30, 0x07, 0x72, 0xd0, 0x06, 0xe6, 0x60, 0x07, 0x74, 0xa0,
    0x07, 0x76, 0x40, 0x07, 0x6d, 0xe0, 0x0e, 0x78, 0xa0, 0x07, 0x71, 0x60, 0x07, 0x7a, 0x30, 0x07,
    0x72, 0xa0, 0x07, 0x76, 0x40, 0x07, 0x43, 0x9e, 0x00, 0x08, 0x00, 0x00, 0x00, 0x00, 0x00, 0x00,
    0x00, 0x00, 0x00, 0x86, 0x3c, 0x06, 0x10, 0x00, 0x01, 0x00, 0x00, 0x00, 0x00, 0x00, 0x00, 0x00,
    0x0c, 0x79, 0x10, 0x20, 0x00, 0x04, 0x00, 0x00, 0x00, 0x00, 0x00, 0x00, 0x00, 0x18, 0xf2, 0x2c,
    0x40, 0x00, 0x08, 0x00, 0x00, 0x00, 0x00, 0x00, 0x00, 0x00, 0x30, 0xe4, 0x81, 0x80, 0x00, 0x18,
    0x00, 0x00, 0x00, 0x00, 0x00, 0x00, 0x00, 0x60, 0xc8, 0x23, 0x01, 0x01, 0x10, 0x00, 0x00, 0x00,
    0x00, 0x00, 0x00, 0x00, 0xc0, 0x90, 0x87, 0x02, 0x02, 0x20, 0x00, 0x00, 0x00, 0x00, 0x00, 0x00,
    0x00, 0x80, 0x21, 0x8f, 0x05, 0x04, 0x40, 0x00, 0x00, 0x00, 0x00, 0x00, 0x00, 0x00, 0x00, 0x43,
    0x9e, 0x0c, 0x08, 0x80, 0x01, 0x00, 0x00, 0x00, 0x00, 0x00, 0x00, 0x00, 0x86, 0x3c, 0x1b, 0x10,
    0x00, 0x03, 0x00, 0x00, 0x00, 0x00, 0x00, 0x00, 0x00, 0x64, 0x81, 0x00, 0x16, 0x00, 0x00, 0x00,
    0x32, 0x1e, 0x98, 0x18, 0x19, 0x11, 0x4c, 0x90, 0x8c, 0x09, 0x26, 0x47, 0xc6, 0x04, 0x43, 0x22,
    0x4a, 0x60, 0x04, 0xa0, 0x18, 0x8a, 0xa0, 0x24, 0xca, 0xa0, 0xc0, 0xca, 0xa1, 0x10, 0x0a, 0xa2,
    0x30, 0x0a, 0xa4, 0x80, 0x0a, 0xa9, 0xa0, 0xca, 0xa3, 0x58, 0x03, 0x8a, 0x3e, 0x80, 0x8a, 0x92,
    0x28, 0x83, 0x42, 0x18, 0x01, 0x28, 0x82, 0x12, 0x28, 0x10, 0x52, 0x6a, 0x80, 0xc2, 0x19, 0x00,
    0x1a, 0x67, 0x00, 0x88, 0x9c, 0x01, 0x20, 0x73, 0x06, 0x80, 0xce, 0xb1, 0x92, 0x83, 0x00, 0x00,
    0x00, 0x38, 0x8e, 0x03, 0x00, 0x00, 0x00, 0x00, 0x79, 0x18, 0x00, 0x00, 0xc8, 0x00, 0x00, 0x00,
    0x1a, 0x03, 0x4c, 0x90, 0x46, 0x02, 0x13, 0x44, 0x8f, 0x0c, 0x6f, 0xec, 0xed, 0x4d, 0x0c, 0x24,
    0xc6, 0xe5, 0xc6, 0x45, 0x66, 0x06, 0x06, 0xc7, 0x25, 0xc6, 0x06, 0x04, 0xa5, 0x46, 0x86, 0x2c,
    0x2c, 0xe6, 0xa6, 0x4c, 0x26, 0x27, 0x65, 0x43, 0x10, 0x4c, 0x10, 0x08, 0x65, 0x82, 0x40, 0x2c,
    0x1b, 0x84, 0x81, 0xd8, 0x20, 0x10, 0x04, 0x05, 0xb8, 0xb9, 0x09, 0x02, 0xc1, 0x6c, 0x18, 0x0e,
    0x84, 0x98, 0x20, 0x84, 0x01, 0x19, 0x90, 0x99, 0x1b, 0x2b, 0x73, 0x2b, 0xa3, 0x2a, 0xc3, 0xa3,
    0xab, 0x93, 0x2b, 0x9b, 0x20, 0x10, 0xcd, 0x04, 0x81, 0x70, 0x36, 0x08, 0x44, 0xb3, 0x21, 0x21,
    0x94, 0x85, 0x21, 0x06, 0x86, 0x70, 0x36, 0x04, 0xcf, 0x04, 0x81, 0x0c, 0xcc, 0x80, 0xd2, 0xd4,
    0x58, 0x99, 0x5b, 0x19, 0x54, 0x1a, 0x5e, 0x19, 0x5b, 0x95, 0x5b, 0x9a, 0xd9, 0x9b, 0x5c, 0xdb,
    0xdc, 0x04, 0x81, 0x78, 0x26, 0x08, 0x04, 0xb4, 0x01, 0x21, 0x22, 0x69, 0x22, 0x06, 0x0a, 0xd8,
    0x10, 0x54, 0x13, 0x04, 0x33, 0x38, 0x03, 0x32, 0x73, 0x63, 0x65, 0x6e, 0x65, 0x53, 0x61, 0x6d,
    0x70, 0x6c, 0x65, 0x72, 0x1b, 0x10, 0xe2, 0xc2, 0x18, 0x62, 0x20, 0x80, 0x0d, 0x41, 0xb6, 0x81,
    0x80, 0x00, 0x4b, 0x9b, 0x20, 0x8c, 0x41, 0x19, 0x50, 0x31, 0x7b, 0x3b, 0x23, 0x2a, 0x73, 0x9b,
    0x4b, 0xa3, 0xcb, 0x9b, 0x20, 0x10, 0xd1, 0x04, 0x41, 0x19, 0x83, 0x0d, 0x08, 0xd2, 0x4d, 0x84,
    0xd7, 0x34, 0x1f, 0x8b, 0xb3, 0xb0, 0xb6, 0xb6, 0xb0, 0x09, 0x02, 0x21, 0x6d, 0x40, 0x90, 0x30,
    0x98, 0xc4, 0xc0, 0x6b, 0x9a, 0x8f, 0x88, 0xd9, 0xdb, 0xd9, 0x14, 0x5d, 0x98, 0x1c, 0xdd, 0x04,
    0x81, 0x98, 0x36, 0x20, 0x08, 0x19, 0x4c, 0x65, 0xe0, 0x35, 0xcd, 0x47, 0x65, 0x2e, 0x8c, 0xae,
    0x4e, 0x2e, 0x8c, 0x2e, 0xed, 0xcd, 0x6d, 0x82, 0x40, 0x50, 0x1b, 0x10, 0xe4, 0x0c, 0x26, 0x34,
    0xf0, 0x9a, 0xe6, 0x23, 0x62, 0xf6, 0x76, 0x36, 0xf4, 0xc6, 0xf6, 0x26, 0x37, 0x41, 0x20, 0xaa,
    0x0d, 0x08, 0xa2, 0x06, 0xd3, 0x1a, 0x78, 0x4d, 0xf3, 0x11, 0x19, 0x7b, 0x73, 0xa3, 0x93, 0x0b,
    0x9b, 0xa3, 0x9b, 0x20, 0x10, 0xd6, 0x06, 0x04, 0x69, 0x83, 0xc9, 0x0d, 0xbc, 0xa6, 0xf9, 0xa8,
    0x88, 0xc9, 0xa5, 0x9d, 0xa1, 0xd1, 0xb9, 0x95, 0xcd, 0xcd, 0x4d, 0x10, 0x88, 0x6b, 0x03, 0x82,
    0xc0, 0xc1, 0x14, 0x07, 0x5e, 0xd3, 0x7c, 0x24, 0xbe, 0xe0, 0xc2, 0xc8, 0x26, 0x08, 0x04, 0xb6,
    0xc1, 0x40, 0xe6, 0x60, 0xa2, 0x03, 0xaf, 0xd9, 0x90, 0x50, 0x60, 0x30, 0x06, 0x66, 0x90, 0x06,
    0x6c, 0xf0, 0x06, 0x72, 0x50, 0x07, 0x1b, 0x06, 0x82, 0xb3, 0x83, 0x09, 0x82, 0x00, 0x6c, 0x00,
    0x36, 0x0c, 0x44, 0x1e, 0xe4, 0xc1, 0x86, 0x40, 0x0f, 0x36, 0x0c, 0x03, 0x1e, 0xec, 0xc1, 0x04,
    0xe1, 0x0c, 0xd0, 0x60, 0x43, 0xd0, 0x07, 0x24, 0xda, 0xc2, 0xd2, 0xdc, 0xb8, 0x4c, 0x59, 0x7d,
    0x41, 0xbd, 0xcd, 0xa5, 0xd1, 0xa5, 0xbd, 0xb9, 0x4d, 0x10, 0x0a, 0x6e, 0x82, 0x50, 0x74, 0x1b,
    0x02, 0x62, 0x82, 0x50, 0x78, 0x13, 0x84, 0xe2, 0xdb, 0xb0, 0x10, 0xa0, 0x10, 0x0a, 0xa2, 0x30,
    0x0a, 0xa4, 0x30, 0x90, 0x02, 0x51, 0x0a, 0x00, 0x11, 0xaa, 0x22, 0xac, 0xa1, 0xa7, 0x27, 0x29,
    0xa2, 0x09, 0x42, 0x01, 0x06, 0x1b, 0x84, 0x69, 0xda, 0xb0, 0x0c, 0xa7, 0x10, 0x0a, 0xa5, 0x30,
    0x0a, 0xa8, 0x30, 0xa0, 0xc2, 0x50, 0x0a, 0xa9, 0xb0, 0x21, 0x18, 0x26, 0x08, 0x45, 0x18, 0x6c,
    0x10, 0xa6, 0x61, 0xc3, 0xc2, 0x9c, 0x42, 0x28, 0x94, 0xc2, 0x2a, 0xa0, 0xc2, 0xc0, 0x0a, 0x03,
    0x2a, 0xb4, 0xc2, 0x86, 0xc1, 0x14, 0x54, 0xc1, 0x15, 0x98, 0x4c, 0x59, 0x7d, 0x51, 0x85, 0xc9,
    0x9d, 0x95, 0xd1, 0x4d, 0x10, 0x0a, 0x31, 0x98, 0x20, 0x10, 0xd9, 0x06, 0x61, 0x92, 0x85, 0x0d,
    0x0b, 0x01, 0x0b, 0xa1, 0x10, 0x0b, 0xa3, 0x50, 0x0a, 0x03, 0x29, 0x10, 0xa5, 0x30, 0x0b, 0x1b,
    0x02, 0x5a, 0xd8, 0x30, 0xbc, 0x42, 0x2d, 0x00, 0x1b, 0x0a, 0x3c, 0xf8, 0x03, 0x5b, 0xd8, 0x00,
    0x22, 0x62, 0x72, 0x61, 0x6e, 0x63, 0x68, 0x65, 0x73, 0x34, 0xcc, 0xd8, 0xde, 0xc2, 0xe8, 0xe6,
    0x26, 0x08, 0x84, 0xc6, 0x22, 0xcd, 0x6d, 0x8e, 0x6e, 0x6e, 0x82, 0x40, 0x6c, 0x34, 0xe6, 0xd2,
    0xce, 0xbe, 0xd8, 0xc8, 0x68, 0xcc, 0xa5, 0x9d, 0x7d, 0xcd, 0xd1, 0x11, 0xa1, 0x2b, 0xc3, 0xfb,
    0x72, 0x7b, 0x93, 0x6b, 0xdb, 0xc0, 0xe0, 0xc2, 0x90, 0x0b, 0xba, 0xb0, 0x0b, 0xbc, 0xd0, 0x0b,
    0x93, 0x2f, 0x88, 0xc1, 0x2f, 0x0c, 0x55, 0xd8, 0xd8, 0xec, 0xda, 0x5c, 0xd2, 0xc8, 0xca, 0xdc,
    0xe8, 0xa6, 0x04, 0x41, 0x15, 0x32, 0x3c, 0x17, 0xbb, 0x32, 0xb9, 0xb9, 0xb4, 0x37, 0xb7, 0x29,
    0x01, 0xd1, 0x84, 0x0c, 0xcf, 0xc5, 0x2e, 0x8c, 0xcd, 0xae, 0x4c, 0x6e, 0x4a, 0x50, 0xd4, 0x21,
    0xc3, 0x73, 0x99, 0x43, 0x0b, 0x23, 0x2b, 0x93, 0x6b, 0x7a, 0x23, 0x2b, 0x63, 0x9b, 0x12, 0x20,
    0x65, 0xc8, 0xf0, 0x5c, 0xe4, 0xca, 0xe6, 0xde, 0xea, 0xe4, 0xc6, 0xca, 0xe6, 0xa6, 0x04, 0x5a,
    0x25, 0x32, 0x3c, 0x17, 0xba, 0x3c, 0xb8, 0xb2, 0x20, 0x37, 0xb7, 0x37, 0xba, 0x30, 0xba, 0xb4,
    0x37, 0xb7, 0xb9, 0x29, 0x82, 0x1d, 0xec, 0x41, 0x1d, 0x32, 0x3c, 0x17, 0xbb, 0xb4, 0xb2, 0xbb,
    0x24, 0xb2, 0x29, 0xba, 0x30, 0xba, 0xb2, 0x29, 0x41, 0x1f, 0xd4, 0x21, 0xc3, 0x73, 0x29, 0x73,
    0xa3, 0x93, 0xcb, 0x83, 0x7a, 0x4b, 0x73, 0xa3, 0x9b, 0x9b, 0x12, 0xd8, 0x42, 0x17, 0x32, 0x3c,
    0x97, 0xb1, 0xb7, 0x3a, 0x37, 0xba, 0x32, 0xb9, 0xb9, 0x29, 0xc1, 0x2f, 0x00, 0x00, 0x00, 0x00,
    0x79, 0x18, 0x00, 0x00, 0x51, 0x00, 0x00, 0x00, 0x33, 0x08, 0x80, 0x1c, 0xc4, 0xe1, 0x1c, 0x66,
    0x14, 0x01, 0x3d, 0x88, 0x43, 0x38, 0x84, 0xc3, 0x8c, 0x42, 0x80, 0x07, 0x79, 0x78, 0x07, 0x73,
    0x98, 0x71, 0x0c, 0xe6, 0x00, 0x0f, 0xed, 0x10, 0x0e, 0xf4, 0x80, 0x0e, 0x33, 0x0c, 0x42, 0x1e,
    0xc2, 0xc1, 0x1d, 0xce, 0xa1, 0x1c, 0x66, 0x30, 0x05, 0x3d, 0x88, 0x43, 0x38, 0x84, 0x83, 0x1b,
    0xcc, 0x03, 0x3d, 0xc8, 0x43, 0x3d, 0x8c, 0x03, 0x3d, 0xcc, 0x78, 0x8c, 0x74, 0x70, 0x07, 0x7b,
    0x08, 0x07, 0x79, 0x48, 0x87, 0x70, 0x70, 0x07, 0x7a, 0x70, 0x03, 0x76, 0x78, 0x87, 0x70, 0x20,
    0x87, 0x19, 0xcc, 0x11, 0x0e, 0xec, 0x90, 0x0e, 0xe1, 0x30, 0x0f, 0x6e, 0x30, 0x0f, 0xe3, 0xf0,
    0x0e, 0xf0, 0x50, 0x0e, 0x33, 0x10, 0xc4, 0x1d, 0xde, 0x21, 0x1c, 0xd8, 0x21, 0x1d, 0xc2, 0x61,
    0x1e, 0x66, 0x30, 0x89, 0x3b, 0xbc, 0x83, 0x3b, 0xd0, 0x43, 0x39, 0xb4, 0x03, 0x3c, 0xbc, 0x83,
    0x3c, 0x84, 0x03, 0x3b, 0xcc, 0xf0, 0x14, 0x76, 0x60, 0x07, 0x7b, 0x68, 0x07, 0x37, 0x68, 0x87,
    0x72, 0x68, 0x07, 0x37, 0x80, 0x87, 0x70, 0x90, 0x87, 0x70, 0x60, 0x07, 0x76, 0x28, 0x07, 0x76,
    0xf8, 0x05, 0x76, 0x78, 0x87, 0x77, 0x80, 0x87, 0x5f, 0x08, 0x87, 0x71, 0x18, 0x87, 0x72, 0x98,
    0x87, 0x79, 0x98, 0x81, 0x2c, 0xee, 0xf0, 0x0e, 0xee, 0xe0, 0x0e, 0xf5, 0xc0, 0x0e, 0xec, 0x30,
    0x03, 0x62, 0xc8, 0xa1, 0x1c, 0xe4, 0xa1, 0x1c, 0xcc, 0xa1, 0x1c, 0xe4, 0xa1, 0x1c, 0xdc, 0x61,
    0x1c, 0xca, 0x21, 0x1c, 0xc4, 0x81, 0x1d, 0xca, 0x61, 0x06, 0xd6, 0x90, 0x43, 0x39, 0xc8, 0x43,
    0x39, 0x98, 0x43, 0x39, 0xc8, 0x43, 0x39, 0xb8, 0xc3, 0x38, 0x94, 0x43, 0x38, 0x88, 0x03, 0x3b,
    0x94, 0xc3, 0x2f, 0xbc, 0x83, 0x3c, 0xfc, 0x82, 0x3b, 0xd4, 0x03, 0x3b, 0xb0, 0xc3, 0x0c, 0xc4,
    0x21, 0x07, 0x7c, 0x70, 0x03, 0x7a, 0x28, 0x87, 0x76, 0x80, 0x87, 0x19, 0xd1, 0x43, 0x0e, 0xf8,
    0xe0, 0x06, 0xe4, 0x20, 0x0e, 0xe7, 0xe0, 0x06, 0xf6, 0x10, 0x0e, 0xf2, 0xc0, 0x0e, 0xe1, 0x90,
    0x0f, 0xef, 0x50, 0x0f, 0xf4, 0x30, 0x83, 0x81, 0xc8, 0x01, 0x1f, 0xdc, 0x40, 0x1c, 0xe4, 0xa1,
    0x1c, 0xc2, 0x61, 0x1d, 0xdc, 0x40, 0x1c, 0xe4, 0x01, 0x00, 0x00, 0x00, 0x71, 0x20, 0x00, 0x00,
    0x25, 0x00, 0x00, 0x00, 0x56, 0x00, 0x0d, 0x97, 0xef, 0x3c, 0x7e, 0x80, 0x34, 0x40, 0x84, 0xf9,
    0xc5, 0x6d, 0x1b, 0xc2, 0x36, 0x5c, 0xbe, 0xf3, 0xf8, 0x42, 0x40, 0x15, 0x05, 0x11, 0x95, 0x0e,
    0x30, 0x94, 0x84, 0x01, 0x08, 0x98, 0x5f, 0xdc, 0xb6, 0x25, 0x48, 0xc3, 0xe5, 0x3b, 0x8f, 0x2f,
    0x44, 0x04, 0x30, 0x11, 0x21, 0xd0, 0x0c, 0x0b, 0x61, 0x03, 0xcd, 0x70, 0xf9, 0xce, 0xe3, 0x0f,
    0x88, 0x24, 0x00, 0xd1, 0x60, 0x07, 0xce, 0x70, 0xf9, 0xce, 0xe3, 0x0f, 0xce, 0x74, 0xfb, 0xc5,
    0x6d, 0x5b, 0xc0, 0x34, 0x5c, 0xbe, 0xf3, 0xf8, 0x8b, 0x03, 0x0c, 0x62, 0xf3, 0x50, 0x93, 0x5f,
    0xdc, 0xb6, 0x11, 0x40, 0xc3, 0xe5, 0x3b, 0x8f, 0x2f, 0x01, 0xcc, 0xb3, 0x10, 0x7e, 0x71, 0xdb,
    0x26, 0x50, 0x0d, 0x97, 0xef, 0x3c, 0xbe, 0x34, 0x39, 0x11, 0x81, 0x52, 0xd3, 0x43, 0x4d, 0x7e,
    0x71, 0xdb, 0x66, 0xf0, 0x0c, 0x97, 0xef, 0x3c, 0x3e, 0xd5, 0x00, 0x11, 0xe6, 0x17, 0xb7, 0x6d,
    0x00, 0x04, 0x03, 0x20, 0x0d, 0x00, 0x00, 0x00, 0x00, 0x00, 0x00, 0x00, 0x48, 0x41, 0x53, 0x48,
    0x14, 0x00, 0x00, 0x00, 0x00, 0x00, 0x00, 0x00, 0x29, 0xc4, 0x1a, 0xb7, 0x60, 0x0e, 0x71, 0x81,
    0x24, 0x92, 0x21, 0x3f, 0x56, 0xa5, 0x5f, 0x5e, 0x44, 0x58, 0x49, 0x4c, 0xe8, 0x0a, 0x00, 0x00,
    0x60, 0x00, 0x00, 0x00, 0xba, 0x02, 0x00, 0x00, 0x44, 0x58, 0x49, 0x4c, 0x00, 0x01, 0x00, 0x00,
    0x10, 0x00, 0x00, 0x00, 0xd0, 0x0a, 0x00, 0x00, 0x42, 0x43, 0xc0, 0xde, 0x21, 0x0c, 0x00, 0x00,
    0xb1, 0x02, 0x00, 0x00, 0x0b, 0x82, 0x20, 0x00, 0x02, 0x00, 0x00, 0x00, 0x13, 0x00, 0x00, 0x00,
    0x07, 0x81, 0x23, 0x91, 0x41, 0xc8, 0x04, 0x49, 0x06, 0x10, 0x32, 0x39, 0x92, 0x01, 0x84, 0x0c,
    0x25, 0x05, 0x08, 0x19, 0x1e, 0x04, 0x8b, 0x62, 0x80, 0x18, 0x45, 0x02, 0x42, 0x92, 0x0b, 0x42,
    0xc4, 0x10, 0x32, 0x14, 0x38, 0x08, 0x18, 0x4b, 0x0a, 0x32, 0x62, 0x88, 0x48, 0x90, 0x14, 0x20,
    0x43, 0x46, 0x88, 0xa5, 0x00, 0x19, 0x32, 0x42, 0xe4, 0x48, 0x0e, 0x90, 0x11, 0x23, 0xc4, 0x50,
    0x41, 0x51, 0x81, 0x8c, 0xe1, 0x83, 0xe5, 0x8a, 0x04, 0x31, 0x46, 0x06, 0x51, 0x18, 0x00, 0x00,
    0x08, 0x00, 0x00, 0x00, 0x1b, 0x8c, 0xe0, 0xff, 0xff, 0xff, 0xff, 0x07, 0x40, 0x02, 0xa8, 0x0d,
    0x84, 0xf0, 0xff, 0xff, 0xff, 0xff, 0x03, 0x20, 0x6d, 0x30, 0x86, 0xff, 0xff, 0xff, 0xff, 0x1f,
    0x00, 0x09, 0xa8, 0x00, 0x49, 0x18, 0x00, 0x00, 0x03, 0x00, 0x00, 0x00, 0x13, 0x82, 0x60, 0x42,
    0x20, 0x4c, 0x08, 0x06, 0x00, 0x00, 0x00, 0x00, 0x89, 0x20, 0x00, 0x00, 0x59, 0x00, 0x00, 0x00,
    0x32, 0x22, 0x88, 0x09, 0x20, 0x64, 0x85, 0x04, 0x13, 0x23, 0xa4, 0x84, 0x04, 0x13, 0x23, 0xe3,
    0x84, 0xa1, 0x90, 0x14, 0x12, 0x4c, 0x8c, 0x8c, 0x0b, 0x84, 0xc4, 0x4c, 0x10, 0xa4, 0xc1, 0x08,
    0x40, 0x09, 0x00, 0x0a, 0x66, 0x00, 0xe6, 0x08, 0xc0, 0x60, 0x8e, 0x00, 0x29, 0xc6, 0x40, 0x10,
    0x44, 0x41, 0x90, 0x51, 0x0c, 0x80, 0x20, 0x88, 0x62, 0x20, 0x64, 0x8e, 0x20, 0x28, 0x03, 0x40,
    0x28, 0xb4, 0xdc, 0x34, 0x5c, 0xfe, 0x84, 0x3d, 0x84, 0xe4, 0xaf, 0x84, 0xb4, 0x12, 0x93, 0x5f,
    0xdc, 0x36, 0x2a, 0x86, 0x61, 0x18, 0x08, 0x2a, 0xee, 0x19, 0x2e, 0x7f, 0xc2, 0x1e, 0x42, 0xf2,
    0x43, 0xa0, 0x19, 0x16, 0x02, 0x05, 0x4e, 0x61, 0x1a, 0xe2, 0x79, 0x86, 0x61, 0x18, 0x08, 0x82,
    0x18, 0x08, 0x2a, 0xc4, 0x40, 0x0c, 0x03, 0x49, 0x65, 0x18, 0x88, 0x81, 0xa8, 0x82, 0x0c, 0xc4,
    0x30, 0x0c, 0xc3, 0x30, 0x90, 0x75, 0xd4, 0x70, 0xf9, 0x13, 0xf6, 0x10, 0x92, 0xcf, 0x6d, 0x54,
    0xb1, 0x12, 0x93, 0x5f, 0xdc, 0x36, 0x22, 0x86, 0x61, 0x18, 0x0a, 0x81, 0x11, 0x0f, 0x41, 0x59,
    0x31, 0x1e, 0xa2, 0x20, 0x08, 0x85, 0xb6, 0x81, 0x80, 0x61, 0x04, 0x62, 0x98, 0xa9, 0x0d, 0xc6,
    0x81, 0x1d, 0xc2, 0x61, 0x1e, 0xe6, 0xc1, 0x0d, 0x68, 0xa1, 0x1c, 0xf0, 0x81, 0x1e, 0xea, 0x41,
    0x1e, 0xca, 0x41, 0x0e, 0x48, 0x81, 0x0f, 0xec, 0xa1, 0x1c, 0xc6, 0x81, 0x1e, 0xde, 0x41, 0x1e,
    0xf8, 0xc0, 0x1c, 0xd8, 0xe1, 0x1d, 0xc2, 0x81, 0x1e, 0xd8, 0x00, 0x0c, 0xe8, 0xc0, 0x0f, 0xc0,
    0xc0, 0x0f, 0xf4, 0x40, 0x0f, 0xda, 0x21, 0x1d, 0xe0, 0x61, 0x1e, 0x7e, 0x81, 0x1e, 0xf2, 0x01,
    0x1e, 0xca, 0x01, 0x05, 0xc4, 0x4c, 0x62, 0x30, 0x0e, 0xec, 0x10, 0x0e, 0xf3, 0x30, 0x0f, 0x6e,
    0x40, 0x0b, 0xe5, 0x80, 0x0f, 0xf4, 0x50, 0x0f, 0xf2, 0x50, 0x0e, 0x72, 0x40, 0x0a, 0x7c, 0x60,
    0x0f, 0xe5, 0x30, 0x0e, 0xf4, 0xf0, 0x0e, 0xf2, 0xc0, 0x07, 0xe6, 0xc0, 0x0e, 0xef, 0x10, 0x0e,
    0xf4, 0xc0, 0x06, 0x60, 0x40, 0x07, 0x7e, 0x00, 0x06, 0x7e, 0x80, 0x04, 0xef, 0x23, 0x70, 0x18,
    0x41, 0x18, 0x4e, 0x62, 0x05, 0xa2, 0x21, 0x52, 0xe4, 0x22, 0x16, 0xb7, 0x41, 0x0a, 0x27, 0x62,
    0x24, 0x84, 0x0c, 0xc3, 0x30, 0x78, 0xc3, 0x20, 0xd2, 0x78, 0x93, 0x34, 0x45, 0x94, 0x30, 0xf9,
    0x2c, 0xc0, 0x3c, 0x0b, 0x11, 0xb1, 0x13, 0x30, 0x11, 0x28, 0x20, 0xa8, 0xcc, 0x04, 0x62, 0x0a,
    0x00, 0x00, 0x00, 0x00, 0x13, 0x14, 0x72, 0xc0, 0x87, 0x74, 0x60, 0x87, 0x36, 0x68, 0x87, 0x79,
    0x68, 0x03, 0x72, 0xc0, 0x87, 0x0d, 0xaf, 0x50, 0x0e, 0x6d, 0xd0, 0x0e, 0x7a, 0x50, 0x0e, 0x6d,
    0x00, 0x0f, 0x7a, 0x30, 0x07, 0x72, 0xa0, 0x07, 0x73, 0x20, 0x07, 0x6d, 0x90, 0x0e, 0x71, 0xa0,
    0x07, 0x73, 0x20, 0x07, 0x6d, 0x90, 0x0e, 0x78, 0xa0, 0x07, 0x73, 0x20, 0x07, 0x6d, 0x90, 0x0e,
    0x71, 0x60, 0x07, 0x7a, 0x30, 0x07, 0x72, 0xd0, 0x06, 0xe9, 0x30, 0x07, 0x72, 0xa0, 0x07, 0x73,
    0x20, 0x07, 0x6d, 0x90, 0x0e, 0x76, 0x40, 0x07, 0x7a, 0x60, 0x07, 0x74, 0xd0, 0x06, 0xe6, 0x10,
    0x07, 0x76, 0xa0, 0x07, 0x73, 0x20, 0x07, 0x6d, 0x60, 0x0e, 0x73, 0x20, 0x07, 0x7a, 0x30, 0x07,
    0x72, 0xd0, 0x06, 0xe6, 0x60, 0x07, 0x74, 0xa0, 0x07, 0x76, 0x40, 0x07, 0x6d, 0xe0, 0x0e, 0x78,
    0xa0, 0x07, 0x71, 0x60, 0x07, 0x7a, 0x30, 0x07, 0x72, 0xa0, 0x07, 0x76, 0x40, 0x07, 0x43, 0x9e,
    0x00, 0x00, 0x00, 0x00, 0x00, 0x00, 0x00, 0x00, 0x00, 0x00, 0x00, 0x86, 0x3c, 0x06, 0x10, 0x00,
    0x01, 0x00, 0x00, 0x00, 0x00, 0x00, 0x00, 0x00, 0x0c, 0x79, 0x10, 0x20, 0x00, 0x04, 0x00, 0x00,
    0x00, 0x00, 0x00, 0x00, 0x00, 0x18, 0xf2, 0x2c, 0x40, 0x00, 0x08, 0x00, 0x00, 0x00, 0x00, 0x00,
    0x00, 0x00, 0x30, 0xe4, 0x81, 0x80, 0x00, 0x18, 0x00, 0x00, 0x00, 0x00, 0x00, 0x00, 0x00, 0x60,
    0xc8, 0x23, 0x01, 0x01, 0x10, 0x00, 0x00, 0x00, 0x00, 0x00, 0x00, 0x00, 0xc0, 0x90, 0x87, 0x02,
    0x02, 0x20, 0x00, 0x00, 0x00, 0x00, 0x00, 0x00, 0x00, 0x80, 0x21, 0x8f, 0x05, 0x04, 0x40, 0x00,
    0x00, 0x00, 0x00, 0x00, 0x00, 0x00, 0x00, 0x43, 0x9e, 0x0c, 0x08, 0x80, 0x01, 0x00, 0x00, 0x00,
    0x00, 0x00, 0x00, 0x00, 0x86, 0x3c, 0x1b, 0x10, 0x00, 0x03, 0x00, 0x00, 0x00, 0x00, 0x00, 0x00,
    0x00, 0x64, 0x81, 0x00, 0x10, 0x00, 0x00, 0x00, 0x32, 0x1e, 0x98, 0x14, 0x19, 0x11, 0x4c, 0x90,
    0x8c, 0x09, 0x26, 0x47, 0xc6, 0x04, 0x43, 0x22, 0x4a, 0x60, 0x04, 0xa0, 0x1c, 0x8a, 0xa1, 0x08,
    0x4a, 0xa2, 0x0c, 0x0a, 0xac, 0x3c, 0xa8, 0x28, 0x89, 0x32, 0x28, 0x84, 0x11, 0x80, 0x22, 0x28,
    0x81, 0x02, 0xa1, 0x70, 0x06, 0x80, 0xc8, 0x19, 0x00, 0x32, 0x67, 0x00, 0xe8, 0x1c, 0x2b, 0x39,
    0x08, 0x00, 0x00, 0x80, 0xe3, 0x38, 0x00, 0x00, 0x79, 0x18, 0x00, 0x00, 0x6a, 0x00, 0x00, 0x00,
    0x1a, 0x03, 0x4c, 0x90, 0x46, 0x02, 0x13, 0x44, 0x8f, 0x0c, 0x6f, 0xec, 0xed, 0x4d, 0x0c, 0x24,
    0xc6, 0xe5, 0xc6, 0x45, 0x66, 0x06, 0x06, 0xc7, 0x25, 0xc6, 0x06, 0x04, 0xa5, 0x46, 0x86, 0x2c,
    0x2c, 0xe6, 0xa6, 0x4c, 0x26, 0x27, 0x65, 0x43, 0x10, 0x4c, 0x10, 0x08, 0x65, 0x82, 0x40, 0x2c,
    0x1b, 0x84, 0x81, 0x98, 0x20, 0x10, 0xcc, 0x06, 0x61, 0x30, 0x28, 0xc0, 0xcd, 0x4d, 0x10, 0x88,
    0x66, 0xc3, 0x80, 0x24, 0xc4, 0x04, 0x21, 0x0c, 0x34, 0x02, 0x13, 0x04, 0xc2, 0x99, 0x20, 0x10,
    0xcf, 0x06, 0x81, 0x70, 0x36, 0x24, 0xc4, 0xc2, 0x34, 0xc4, 0xd0, 0x10, 0xcf, 0x86, 0x00, 0x9a,
    0x20, 0x90, 0xc1, 0x36, 0x41, 0x20, 0xa0, 0x09, 0x02, 0x11, 0x6d, 0x40, 0x08, 0x89, 0x99, 0x88,
    0x81, 0x02, 0x36, 0x04, 0xd5, 0x04, 0xc1, 0x0c, 0xb8, 0x0d, 0x08, 0x71, 0x31, 0x0d, 0x31, 0x10,
    0xc0, 0x86, 0x00, 0xdb, 0x40, 0x44, 0x80, 0x95, 0x4d, 0x10, 0xce, 0xa0, 0xdb, 0x10, 0x6c, 0x13,
    0x04, 0x01, 0x20, 0xd1, 0x16, 0x96, 0xe6, 0xc6, 0x65, 0xca, 0xea, 0x0b, 0xea, 0x6d, 0x2e, 0x8d,
    0x2e, 0xed, 0xcd, 0x6d, 0x82, 0x50, 0x4c, 0x13, 0x84, 0x82, 0xda, 0x10, 0x10, 0x13, 0x84, 0xa2,
    0x9a, 0x20, 0x14, 0xd6, 0x86, 0x85, 0xf8, 0xc0, 0x20, 0x0c, 0xc4, 0x60, 0x0c, 0x86, 0x31, 0x20,
    0xc8, 0x00, 0x20, 0x42, 0x55, 0x84, 0x35, 0xf4, 0xf4, 0x24, 0x45, 0x34, 0x41, 0x28, 0xae, 0x0d,
    0xc2, 0x34, 0x6d, 0x58, 0x06, 0x33, 0x00, 0x03, 0x32, 0x10, 0x83, 0x33, 0x18, 0xce, 0x60, 0x20,
    0x03, 0x34, 0xd8, 0x10, 0x0c, 0x13, 0x84, 0x02, 0xdb, 0x20, 0x4c, 0xc3, 0x86, 0xa5, 0x31, 0x03,
    0x30, 0x20, 0x03, 0x35, 0x38, 0x83, 0x61, 0x0d, 0x86, 0x33, 0x60, 0x83, 0x0d, 0x43, 0x19, 0xa4,
    0x41, 0x1b, 0x30, 0x99, 0xb2, 0xfa, 0xa2, 0x0a, 0x93, 0x3b, 0x2b, 0xa3, 0x9b, 0x20, 0x14, 0xd9,
    0x04, 0x81, 0x90, 0x36, 0x08, 0x53, 0x1c, 0x6c, 0x58, 0x88, 0x37, 0x00, 0x03, 0x38, 0x10, 0x03,
    0x32, 0x18, 0xc6, 0x80, 0x20, 0x03, 0x39, 0xd8, 0x10, 0xcc, 0xc1, 0x86, 0xc1, 0x0d, 0xe8, 0x00,
    0xd8, 0x50, 0x74, 0x5e, 0x1d, 0x68, 0x40, 0x15, 0x36, 0x36, 0xbb, 0x36, 0x97, 0x34, 0xb2, 0x32,
    0x37, 0xba, 0x29, 0x41, 0x50, 0x85, 0x0c, 0xcf, 0xc5, 0xae, 0x4c, 0x6e, 0x2e, 0xed, 0xcd, 0x6d,
    0x4a, 0x40, 0x34, 0x21, 0xc3, 0x73, 0xb1, 0x0b, 0x63, 0xb3, 0x2b, 0x93, 0x9b, 0x12, 0x18, 0x75,
    0xc8, 0xf0, 0x5c, 0xe6, 0xd0, 0xc2, 0xc8, 0xca, 0xe4, 0x9a, 0xde, 0xc8, 0xca, 0xd8, 0xa6, 0x04,
    0x49, 0x19, 0x32, 0x3c, 0x17, 0xb9, 0xb2, 0xb9, 0xb7, 0x3a, 0xb9, 0xb1, 0xb2, 0xb9, 0x29, 0x41,
    0x56, 0x87, 0x0c, 0xcf, 0xc5, 0x2e, 0xad, 0xec, 0x2e, 0x89, 0x6c, 0x8a, 0x2e, 0x8c, 0xae, 0x6c,
    0x4a, 0xb0, 0xd5, 0x21, 0xc3, 0x73, 0x29, 0x73, 0xa3, 0x93, 0xcb, 0x83, 0x7a, 0x4b, 0x73, 0xa3,
    0x9b, 0x9b, 0x12, 0xd4, 0x01, 0x00, 0x00, 0x00, 0x79, 0x18, 0x00, 0x00, 0x51, 0x00, 0x00, 0x00,
    0x33, 0x08, 0x80, 0x1c, 0xc4, 0xe1, 0x1c, 0x66, 0x14, 0x01, 0x3d, 0x88, 0x43, 0x38, 0x84, 0xc3,
    0x8c, 0x42, 0x80, 0x07, 0x79, 0x78, 0x07, 0x73, 0x98, 0x71, 0x0c, 0xe6, 0x00, 0x0f, 0xed, 0x10,
    0x0e, 0xf4, 0x80, 0x0e, 0x33, 0x0c, 0x42, 0x1e, 0xc2, 0xc1, 0x1d, 0xce, 0xa1, 0x1c, 0x66, 0x30,
    0x05, 0x3d, 0x88, 0x43, 0x38, 0x84, 0x83, 0x1b, 0xcc, 0x03, 0x3d, 0xc8, 0x43, 0x3d, 0x8c, 0x03,
    0x3d, 0xcc, 0x78, 0x8c, 0x74, 0x70, 0x07, 0x7b, 0x08, 0x07, 0x79, 0x48, 0x87, 0x70, 0x70, 0x07,
    0x7a, 0x70, 0x03, 0x76, 0x78, 0x87, 0x70, 0x20, 0x87, 0x19, 0xcc, 0x11, 0x0e, 0xec, 0x90, 0x0e,
    0xe1, 0x30, 0x0f, 0x6e, 0x30, 0x0f, 0xe3, 0xf0, 0x0e, 0xf0, 0x50, 0x0e, 0x33, 0x10, 0xc4, 0x1d,
    0xde, 0x21, 0x1c, 0xd8, 0x21, 0x1d, 0xc2, 0x61, 0x1e, 0x66, 0x30, 0x89, 0x3b, 0xbc, 0x83, 0x3b,
    0xd0, 0x43, 0x39, 0xb4, 0x03, 0x3c, 0xbc, 0x83, 0x3c, 0x84, 0x03, 0x3b, 0xcc, 0xf0, 0x14, 0x76,
    0x60, 0x07, 0x7b, 0x68, 0x07, 0x37, 0x68, 0x87, 0x72, 0x68, 0x07, 0x37, 0x80, 0x87, 0x70, 0x90,
    0x87, 0x70, 0x60, 0x07, 0x76, 0x28, 0x07, 0x76, 0xf8, 0x05, 0x76, 0x78, 0x87, 0x77, 0x80, 0x87,
    0x5f, 0x08, 0x87, 0x71, 0x18, 0x87, 0x72, 0x98, 0x87, 0x79, 0x98, 0x81, 0x2c, 0xee, 0xf0, 0x0e,
    0xee, 0xe0, 0x0e, 0xf5, 0xc0, 0x0e, 0xec, 0x30, 0x03, 0x62, 0xc8, 0xa1, 0x1c, 0xe4, 0xa1, 0x1c,
    0xcc, 0xa1, 0x1c, 0xe4, 0xa1, 0x1c, 0xdc, 0x61, 0x1c, 0xca, 0x21, 0x1c, 0xc4, 0x81, 0x1d, 0xca,
    0x61, 0x06, 0xd6, 0x90, 0x43, 0x39, 0xc8, 0x43, 0x39, 0x98, 0x43, 0x39, 0xc8, 0x43, 0x39, 0xb8,
    0xc3, 0x38, 0x94, 0x43, 0x38, 0x88, 0x03, 0x3b, 0x94, 0xc3, 0x2f, 0xbc, 0x83, 0x3c, 0xfc, 0x82,
    0x3b, 0xd4, 0x03, 0x3b, 0xb0, 0xc3, 0x0c, 0xc4, 0x21, 0x07, 0x7c, 0x70, 0x03, 0x7a, 0x28, 0x87,
    0x76, 0x80, 0x87, 0x19, 0xd1, 0x43, 0x0e, 0xf8, 0xe0, 0x06, 0xe4, 0x20, 0x0e, 0xe7, 0xe0, 0x06,
    0xf6, 0x10, 0x0e, 0xf2, 0xc0, 0x0e, 0xe1, 0x90, 0x0f, 0xef, 0x50, 0x0f, 0xf4, 0x30, 0x83, 0x81,
    0xc8, 0x01, 0x1f, 0xdc, 0x40, 0x1c, 0xe4, 0xa1, 0x1c, 0xc2, 0x61, 0x1d, 0xdc, 0x40, 0x1c, 0xe4,
    0x01, 0x00, 0x00, 0x00, 0x71, 0x20, 0x00, 0x00, 0x25, 0x00, 0x00, 0x00, 0x56, 0x00, 0x0d, 0x97,
    0xef, 0x3c, 0x7e, 0x80, 0x34, 0x40, 0x84, 0xf9, 0xc5, 0x6d, 0x1b, 0xc2, 0x36, 0x5c, 0xbe, 0xf3,
    0xf8, 0x42, 0x40, 0x15, 0x05, 0x11, 0x95, 0x0e, 0x30, 0x94, 0x84, 0x01, 0x08, 0x98, 0x5f, 0xdc,
    0xb6, 0x25, 0x48, 0xc3, 0xe5, 0x3b, 0x8f, 0x2f, 0x44, 0x04, 0x30, 0x11, 0x21, 0xd0, 0x0c, 0x0b,
    0x61, 0x03, 0xcd, 0x70, 0xf9, 0xce, 0xe3, 0x0f, 0x88, 0x24, 0x00, 0xd1, 0x60, 0x07, 0xce, 0x70,
    0xf9, 0xce, 0xe3, 0x0f, 0xce, 0x74, 0xfb, 0xc5, 0x6d, 0x5b, 0xc0, 0x34, 0x5c, 0xbe, 0xf3, 0xf8,
    0x8b, 0x03, 0x0c, 0x62, 0xf3, 0x50, 0x93, 0x5f, 0xdc, 0xb6, 0x11, 0x40, 0xc3, 0xe5, 0x3b, 0x8f,
    0x2f, 0x01, 0xcc, 0xb3, 0x10, 0x7e, 0x71, 0xdb, 0x26, 0x50, 0x0d, 0x97, 0xef, 0x3c, 0xbe, 0x34,
    0x39, 0x11, 0x81, 0x52, 0xd3, 0x43, 0x4d, 0x7e, 0x71, 0xdb, 0x66, 0xf0, 0x0c, 0x97, 0xef, 0x3c,
    0x3e, 0xd5, 0x00, 0x11, 0xe6, 0x17, 0xb7, 0x6d, 0x00, 0x04, 0x03, 0x20, 0x0d, 0x00, 0x00, 0x00,
    0x61, 0x20, 0x00, 0x00, 0xf3, 0x00, 0x00, 0x00, 0x13, 0x04, 0x43, 0x2c, 0x10, 0x00, 0x00, 0x00,
    0x19, 0x00, 0x00, 0x00, 0xa4, 0xd4, 0xc0, 0x08, 0x00, 0x11, 0xe5, 0x56, 0xa4, 0x01, 0x85, 0x57,
    0xa8, 0x01, 0x65, 0x1a, 0x50, 0x48, 0xe5, 0x52, 0x76, 0x85, 0x50, 0x46, 0x33, 0x00, 0xa5, 0x52,
    0x0a, 0x25, 0x47, 0xc3, 0x18, 0x01, 0x08, 0x82, 0x20, 0xfc, 0x0b, 0x63, 0x04, 0x38, 0x7b, 0x9f,
    0xb9, 0x37, 0x46, 0x90, 0xeb, 0xa5, 0x3b, 0x7f, 0x63, 0x04, 0xb0, 0xcf, 0xce, 0xe5, 0x37, 0x46,
    0xb0, 0xc7, 0x6a, 0xbc, 0xff, 0xc2, 0x18, 0x41, 0xdf, 0xb7, 0x2c, 0xae, 0x8d, 0x00, 0x8c, 0x11,
    0xb0, 0x6d, 0xfc, 0xca, 0xdb, 0x0c, 0xc0, 0x18, 0x01, 0x08, 0x82, 0x20, 0xfc, 0x8d, 0x11, 0x80,
    0x20, 0x08, 0xe2, 0x1f, 0x00, 0x00, 0x00, 0x00, 0x23, 0x06, 0x09, 0x00, 0x82, 0x60, 0xb0, 0xc1,
    0x01, 0x33, 0x06, 0x6e, 0xe0, 0x06, 0xda, 0x88, 0x41, 0x02, 0x80, 0x20, 0x18, 0x6c, 0x71, 0xd0,
    0x98, 0xc1, 0x1b, 0xbc, 0xc1, 0x36, 0x62, 0x90, 0x00, 0x20, 0x08, 0x06, 0x9b, 0x1c, 0x38, 0x64,
    0x00, 0x07, 0x70, 0xc0, 0x8d, 0x18, 0x24, 0x00, 0x08, 0x82, 0x81, 0xb1, 0x07, 0x94, 0x1b, 0xc4,
    0x81, 0x19, 0x48, 0x23, 0x06, 0x09, 0x00, 0x82, 0x60, 0x60, 0xf0, 0x41, 0x35, 0x07, 0x72, 0x70,
    0x06, 0xd3, 0x88, 0x41, 0x02, 0x80, 0x20, 0x18, 0x18, 0x7d, 0x60, 0xd1, 0xc1, 0x1c, 0x98, 0x01,
    0x35, 0x62, 0xf0, 0x00, 0x20, 0x08, 0x06, 0xd0, 0x1e, 0x74, 0x46, 0x21, 0x04, 0x49, 0x42, 0x07,
    0x74, 0x50, 0x25, 0xa3, 0x09, 0x01, 0x30, 0x9a, 0x20, 0x04, 0xa3, 0x09, 0x83, 0x30, 0x9a, 0x40,
    0x0c, 0xc3, 0x11, 0x41, 0x43, 0x7c, 0xb3, 0x0c, 0x81, 0x10, 0x8c, 0x18, 0x18, 0x00, 0x08, 0x82,
    0xc1, 0x22, 0x0a, 0x64, 0x70, 0x06, 0xb3, 0x04, 0xc2, 0x88, 0xc1, 0x01, 0x80, 0x20, 0x18, 0x64,
    0x7d, 0xe0, 0x29, 0x7a, 0x30, 0x9a, 0x10, 0x04, 0xf6, 0x04, 0xf4, 0x19, 0x31, 0x38, 0x00, 0x10,
    0x04, 0x03, 0x69, 0x14, 0x3e, 0x64, 0x1a, 0x31, 0x38, 0x00, 0x10, 0x04, 0x03, 0x89, 0x14, 0xc0,
    0x00, 0xa1, 0x46, 0x0c, 0x0e, 0x00, 0x04, 0xc1, 0x40, 0x2a, 0x85, 0x30, 0x40, 0xaa, 0x11, 0x03,
    0x03, 0x00, 0x41, 0x30, 0xa0, 0x4a, 0xa1, 0x0c, 0x86, 0x11, 0x03, 0x03, 0x00, 0x41, 0x30, 0xa0,
    0x4c, 0xc1, 0x0c, 0x86, 0x11, 0x03, 0x03, 0x00, 0x41, 0x30, 0xa0, 0x4e, 0xe1, 0x0c, 0x06, 0x1b,
    0x0e, 0xf9, 0xd8, 0x80, 0xc8, 0xc7, 0x86, 0x44, 0x3e, 0x23, 0x06, 0x06, 0x00, 0x82, 0x60, 0x40,
    0xad, 0x82, 0x19, 0x0c, 0x23, 0x06, 0x06, 0x00, 0x82, 0x60, 0x40, 0xb1, 0xc2, 0x19, 0x0c, 0x23,
    0x06, 0x06, 0x00, 0x82, 0x60, 0x40, 0xb5, 0x02, 0x1a, 0x0c, 0xa3, 0x09, 0x8f, 0x60, 0x59, 0x10,
    0x9f, 0x11, 0x83, 0x03, 0x00, 0x41, 0x30, 0x90, 0x62, 0xa1, 0x0d, 0xc4, 0x20, 0x18, 0x4d, 0x90,
    0x00, 0x13, 0x04, 0xf9, 0x58, 0x70, 0x06, 0xf2, 0xb1, 0x61, 0x90, 0x8f, 0x05, 0x82, 0x7c, 0x46,
    0x0c, 0x0c, 0x00, 0x04, 0xc1, 0x80, 0xb2, 0x85, 0x38, 0x08, 0xac, 0x0c, 0x82, 0xf8, 0x8c, 0x18,
    0x18, 0x00, 0x08, 0x82, 0x01, 0x85, 0x0b, 0xb2, 0x10, 0x8c, 0x18, 0x1c, 0x00, 0x08, 0x82, 0x41,
    0x76, 0x0b, 0x78, 0x40, 0x06, 0xb5, 0x30, 0x9a, 0x10, 0x00, 0xa3, 0x09, 0x42, 0x30, 0x9a, 0x30,
    0x08, 0x36, 0x48, 0xf1, 0xb1, 0x41, 0x8a, 0x8f, 0x0d, 0x52, 0x7c, 0x6c, 0x40, 0xe4, 0x63, 0x43,
    0x22, 0x1f, 0x1b, 0x14, 0xf9, 0xd8, 0x80, 0xc1, 0xc7, 0x06, 0x0c, 0x3e, 0x36, 0x60, 0xf0, 0x19,
    0x31, 0x58, 0x00, 0x10, 0x04, 0x03, 0xab, 0x1c, 0x58, 0x61, 0x10, 0x82, 0x3d, 0xe0, 0x83, 0x3e,
    0x18, 0x4d, 0x40, 0x83, 0xc1, 0x0a, 0x21, 0x3e, 0x56, 0x0c, 0xf1, 0xb1, 0x82, 0x88, 0x8f, 0x0d,
    0x84, 0x7c, 0x6c, 0x28, 0xe4, 0x63, 0x83, 0x21, 0x1f, 0x43, 0x4c, 0x01, 0x3e, 0x16, 0x10, 0xf0,
    0x31, 0x81, 0x80, 0x8f, 0x0d, 0x04, 0x7c, 0x46, 0x0c, 0x0e, 0x00, 0x04, 0xc1, 0x20, 0x83, 0x87,
    0x58, 0xe8, 0x03, 0x75, 0x18, 0x4d, 0x08, 0x00, 0x2b, 0x02, 0xf9, 0x58, 0x21, 0xc8, 0xc7, 0x8a,
    0x41, 0x3e, 0x36, 0x98, 0x02, 0x7c, 0x6c, 0x38, 0x05, 0xf8, 0xd8, 0x80, 0x0a, 0xf0, 0x19, 0x31,
    0x30, 0x00, 0x10, 0x04, 0x03, 0x4a, 0x1f, 0xe8, 0x61, 0x18, 0x31, 0x30, 0x00, 0x10, 0x04, 0x03,
    0x6a, 0x1f, 0xea, 0x61, 0x18, 0x31, 0x30, 0x00, 0x10, 0x04, 0x03, 0x8a, 0x1f, 0xec, 0x61, 0x18,
    0x4d, 0x58, 0x02, 0x0b, 0x08, 0xf8, 0x98, 0x40, 0xc0, 0xc7, 0x06, 0x02, 0x3e, 0x23, 0x06, 0x06,
    0x00, 0x82, 0x60, 0x40, 0x85, 0xc4, 0x3e, 0x0c, 0x23, 0x06, 0x06, 0x00, 0x82, 0x60, 0x40, 0x89,
    0x04, 0x3f, 0x0c, 0x23, 0x06, 0x06, 0x00, 0x82, 0x60, 0x40, 0x8d, 0x44, 0x3f, 0x0c, 0x26, 0x0b,
    0xad, 0x10, 0x1f, 0x9b, 0x85, 0x56, 0x88, 0xcf, 0x88, 0xc1, 0x01, 0x80, 0x20, 0x18, 0x48, 0x27,
    0x71, 0x0e, 0xaf, 0x20, 0x8c, 0x18, 0x1c, 0x00, 0x08, 0x82, 0x81, 0x84, 0x12, 0xe8, 0xf0, 0x0a,
    0xc2, 0x88, 0x81, 0x01, 0x80, 0x20, 0x18, 0x50, 0x28, 0xa1, 0x0e, 0xb1, 0x30, 0x62, 0x60, 0x00,
    0x20, 0x08, 0x06, 0x54, 0x4a, 0xac, 0x43, 0x2c, 0x8c, 0x18, 0x18, 0x00, 0x08, 0x82, 0x01, 0xa5,
    0x12, 0x23, 0x21, 0x8c, 0x18, 0x18, 0x00, 0x08, 0x82, 0x01, 0xb5, 0x12, 0x24, 0x21, 0x8c, 0x18,
    0x18, 0x00, 0x08, 0x82, 0x01, 0xc5, 0x12, 0xef, 0x50, 0x0b, 0x23, 0x06, 0x06, 0x00, 0x82, 0x60,
    0x40, 0xb5, 0x04, 0x3c, 0xd4, 0xc2, 0x88, 0x81, 0x01, 0x80, 0x20, 0x18, 0x50, 0x2e, 0x71, 0x12,
    0xc2, 0x88, 0x81, 0x01, 0x80, 0x20, 0x18, 0x50, 0x2f, 0x81, 0x12, 0x82, 0x09, 0x06, 0x7c, 0x4c,
    0x30, 0xe0, 0x33, 0x62, 0x70, 0x00, 0x20, 0x08, 0x06, 0xd2, 0x4c, 0xbc, 0x83, 0x50, 0x0e, 0x23,
    0x06, 0x07, 0x00, 0x82, 0x60, 0x20, 0xd1, 0x04, 0x3c, 0x08, 0xe6, 0x60, 0x4d, 0x40, 0x1f, 0x7b,
    0x06, 0xfa, 0x8c, 0x18, 0x1c, 0x00, 0x08, 0x82, 0x81, 0x74, 0x13, 0xf7, 0x10, 0x08, 0xc3, 0x11,
    0x81, 0x39, 0x10, 0xdf, 0x74, 0x83, 0x39, 0xa8, 0x43, 0x60, 0x18, 0x26, 0x1f, 0xc3, 0x30, 0xf9,
    0x18, 0x86, 0xc9, 0xc7, 0x86, 0x2d, 0x3e, 0x36, 0x6c, 0xf1, 0xb1, 0x61, 0x8b, 0x8f, 0x1d, 0x83,
    0x7c, 0x0c, 0x19, 0xe4, 0x63, 0xc9, 0x20, 0x1f, 0x1b, 0xc2, 0x00, 0x3e, 0x36, 0x84, 0x01, 0x7c,
    0x6c, 0x08, 0x03, 0xf8, 0x8c, 0x18, 0x24, 0x00, 0x08, 0x82, 0x01, 0x92, 0x16, 0xff, 0x00, 0x16,
    0x60, 0x51, 0x13, 0xc3, 0x88, 0x41, 0x02, 0x80, 0x20, 0x18, 0x20, 0x69, 0xf1, 0x0f, 0x60, 0x01,
    0x16, 0x33, 0x21, 0x8c, 0x18, 0x24, 0x00, 0x08, 0x82, 0x01, 0x92, 0x16, 0xff, 0x00, 0x16, 0x60,
    0x41, 0x13, 0xc1, 0x88, 0x41, 0x02, 0x80, 0x20, 0x18, 0x20, 0x69, 0xf1, 0x0f, 0x60, 0x01, 0x16,
    0x37, 0x31, 0x0f, 0x08, 0x00, 0x00, 0x00, 0x00
};
static const unsigned int game_scene_track_darken_pixel_dxil_size = 5592;

static const unsigned char game_scene_sign_pixel_dxil[] = {
    0x44, 0x58, 0x42, 0x43, 0xa9, 0xbe, 0xe8, 0xcb, 0x64, 0x2e, 0x1e, 0x4b, 0xea, 0xf0, 0x85, 0x3d,
    0x96, 0xe0, 0x1d, 0x81, 0x01, 0x00, 0x00, 0x00, 0x04, 0x17, 0x00, 0x00, 0x07, 0x00, 0x00, 0x00,
    0x3c, 0x00, 0x00, 0x00, 0x4c, 0x00, 0x00, 0x00, 0xd4, 0x00, 0x00, 0x00, 0x10, 0x01, 0x00, 0x00,
    0x3c, 0x02, 0x00, 0x00, 0xa0, 0x0b, 0x00, 0x00, 0xbc, 0x0b, 0x00, 0x00, 0x53, 0x46, 0x49, 0x30,
    0x08, 0x00, 0x00, 0x00, 0x00, 0x00, 0x00, 0x00, 0x00, 0x00, 0x00, 0x00, 0x49, 0x53, 0x47, 0x31,
    0x80, 0x00, 0x00, 0x00, 0x03, 0x00, 0x00, 0x00, 0x08, 0x00, 0x00, 0x00, 0x00, 0x00, 0x00, 0x00,
    0x68, 0x00, 0x00, 0x00, 0x00, 0x00, 0x00, 0x00, 0x01, 0x00, 0x00, 0x00, 0x03, 0x00, 0x00, 0x00,
    0x00, 0x00, 0x00, 0x00, 0x0f, 0x07, 0x00, 0x00, 0x00, 0x00, 0x00, 0x00, 0x00, 0x00, 0x00, 0x00,
    0x74, 0x00, 0x00, 0x00, 0x00, 0x00, 0x00, 0x00, 0x00, 0x00, 0x00, 0x00, 0x03, 0x00, 0x00, 0x00,
    0x01, 0x00, 0x00, 0x00, 0x03, 0x03, 0x00, 0x00, 0x00, 0x00, 0x00, 0x00, 0x00, 0x00, 0x00, 0x00,
    0x74, 0x00, 0x00, 0x00, 0x01, 0x00, 0x00, 0x00, 0x00, 0x00, 0x00, 0x00, 0x03, 0x00, 0x00, 0x00,
    0x01, 0x00, 0x00, 0x00, 0x04, 0x04, 0x00, 0x00, 0x00, 0x00, 0x00, 0x00, 0x53, 0x56, 0x5f, 0x50,
    0x6f, 0x73, 0x69, 0x74, 0x69, 0x6f, 0x6e, 0x00, 0x54, 0x45, 0x58, 0x43, 0x4f, 0x4f, 0x52, 0x44,
    0x00, 0x00, 0x00, 0x00, 0x4f, 0x53, 0x47, 0x31, 0x34, 0x00, 0x00, 0x00, 0x01, 0x00, 0x00, 0x00,
    0x08, 0x00, 0x00, 0x00, 0x00, 0x00, 0x00, 0x00, 0x28, 0x00, 0x00, 0x00, 0x00, 0x00, 0x00, 0x00,
    0x40, 0x00, 0x00, 0x00, 0x03, 0x00, 0x00, 0x00, 0x00, 0x00, 0x00, 0x00, 0x0f, 0x00, 0x00, 0x00,
    0x00, 0x00, 0x00, 0x00, 0x53, 0x56, 0x5f, 0x54, 0x61, 0x72, 0x67, 0x65, 0x74, 0x00, 0x00, 0x00,
    0x50, 0x53, 0x56, 0x30, 0x24, 0x01, 0x00, 0x00, 0x30, 0x00, 0x00, 0x00, 0x00, 0x00, 0x00, 0x00,
    0x00, 0x00, 0x00, 0x00, 0x00, 0x00, 0x00, 0x00, 0x00, 0x00, 0x00, 0x00, 0x00, 0x00, 0x00, 0x00,
    0xff, 0xff, 0xff, 0xff, 0x00, 0x00, 0x00, 0x00, 0x03, 0x01, 0x00, 0x02, 0x01, 0x00, 0x00, 0x00,
    0x00, 0x00, 0x00, 0x00, 0x00, 0x00, 0x00, 0x00, 0x00, 0x00, 0x00, 0x00, 0x04, 0x00, 0x00, 0x00,
    0x18, 0x00, 0x00, 0x00, 0x02, 0x00, 0x00, 0x00, 0x03, 0x00, 0x00, 0x00, 0x00, 0x00, 0x00, 0x00,
    0x00, 0x00, 0x00, 0x00, 0x0d, 0x00, 0x00, 0x00, 0x00, 0x00, 0x00, 0x00, 0x01, 0x00, 0x00, 0x00,
    0x02, 0x00, 0x00, 0x00, 0x00, 0x00, 0x00, 0x00, 0x00, 0x00, 0x00, 0x00, 0x0e, 0x00, 0x00, 0x00,
    0x00, 0x00, 0x00, 0x00, 0x03, 0x00, 0x00, 0x00, 0x02, 0x00, 0x00, 0x00, 0x00, 0x00, 0x00, 0x00,
    0x00, 0x00, 0x00, 0x00, 0x02, 0x00, 0x00, 0x00, 0x00, 0x00, 0x00, 0x00, 0x03, 0x00, 0x00, 0x00,
    0x02, 0x00, 0x00, 0x00, 0x01, 0x00, 0x00, 0x00, 0x01, 0x00, 0x00, 0x00, 0x02, 0x00, 0x00, 0x00,
    0x00, 0x00, 0x00, 0x00, 0x14, 0x00, 0x00, 0x00, 0x00, 0x54, 0x45, 0x58, 0x43, 0x4f, 0x4f, 0x52,
    0x44, 0x00, 0x54, 0x45, 0x58, 0x43, 0x4f, 0x4f, 0x52, 0x44, 0x00, 0x00, 0x02, 0x00, 0x00, 0x00,
    0x00, 0x00, 0x00, 0x00, 0x01, 0x00, 0x00, 0x00, 0x10, 0x00, 0x00, 0x00, 0x00, 0x00, 0x00, 0x00,
    0x00, 0x00, 0x00, 0x00, 0x01, 0x00, 0x44, 0x03, 0x03, 0x04, 0x00, 0x00, 0x01, 0x00, 0x00, 0x00,
    0x00, 0x00, 0x00, 0x00, 0x01, 0x01, 0x42, 0x00, 0x03, 0x02, 0x00, 0x00, 0x0a, 0x00, 0x00, 0x00,
    0x01, 0x00, 0x00, 0x00, 0x01, 0x01, 0x61, 0x00, 0x03, 0x02, 0x00, 0x00, 0x00, 0x00, 0x00, 0x00,
    0x00, 0x00, 0x00, 0x00, 0x01, 0x00, 0x44, 0x10, 0x03, 0x00, 0x00, 0x00, 0x00, 0x00, 0x00, 0x00,
    0x00, 0x00, 0x00, 0x00, 0x00, 0x00, 0x00, 0x00, 0x00, 0x00, 0x00, 0x00, 0x0f, 0x00, 0x00, 0x00,
    0x0f, 0x00, 0x00, 0x00, 0x07, 0x00, 0x00, 0x00, 0x00, 0x00, 0x00, 0x00, 0x53, 0x54, 0x41, 0x54,
    0x5c, 0x09, 0x00, 0x00, 0x60, 0x00, 0x00, 0x00, 0x57, 0x02, 0x00, 0x00, 0x44, 0x58, 0x49, 0x4c,
    0x00, 0x01, 0x00, 0x00, 0x10, 0x00, 0x00, 0x00, 0x44, 0x09, 0x00, 0x00, 0x42, 0x43, 0xc0, 0xde,
    0x21, 0x0c, 0x00, 0x00, 0x4e, 0x02, 0x00, 0x00, 0x0b, 0x82, 0x20, 0x00, 0x02, 0x00, 0x00, 0x00,
    0x13, 0x00, 0x00, 0x00, 0x07, 0x81, 0x23, 0x91, 0x41, 0xc8, 0x04, 0x49, 0x06, 0x10, 0x32, 0x39,
    0x92, 0x01, 0x84, 0x0c, 0x25, 0x05, 0x08, 0x19, 0x1e, 0x04, 0x8b, 0x62, 0x80, 0x18, 0x45, 0x02,
    0x42, 0x92, 0x0b, 0x42, 0xc4, 0x10, 0x32, 0x14, 0x38, 0x08, 0x18, 0x4b, 0x0a, 0x32, 0x62, 0x88,
    0x48, 0x90, 0x14, 0x20, 0x43, 0x46, 0x88, 0xa5, 0x00, 0x19, 0x32, 0x42, 0xe4, 0x48, 0x0e, 0x90,
    0x11, 0x23, 0xc4, 0x50, 0x41, 0x51, 0x81, 0x8c, 0xe1, 0x83, 0xe5, 0x8a, 0x04, 0x31, 0x46, 0x06,
    0x51, 0x18, 0x00, 0x00, 0x08, 0x00, 0x00, 0x00, 0x1b, 0x8c, 0xe0, 0xff, 0xff, 0xff, 0xff, 0x07,
    0x40, 0x02, 0xa8, 0x0d, 0x84, 0xf0, 0xff, 0xff, 0xff, 0xff, 0x03, 0x20, 0x6d, 0x30, 0x86, 0xff,
    0xff, 0xff, 0xff, 0x1f, 0x00, 0x09, 0xa8, 0x00, 0x49, 0x18, 0x00, 0x00, 0x03, 0x00, 0x00, 0x00,
    0x13, 0x82, 0x60, 0x42, 0x20, 0x4c, 0x08, 0x06, 0x00, 0x00, 0x00, 0x00, 0x89, 0x20, 0x00, 0x00,
    0x72, 0x00, 0x00, 0x00, 0x32, 0x22, 0x88, 0x09, 0x20, 0x64, 0x85, 0x04, 0x13, 0x23, 0xa4, 0x84,
    0x04, 0x13, 0x23, 0xe3, 0x84, 0xa1, 0x90, 0x14, 0x12, 0x4c, 0x8c, 0x8c, 0x0b, 0x84, 0xc4, 0x4c,
    0x10, 0xb4, 0xc1, 0x08, 0x40, 0x09, 0x00, 0x0a, 0x66, 0x00, 0xe6, 0x08, 0xc0, 0x60, 0x8e, 0x00,
    0x29, 0xc6, 0x40, 0x10, 0x44, 0x41, 0x90, 0x51, 0x0c, 0x80, 0x20, 0x88, 0x62, 0x20, 0x64, 0x8e,
    0x20, 0x28, 0x03, 0x40, 0x28, 0xb4, 0xdc, 0x34, 0x5c, 0xfe, 0x84, 0x3d, 0x84, 0xe4, 0xaf, 0x84,
    0xb4, 0x12, 0x93, 0x5f, 0xdc, 0x36, 0x2a, 0x86, 0x61, 0x18, 0x08, 0x2a, 0xee, 0x19, 0x2e, 0x7f,
    0xc2, 0x1e, 0x42, 0xf2, 0x43, 0xa0, 0x19, 0x16, 0x02, 0x05, 0x4e, 0x51, 0x1a, 0xe2, 0x21, 0x08,
    0x82, 0x20, 0x08, 0x82, 0xa0, 0xc2, 0x34, 0xc4, 0xf3, 0x0c, 0xc3, 0x30, 0x10, 0x04, 0x31, 0x90,
    0x54, 0x88, 0x81, 0x18, 0x06, 0xa2, 0xca, 0x30, 0x10, 0x03, 0x59, 0x05, 0x19, 0x88, 0x61, 0x18,
    0x86, 0x61, 0x20, 0xec, 0xa8, 0xe1, 0xf2, 0x27, 0xec, 0x21, 0x24, 0x9f, 0xdb, 0xa8, 0x62, 0x25,
    0x26, 0xbf, 0xb8, 0x6d, 0x44, 0x0c, 0xc3, 0x30, 0x14, 0x42, 0x23, 0x1e, 0x82, 0xb6, 0x62, 0x3c,
    0x44, 0x41, 0x10, 0x0a, 0x75, 0x03, 0x01, 0xc3, 0x08, 0xc4, 0x30, 0x53, 0x1b, 0x8c, 0x03, 0x3b,
    0x84, 0xc3, 0x3c, 0xcc, 0x83, 0x1b, 0xd0, 0x42, 0x39, 0xe0, 0x03, 0x3d, 0xd4, 0x83, 0x3c, 0x94,
    0x83, 0x1c, 0x90, 0x02, 0x1f, 0xd8, 0x43, 0x39, 0x8c, 0x03, 0x3d, 0xbc, 0x83, 0x3c, 0xf0, 0x81,
    0x39, 0xb0, 0xc3, 0x3b, 0x84, 0x03, 0x3d, 0xb0, 0x01, 0x18, 0xd0, 0x81, 0x1f, 0x80, 0x81, 0x1f,
    0xe8, 0x81, 0x1e, 0xb4, 0x43, 0x3a, 0xc0, 0xc3, 0x3c, 0xfc, 0x02, 0x3d, 0xe4, 0x03, 0x3c, 0x94,
    0x03, 0x0a, 0x88, 0x99, 0xc4, 0x60, 0x1c, 0xd8, 0x21, 0x1c, 0xe6, 0x61, 0x1e, 0xdc, 0x80, 0x16,
    0xca, 0x01, 0x1f, 0xe8, 0xa1, 0x1e, 0xe4, 0xa1, 0x1c, 0xe4, 0x80, 0x14, 0xf8, 0xc0, 0x1e, 0xca,
    0x61, 0x1c, 0xe8, 0xe1, 0x1d, 0xe4, 0x81, 0x0f, 0xcc, 0x81, 0x1d, 0xde, 0x21, 0x1c, 0xe8, 0x81,
    0x0d, 0xc0, 0x80, 0x0e, 0xfc, 0x00, 0x0c, 0xfc, 0x00, 0x09, 0x60, 0x48, 0xe2, 0x4c, 0x61, 0x30,
    0x0e, 0xec, 0x10, 0x0e, 0xf3, 0x30, 0x0f, 0x6e, 0x40, 0x0b, 0xe5, 0x80, 0x0f, 0xf4, 0x50, 0x0f,
    0xf2, 0x50, 0x0e, 0x72, 0x40, 0x0a, 0x7c, 0x60, 0x0e, 0xec, 0xf0, 0x0e, 0xe1, 0x40, 0x0f, 0x7e,
    0xa0, 0x07, 0x7a, 0xd0, 0x0e, 0xe9, 0x00, 0x0f, 0xf3, 0xf0, 0x0b, 0xf4, 0x90, 0x0f, 0xf0, 0x50,
    0x0e, 0x28, 0x20, 0x66, 0xb2, 0xc6, 0x81, 0x1d, 0xc2, 0x61, 0x1e, 0xe6, 0xc1, 0x0d, 0x68, 0xa1,
    0x1c, 0xf0, 0x81, 0x1e, 0xea, 0x41, 0x1e, 0xca, 0x41, 0x0e, 0x48, 0x81, 0x0f, 0xcc, 0x81, 0x1d,
    0xde, 0x21, 0x1c, 0xe8, 0xc1, 0x0f, 0x90, 0x30, 0x90, 0x54, 0x0e, 0x23, 0x08, 0xc3, 0x49, 0xac,
    0x40, 0x34, 0x44, 0x8a, 0x5c, 0xc4, 0xe2, 0x36, 0x48, 0xe1, 0x44, 0x8c, 0x84, 0x90, 0x61, 0x18,
    0x06, 0x70, 0x18, 0x4e, 0x42, 0x6f, 0x92, 0xa6, 0x88, 0x12, 0x26, 0x9f, 0x05, 0x98, 0x67, 0x21,
    0x22, 0x76, 0x02, 0x26, 0x02, 0x05, 0x04, 0xa9, 0x99, 0x40, 0x00, 0x00, 0x13, 0x14, 0x72, 0xc0,
    0x87, 0x74, 0x60, 0x87, 0x36, 0x68, 0x87, 0x79, 0x68, 0x03, 0x72, 0xc0, 0x87, 0x0d, 0xaf, 0x50,
    0x0e, 0x6d, 0xd0, 0x0e, 0x7a, 0x50, 0x0e, 0x6d, 0x00, 0x0f, 0x7a, 0x30, 0x07, 0x72, 0xa0, 0x07,
    0x73, 0x20, 0x07, 0x6d, 0x90, 0x0e, 0x71, 0xa0, 0x07, 0x73, 0x20, 0x07, 0x6d, 0x90, 0x0e, 0x78,
    0xa0, 0x07, 0x73, 0x20, 0x07, 0x6d, 0x90, 0x0e, 0x71, 0x60, 0x07, 0x7a, 0x30, 0x07, 0x72, 0xd0,
    0x06, 0xe9, 0x30, 0x07, 0x72, 0xa0, 0x07, 0x73, 0x20, 0x07, 0x6d, 0x90, 0x0e, 0x76, 0x40, 0x07,
    0x7a, 0x60, 0x07, 0x74, 0xd0, 0x06, 0xe6, 0x10, 0x07, 0x76, 0xa0, 0x07, 0x73, 0x20, 0x07, 0x6d,
    0x60, 0x0e, 0x73, 0x20, 0x07, 0x7a, 0x30, 0x07, 0x72, 0xd0, 0x06, 0xe6, 0x60, 0x07, 0x74, 0xa0,
    0x07, 0x76, 0x40, 0x07, 0x6d, 0xe0, 0x0e, 0x78, 0xa0, 0x07, 0x71, 0x60, 0x07, 0x7a, 0x30, 0x07,
    0x72, 0xa0, 0x07, 0x76, 0x40, 0x07, 0x43, 0x9e, 0x00, 0x08, 0x00, 0x00, 0x00, 0x00, 0x00, 0x00,
    0x00, 0x00, 0x00, 0x86, 0x3c, 0x06, 0x10, 0x00, 0x01, 0x00, 0x00, 0x00, 0x00, 0x00, 0x00, 0x00,
    0x0c, 0x79, 0x10, 0x20, 0x00, 0x04, 0x00, 0x00, 0x00, 0x00, 0x00, 0x00, 0x00, 0x18, 0xf2, 0x2c,
    0x40, 0x00, 0x08, 0x00, 0x00, 0x00, 0x00, 0x00, 0x00, 0x00, 0x30, 0xe4, 0x81, 0x80, 0x00, 0x18,
    0x00, 0x00, 0x00, 0x00, 0x00, 0x00, 0x00, 0x60, 0xc8, 0x23, 0x01, 0x01, 0x30, 0x00, 0x00, 0x00,
    0x00, 0x00, 0x00, 0x00, 0xc0, 0x90, 0x87, 0x02, 0x02, 0x20, 0x00, 0x00, 0x00, 0x00, 0x00, 0x00,
    0x00, 0x80, 0x21, 0x8f, 0x05, 0x04, 0x40, 0x00, 0x00, 0x00, 0x00, 0x00, 0x00, 0x00, 0x00, 0x43,
    0x1e, 0x0c, 0x08, 0x80, 0x00, 0x00, 0x00, 0x00, 0x00, 0x00, 0x00, 0x00, 0x86, 0x3c, 0x1b, 0x10,
    0x00, 0x03, 0x00, 0x00, 0x00, 0x00, 0x00, 0x00, 0x00, 0x0c, 0x79, 0x3a, 0x20, 0x00, 0x06, 0x00,
    0x00, 0x00, 0x00, 0x00, 0x00, 0x00, 0xc8, 0x02, 0x01, 0x00, 0x00, 0x00, 0x16, 0x00, 0x00, 0x00,
    0x32, 0x1e, 0x98, 0x18, 0x19, 0x11, 0x4c, 0x90, 0x8c, 0x09, 0x26, 0x47, 0xc6, 0x04, 0x43, 0x22,
    0x4a, 0x60, 0x04, 0xa0, 0x18, 0x8a, 0xa0, 0x24, 0xca, 0xa0, 0xc0, 0xca, 0xa1, 0x10, 0x0a, 0xa2,
    0x30, 0x0a, 0xa4, 0x80, 0x0a, 0xa9, 0xa0, 0xca, 0xa3, 0x10, 0x03, 0x0a, 0x3b, 0x80, 0x8a, 0x92,
    0x28, 0x83, 0x42, 0x18, 0x01, 0x28, 0x82, 0x12, 0x28, 0x10, 0x52, 0x6a, 0x80, 0xc6, 0x19, 0x00,
    0x32, 0x67, 0x00, 0x08, 0x9d, 0x01, 0xa0, 0x74, 0x06, 0x80, 0xd6, 0x19, 0x00, 0x62, 0xc7, 0x4a,
    0x0e, 0x02, 0x00, 0x00, 0xe0, 0x79, 0x0e, 0x00, 0x79, 0x18, 0x00, 0x00, 0xd5, 0x00, 0x00, 0x00,
    0x1a, 0x03, 0x4c, 0x90, 0x46, 0x02, 0x13, 0x44, 0x8f, 0x0c, 0x6f, 0xec, 0xed, 0x4d, 0x0c, 0x24,
    0xc6, 0xe5, 0xc6, 0x45, 0x66, 0x06, 0x06, 0xc7, 0x25, 0xc6, 0x06, 0x04, 0xa5, 0x46, 0x86, 0x2c,
    0x2c, 0xe6, 0xa6, 0x4c, 0x26, 0x27, 0x65, 0x43, 0x10, 0x4c, 0x10, 0x88, 0x65, 0x82, 0x40, 0x30,
    0x1b, 0x84, 0x81, 0xd8, 0x20, 0x10, 0x04, 0x05, 0xb8, 0xb9, 0x09, 0x02, 0xd1, 0x6c, 0x18, 0x0e,
    0x84, 0x98, 0x20, 0x8c, 0x41, 0x19, 0x90, 0x99, 0x1b, 0x2b, 0x73, 0x2b, 0xa3, 0x2a, 0xc3, 0xa3,
    0xab, 0x93, 0x2b, 0x9b, 0x20, 0x10, 0xce, 0x04, 0x81, 0x78, 0x36, 0x08, 0x44, 0xb3, 0x21, 0x21,
    0x94, 0x85, 0x21, 0x06, 0x86, 0x70, 0x26, 0x08, 0x66, 0x60, 0x06, 0x4c, 0xc8, 0xca, 0xe0, 0xe8,
    0xd0, 0x86, 0xde, 0xe0, 0xf2, 0x36, 0x24, 0x03, 0x14, 0x31, 0xc3, 0xc0, 0x10, 0xce, 0x06, 0xe1,
    0x91, 0x26, 0x08, 0x69, 0x80, 0x06, 0x94, 0xa6, 0xc6, 0xca, 0xdc, 0xca, 0xa0, 0xd2, 0xf0, 0xca,
    0xd8, 0xaa, 0xdc, 0xd2, 0xcc, 0xde, 0xe4, 0xda, 0xe6, 0x26, 0x08, 0x04, 0x34, 0x41, 0x20, 0xa2,
    0x0d, 0x08, 0x41, 0x55, 0x16, 0x31, 0x5c, 0xc0, 0x86, 0x00, 0x9b, 0x20, 0xac, 0x41, 0x1a, 0x90,
    0x99, 0x1b, 0x2b, 0x73, 0x2b, 0x9b, 0x0a, 0x6b, 0x83, 0x63, 0x2b, 0x93, 0xdb, 0x80, 0x10, 0xda,
    0xc6, 0x10, 0x03, 0x01, 0x6c, 0x08, 0xb8, 0x0d, 0xc4, 0x04, 0x64, 0xdd, 0x04, 0x01, 0x0d, 0xce,
    0x80, 0x8a, 0xd9, 0xdb, 0x19, 0x51, 0x99, 0xdb, 0x5c, 0x1a, 0x5d, 0xde, 0x04, 0x81, 0x90, 0x26,
    0x08, 0x0a, 0x19, 0x6c, 0x40, 0x10, 0x30, 0xb0, 0x88, 0x30, 0x68, 0x1a, 0x31, 0x60, 0x71, 0x16,
    0xd6, 0xd6, 0x16, 0x36, 0x41, 0x20, 0xa6, 0x0d, 0x08, 0x42, 0x06, 0x56, 0x19, 0x84, 0x41, 0xd3,
    0x88, 0x01, 0x11, 0xb3, 0xb7, 0xb3, 0x29, 0xba, 0x30, 0x39, 0xba, 0x09, 0x02, 0x41, 0x6d, 0x40,
    0x90, 0x33, 0xb0, 0xd0, 0x20, 0x0c, 0x9a, 0x46, 0x0c, 0xa8, 0xcc, 0x85, 0xd1, 0xd5, 0xc9, 0x85,
    0xd1, 0xa5, 0xbd, 0xb9, 0x4d, 0x10, 0x88, 0x6a, 0x03, 0x82, 0xa8, 0x81, 0xb5, 0x06, 0x61, 0xd0,
    0x34, 0x62, 0x40, 0xc4, 0xec, 0xed, 0x6c, 0xe8, 0x8d, 0xed, 0x4d, 0x6e, 0x82, 0x40, 0x58, 0x1b,
    0x10, 0xa4, 0x0d, 0x2c, 0x37, 0x08, 0x83, 0xa6, 0x11, 0x03, 0x22, 0x63, 0x6f, 0x6e, 0x74, 0x72,
    0x61, 0x73, 0x74, 0x13, 0x04, 0xe2, 0xda, 0x80, 0x20, 0x70, 0x60, 0xc5, 0x41, 0x18, 0x34, 0x8d,
    0x18, 0x50, 0x11, 0x93, 0x4b, 0x3b, 0x43, 0xa3, 0x73, 0x2b, 0x9b, 0x9b, 0x9b, 0x20, 0x10, 0xd8,
    0x06, 0x04, 0x99, 0x03, 0x8b, 0x0e, 0xc2, 0xa0, 0x69, 0xc4, 0x80, 0xc4, 0x17, 0x5c, 0x18, 0xd9,
    0x04, 0x81, 0xc8, 0x36, 0x18, 0x88, 0x1d, 0x58, 0x77, 0x10, 0x06, 0xcd, 0x86, 0xe4, 0x1a, 0x03,
    0x33, 0x48, 0x03, 0x36, 0x78, 0x03, 0x39, 0xa8, 0x03, 0x3c, 0xd8, 0x30, 0x10, 0x5f, 0x1e, 0x4c,
    0x10, 0x04, 0x60, 0x03, 0xb0, 0x61, 0x20, 0xf8, 0x80, 0x0f, 0x36, 0x04, 0x7d, 0xb0, 0x61, 0x18,
    0xf6, 0xc0, 0x0f, 0x26, 0x08, 0x6c, 0xa0, 0x06, 0x1b, 0x02, 0x50, 0x20, 0xd1, 0x16, 0x96, 0xe6,
    0xc6, 0x65, 0xca, 0xea, 0x0b, 0xea, 0x6d, 0x2e, 0x8d, 0x2e, 0xed, 0xcd, 0x6d, 0x82, 0x50, 0x74,
    0x13, 0x84, 0xc2, 0xdb, 0x10, 0x10, 0x13, 0x84, 0xe2, 0x9b, 0x20, 0x14, 0x60, 0xb0, 0x41, 0xb0,
    0xc2, 0x60, 0xc3, 0x42, 0x8c, 0x02, 0x29, 0x94, 0x82, 0x29, 0x9c, 0xc2, 0x70, 0x0a, 0x04, 0x2a,
    0xa4, 0x02, 0x11, 0xaa, 0x22, 0xac, 0xa1, 0xa7, 0x27, 0x29, 0xa2, 0x09, 0x42, 0x11, 0x06, 0x1b,
    0x04, 0xcb, 0xda, 0xb0, 0x0c, 0xab, 0x40, 0x0a, 0xa8, 0x60, 0x0a, 0xac, 0x30, 0xb0, 0xc2, 0x80,
    0x0a, 0xad, 0xb0, 0x21, 0x18, 0x26, 0x08, 0x85, 0x18, 0x6c, 0x10, 0xac, 0x61, 0xc3, 0xc2, 0xac,
    0x02, 0x29, 0xa0, 0xc2, 0x2b, 0xb0, 0xc2, 0x00, 0x0b, 0x03, 0x2b, 0xc4, 0xc2, 0x86, 0x41, 0x15,
    0x5c, 0x41, 0x16, 0x98, 0x4c, 0x59, 0x7d, 0x51, 0x85, 0xc9, 0x9d, 0x95, 0xd1, 0x4d, 0x10, 0x8a,
    0x31, 0x98, 0x20, 0x10, 0xda, 0x06, 0xc1, 0xb2, 0x85, 0x0d, 0x0b, 0x41, 0x0b, 0xa4, 0x50, 0x0b,
    0xa6, 0x80, 0x0a, 0xc3, 0x29, 0x10, 0xa8, 0x70, 0x0b, 0x1b, 0x02, 0x5c, 0xd8, 0x30, 0xcc, 0x42,
    0x2e, 0x00, 0x1b, 0x8a, 0x3d, 0x10, 0x05, 0x5d, 0xf0, 0x00, 0x22, 0x62, 0x72, 0x61, 0x6e, 0x63,
    0x68, 0x65, 0x73, 0x34, 0xcc, 0xd8, 0xde, 0xc2, 0xe8, 0xe6, 0x26, 0x08, 0xc4, 0xc6, 0x22, 0xcd,
    0x6d, 0x8e, 0x6e, 0x6e, 0x82, 0x40, 0x70, 0x34, 0xe6, 0xd2, 0xce, 0xbe, 0xd8, 0xc8, 0x68, 0xcc,
    0xa5, 0x9d, 0x7d, 0xcd, 0xd1, 0x11, 0xa1, 0x2b, 0xc3, 0xfb, 0x62, 0x7b, 0x0b, 0x23, 0x23, 0x42,
    0x57, 0x86, 0xf7, 0xe5, 0xf6, 0x26, 0xd7, 0xb6, 0xc1, 0xe1, 0x05, 0xa6, 0x17, 0x7c, 0xe1, 0x17,
    0xc0, 0x21, 0x1c, 0x10, 0x71, 0x28, 0x83, 0x71, 0x18, 0xc8, 0x61, 0xa8, 0xc2, 0xc6, 0x66, 0xd7,
    0xe6, 0x92, 0x46, 0x56, 0xe6, 0x46, 0x37, 0x25, 0x08, 0xaa, 0x90, 0xe1, 0xb9, 0xd8, 0x95, 0xc9,
    0xcd, 0xa5, 0xbd, 0xb9, 0x4d, 0x09, 0x88, 0x26, 0x64, 0x78, 0x2e, 0x76, 0x61, 0x6c, 0x76, 0x65,
    0x72, 0x53, 0x82, 0xa2, 0x0e, 0x19, 0x9e, 0xcb, 0x1c, 0x5a, 0x18, 0x59, 0x99, 0x5c, 0xd3, 0x1b,
    0x59, 0x19, 0xdb, 0x94, 0x00, 0x29, 0x43, 0x86, 0xe7, 0x22, 0x57, 0x36, 0xf7, 0x56, 0x27, 0x37,
    0x56, 0x36, 0x37, 0x25, 0xe8, 0x2a, 0x91, 0xe1, 0xb9, 0xd0, 0xe5, 0xc1, 0x95, 0x05, 0xb9, 0xb9,
    0xbd, 0xd1, 0x85, 0xd1, 0xa5, 0xbd, 0xb9, 0xcd, 0x4d, 0x11, 0xf2, 0xc0, 0x0f, 0xea, 0x90, 0xe1,
    0xb9, 0xd8, 0xa5, 0x95, 0xdd, 0x25, 0x91, 0x4d, 0xd1, 0x85, 0xd1, 0x95, 0x4d, 0x09, 0x40, 0xa1,
    0x0e, 0x19, 0x9e, 0x4b, 0x99, 0x1b, 0x9d, 0x5c, 0x1e, 0xd4, 0x5b, 0x9a, 0x1b, 0xdd, 0xdc, 0x94,
    0x40, 0x17, 0xba, 0x90, 0xe1, 0xb9, 0x8c, 0xbd, 0xd5, 0xb9, 0xd1, 0x95, 0xc9, 0xcd, 0x4d, 0x09,
    0xc8, 0x01, 0x00, 0x00, 0x79, 0x18, 0x00, 0x00, 0x51, 0x00, 0x00, 0x00, 0x33, 0x08, 0x80, 0x1c,
    0xc4, 0xe1, 0x1c, 0x66, 0x14, 0x01, 0x3d, 0x88, 0x43, 0x38, 0x84, 0xc3, 0x8c, 0x42, 0x80, 0x07,
    0x79, 0x78, 0x07, 0x73, 0x98, 0x71, 0x0c, 0xe6, 0x00, 0x0f, 0xed, 0x10, 0x0e, 0xf4, 0x80, 0x0e,
    0x33, 0x0c, 0x42, 0x1e, 0xc2, 0xc1, 0x1d, 0xce, 0xa1, 0x1c, 0x66, 0x30, 0x05, 0x3d, 0x88, 0x43,
    0x38, 0x84, 0x83, 0x1b, 0xcc, 0x03, 0x3d, 0xc8, 0x43, 0x3d, 0x8c, 0x03, 0x3d, 0xcc, 0x78, 0x8c,
    0x74, 0x70, 0x07, 0x7b, 0x08, 0x07, 0x79, 0x48, 0x87, 0x70, 0x70, 0x07, 0x7a, 0x70, 0x03, 0x76,
    0x78, 0x87, 0x70, 0x20, 0x87, 0x19, 0xcc, 0x11, 0x0e, 0xec, 0x90, 0x0e, 0xe1, 0x30, 0x0f, 0x6e,
    0x30, 0x0f, 0xe3, 0xf0, 0x0e, 0xf0, 0x50, 0x0e, 0x33, 0x10, 0xc4, 0x1d, 0xde, 0x21, 0x1c, 0xd8,
    0x21, 0x1d, 0xc2, 0x61, 0x1e, 0x66, 0x30, 0x89, 0x3b, 0xbc, 0x83, 0x3b, 0xd0, 0x43, 0x39, 0xb4,
    0x03, 0x3c, 0xbc, 0x83, 0x3c, 0x84, 0x03, 0x3b, 0xcc, 0xf0, 0x14, 0x76, 0x60, 0x07, 0x7b, 0x68,
    0x07, 0x37, 0x68, 0x87, 0x72, 0x68, 0x07, 0x37, 0x80, 0x87, 0x70, 0x90, 0x87, 0x70, 0x60, 0x07,
    0x76, 0x28, 0x07, 0x76, 0xf8, 0x05, 0x76, 0x78, 0x87, 0x77, 0x80, 0x87, 0x5f, 0x08, 0x87, 0x71,
    0x18, 0x87, 0x72, 0x98, 0x87, 0x79, 0x98, 0x81, 0x2c, 0xee, 0xf0, 0x0e, 0xee, 0xe0, 0x0e, 0xf5,
    0xc0, 0x0e, 0xec, 0x30, 0x03, 0x62, 0xc8, 0xa1, 0x1c, 0xe4, 0xa1, 0x1c, 0xcc, 0xa1, 0x1c, 0xe4,
    0xa1, 0x1c, 0xdc, 0x61, 0x1c, 0xca, 0x21, 0x1c, 0xc4, 0x81, 0x1d, 0xca, 0x61, 0x06, 0xd6, 0x90,
    0x43, 0x39, 0xc8, 0x43, 0x39, 0x98, 0x43, 0x39, 0xc8, 0x43, 0x39, 0xb8, 0xc3, 0x38, 0x94, 0x43,
    0x38, 0x88, 0x03, 0x3b, 0x94, 0xc3, 0x2f, 0xbc, 0x83, 0x3c, 0xfc, 0x82, 0x3b, 0xd4, 0x03, 0x3b,
    0xb0, 0xc3, 0x0c, 0xc4, 0x21, 0x07, 0x7c, 0x70, 0x03, 0x7a, 0x28, 0x87, 0x76, 0x80, 0x87, 0x19,
    0xd1, 0x43, 0x0e, 0xf8, 0xe0, 0x06, 0xe4, 0x20, 0x0e, 0xe7, 0xe0, 0x06, 0xf6, 0x10, 0x0e, 0xf2,
    0xc0, 0x0e, 0xe1, 0x90, 0x0f, 0xef, 0x50, 0x0f, 0xf4, 0x30, 0x83, 0x81, 0xc8, 0x01, 0x1f, 0xdc,
    0x40, 0x1c, 0xe4, 0xa1, 0x1c, 0xc2, 0x61, 0x1d, 0xdc, 0x40, 0x1c, 0xe4, 0x01, 0x00, 0x00, 0x00,
    0x71, 0x20, 0x00, 0x00, 0x29, 0x00, 0x00, 0x00, 0x66, 0x00, 0x0d, 0x97, 0xef, 0x3c, 0x7e, 0x80,
    0x34, 0x40, 0x84, 0xf9, 0xc5, 0x6d, 0x5b, 0xc2, 0x36, 0x5c, 0xbe, 0xf3, 0xf8, 0x42, 0x40, 0x15,
    0x05, 0x11, 0x95, 0x0e, 0x30, 0x94, 0x84, 0x01, 0x08, 0x98, 0x5f, 0xdc, 0xb6, 0x29, 0x48, 0xc3,
    0xe5, 0x3b, 0x8f, 0x2f, 0x44, 0x04, 0x30, 0x11, 0x21, 0xd0, 0x0c, 0x0b, 0x61, 0x03, 0xcd, 0x70,
    0xf9, 0xce, 0xe3, 0x0f, 0x88, 0x24, 0x00, 0xd1, 0x60, 0x08, 0xce, 0x70, 0xf9, 0xce, 0xe3, 0x0f,
    0xce, 0x74, 0xfb, 0xc5, 0x6d, 0x5b, 0xc0, 0x34, 0x5c, 0xbe, 0xf3, 0xf8, 0x8b, 0x03, 0x0c, 0x62,
    0xf3, 0x50, 0x93, 0x5f, 0xdc, 0xb6, 0x15, 0x40, 0xc3, 0xe5, 0x3b, 0x8f, 0x2f, 0x01, 0xcc, 0xb3,
    0x10, 0x7e, 0x71, 0xdb, 0x26, 0x50, 0x0d, 0x97, 0xef, 0x3c, 0xbe, 0x34, 0x39, 0x11, 0x81, 0x52,
    0xd3, 0x43, 0x4d, 0x7e, 0x71, 0xdb, 0x46, 0x50, 0x0d, 0x97, 0xef, 0x3c, 0xfe, 0x44, 0x5c, 0x13,
    0x15, 0x11, 0xa5, 0x03, 0x0c, 0x7e, 0x71, 0xdb, 0x76, 0xf0, 0x0c, 0x97, 0xef, 0x3c, 0x3e, 0xd5,
    0x00, 0x11, 0xe6, 0x17, 0xb7, 0x6d, 0x00, 0x04, 0x03, 0x20, 0x0d, 0x00, 0x00, 0x00, 0x00, 0x00,
    0x48, 0x41, 0x53, 0x48, 0x14, 0x00, 0x00, 0x00, 0x00, 0x00, 0x00, 0x00, 0x90, 0x68, 0x45, 0x00,
    0xbb, 0x22, 0x43, 0x67, 0xd9, 0x3a, 0xe7, 0x31, 0xba, 0x7e, 0x8e, 0xe6, 0x44, 0x58, 0x49, 0x4c,
    0x40, 0x0b, 0x00, 0x00, 0x60, 0x00, 0x00, 0x00, 0xd0, 0x02, 0x00, 0x00, 0x44, 0x58, 0x49, 0x4c,
    0x00, 0x01, 0x00, 0x00, 0x10, 0x00, 0x00, 0x00, 0x28, 0x0b, 0x00, 0x00, 0x42, 0x43, 0xc0, 0xde,
    0x21, 0x0c, 0x00, 0x00, 0xc7, 0x02, 0x00, 0x00, 0x0b, 0x82, 0x20, 0x00, 0x02, 0x00, 0x00, 0x00,
    0x13, 0x00, 0x00, 0x00, 0x07, 0x81, 0x23, 0x91, 0x41, 0xc8, 0x04, 0x49, 0x06, 0x10, 0x32, 0x39,
    0x92, 0x01, 0x84, 0x0c, 0x25, 0x05, 0x08, 0x19, 0x1e, 0x04, 0x8b, 0x62, 0x80, 0x18, 0x45, 0x02,
    0x42, 0x92, 0x0b, 0x42, 0xc4, 0x10, 0x32, 0x14, 0x38, 0x08, 0x18, 0x4b, 0x0a, 0x32, 0x62, 0x88,
    0x48, 0x90, 0x14, 0x20, 0x43, 0x46, 0x88, 0xa5, 0x00, 0x19, 0x32, 0x42, 0xe4, 0x48, 0x0e, 0x90,
    0x11, 0x23, 0xc4, 0x50, 0x41, 0x51, 0x81, 0x8c, 0xe1, 0x83, 0xe5, 0x8a, 0x04, 0x31, 0x46, 0x06,
    0x51, 0x18, 0x00, 0x00, 0x08, 0x00, 0x00, 0x00, 0x1b, 0x8c, 0xe0, 0xff, 0xff, 0xff, 0xff, 0x07,
    0x40, 0x02, 0xa8, 0x0d, 0x84, 0xf0, 0xff, 0xff, 0xff, 0xff, 0x03, 0x20, 0x6d, 0x30, 0x86, 0xff,
    0xff, 0xff, 0xff, 0x1f, 0x00, 0x09, 0xa8, 0x00, 0x49, 0x18, 0x00, 0x00, 0x03, 0x00, 0x00, 0x00,
    0x13, 0x82, 0x60, 0x42, 0x20, 0x4c, 0x08, 0x06, 0x00, 0x00, 0x00, 0x00, 0x89, 0x20, 0x00, 0x00,
    0x73, 0x00, 0x00, 0x00, 0x32, 0x22, 0x88, 0x09, 0x20, 0x64, 0x85, 0x04, 0x13, 0x23, 0xa4, 0x84,
    0x04, 0x13, 0x23, 0xe3, 0x84, 0xa1, 0x90, 0x14, 0x12, 0x4c, 0x8c, 0x8c, 0x0b, 0x84, 0xc4, 0x4c,
    0x10, 0xb8, 0xc1, 0x08, 0x40, 0x09, 0x00, 0x0a, 0x66, 0x00, 0xe6, 0x08, 0xc0, 0x60, 0x8e, 0x00,
    0x29, 0xc6, 0x40, 0x10, 0x44, 0x41, 0x90, 0x51, 0x0c, 0x80, 0x20, 0x88, 0x62, 0x20, 0x64, 0x8e,
    0x20, 0x28, 0x03, 0x40, 0x28, 0xb4, 0xdc, 0x34, 0x5c, 0xfe, 0x84, 0x3d, 0x84, 0xe4, 0xaf, 0x84,
    0xb4, 0x12, 0x93, 0x5f, 0xdc, 0x36, 0x2a, 0x86, 0x61, 0x18, 0x08, 0x2a, 0xee, 0x19, 0x2e, 0x7f,
    0xc2, 0x1e, 0x42, 0xf2, 0x43, 0xa0, 0x19, 0x16, 0x02, 0x05, 0x4e, 0x51, 0x1a, 0xe2, 0x21, 0x08,
    0x82, 0x20, 0x08, 0x82, 0xa0, 0xc2, 0x34, 0xc4, 0xf3, 0x0c, 0xc3, 0x30, 0x10, 0x04, 0x31, 0x90,
    0x54, 0x88, 0x81, 0x18, 0x06, 0xa2, 0xca, 0x30, 0x10, 0x03, 0x59, 0x05, 0x19, 0x88, 0x61, 0x18,
    0x86, 0x61, 0x20, 0xec, 0xa8, 0xe1, 0xf2, 0x27, 0xec, 0x21, 0x24, 0x9f, 0xdb, 0xa8, 0x62, 0x25,
    0x26, 0xbf, 0xb8, 0x6d, 0x44, 0x0c, 0xc3, 0x30, 0x14, 0x42, 0x23, 0x1e, 0x82, 0xb6, 0x62, 0x3c,
    0x44, 0x41, 0x10, 0x0a, 0x75, 0x03, 0x01, 0xc3, 0x08, 0xc4, 0x30, 0x53, 0x1b, 0x8c, 0x03, 0x3b,
    0x84, 0xc3, 0x3c, 0xcc, 0x83, 0x1b, 0xd0, 0x42, 0x39, 0xe0, 0x03, 0x3d, 0xd4, 0x83, 0x3c, 0x94,
    0x83, 0x1c, 0x90, 0x02, 0x1f, 0xd8, 0x43, 0x39, 0x8c, 0x03, 0x3d, 0xbc, 0x83, 0x3c, 0xf0, 0x81,
    0x39, 0xb0, 0xc3, 0x3b, 0x84, 0x03, 0x3d, 0xb0, 0x01, 0x18, 0xd0, 0x81, 0x1f, 0x80, 0x81, 0x1f,
    0xe8, 0x81, 0x1e, 0xb4, 0x43, 0x3a, 0xc0, 0xc3, 0x3c, 0xfc, 0x02, 0x3d, 0xe4, 0x03, 0x3c, 0x94,
    0x03, 0x0a, 0x88, 0x99, 0xc4, 0x60, 0x1c, 0xd8, 0x21, 0x1c, 0xe6, 0x61, 0x1e, 0xdc, 0x80, 0x16,
    0xca, 0x01, 0x1f, 0xe8, 0xa1, 0x1e, 0xe4, 0xa1, 0x1c, 0xe4, 0x80, 0x14, 0xf8, 0xc0, 0x1e, 0xca,
    0x61, 0x1c, 0xe8, 0xe1, 0x1d, 0xe4, 0x81, 0x0f, 0xcc, 0x81, 0x1d, 0xde, 0x21, 0x1c, 0xe8, 0x81,
    0x0d, 0xc0, 0x80, 0x0e, 0xfc, 0x00, 0x0c, 0xfc, 0x00, 0x09, 0x60, 0x48, 0xe2, 0x4c, 0x61, 0x30,
    0x0e, 0xec, 0x10, 0x0e, 0xf3, 0x30, 0x0f, 0x6e, 0x40, 0x0b, 0xe5, 0x80, 0x0f, 0xf4, 0x50, 0x0f,
    0xf2, 0x50, 0x0e, 0x72, 0x40, 0x0a, 0x7c, 0x60, 0x0e, 0xec, 0xf0, 0x0e, 0xe1, 0x40, 0x0f, 0x7e,
    0xa0, 0x07, 0x7a, 0xd0, 0x0e, 0xe9, 0x00, 0x0f, 0xf3, 0xf0, 0x0b, 0xf4, 0x90, 0x0f, 0xf0, 0x50,
    0x0e, 0x28, 0x20, 0x66, 0xb2, 0xc6, 0x81, 0x1d, 0xc2, 0x61, 0x1e, 0xe6, 0xc1, 0x0d, 0x68, 0xa1,
    0x1c, 0xf0, 0x81, 0x1e, 0xea, 0x41, 0x1e, 0xca, 0x41, 0x0e, 0x48, 0x81, 0x0f, 0xcc, 0x81, 0x1d,
    0xde, 0x21, 0x1c, 0xe8, 0xc1, 0x0f, 0x90, 0x30, 0x90, 0x54, 0x0e, 0x23, 0x08, 0xc3, 0x49, 0xac,
    0x40, 0x34, 0x44, 0x8a, 0x5c, 0xc4, 0xe2, 0x36, 0x48, 0xe1, 0x44, 0x8c, 0x84, 0x90, 0x61, 0x18,
    0x06, 0x70, 0x18, 0x4e, 0x42, 0x6f, 0x92, 0xa6, 0x88, 0x12, 0x26, 0x9f, 0x05, 0x98, 0x67, 0x21,
    0x22, 0x76, 0x02, 0x26, 0x02, 0x05, 0x04, 0xa9, 0x99, 0x40, 0x4c, 0x01, 0x00, 0x00, 0x00, 0x00,
    0x13, 0x14, 0x72, 0xc0, 0x87, 0x74, 0x60, 0x87, 0x36, 0x68, 0x87, 0x79, 0x68, 0x03, 0x72, 0xc0,
    0x87, 0x0d, 0xaf, 0x50, 0x0e, 0x6d, 0xd0, 0x0e, 0x7a, 0x50, 0x0e, 0x6d, 0x00, 0x0f, 0x7a, 0x30,
    0x07, 0x72, 0xa0, 0x07, 0x73, 0x20, 0x07, 0x6d, 0x90, 0x0e, 0x71, 0xa0, 0x07, 0x73, 0x20, 0x07,
    0x6d, 0x90, 0x0e, 0x78, 0xa0, 0x07, 0x73, 0x20, 0x07, 0x6d, 0x90, 0x0e, 0x71, 0x60, 0x07, 0x7a,
    0x30, 0x07, 0x72, 0xd0, 0x06, 0xe9, 0x30, 0x07, 0x72, 0xa0, 0x07, 0x73, 0x20, 0x07, 0x6d, 0x90,
    0x0e, 0x76, 0x40, 0x07, 0x7a, 0x60, 0x07, 0x74, 0xd0, 0x06, 0xe6, 0x10, 0x07, 0x76, 0xa0, 0x07,
    0x73, 0x20, 0x07, 0x6d, 0x60, 0x0e, 0x73, 0x20, 0x07, 0x7a, 0x30, 0x07, 0x72, 0xd0, 0x06, 0xe6,
    0x60, 0x07, 0x74, 0xa0, 0x07, 0x76, 0x40, 0x07, 0x6d, 0xe0, 0x0e, 0x78, 0xa0, 0x07, 0x71, 0x60,
    0x07, 0x7a, 0x30, 0x07, 0x72, 0xa0, 0x07, 0x76, 0x40, 0x07, 0x43, 0x9e, 0x00, 0x00, 0x00, 0x00,
    0x00, 0x00, 0x00, 0x00, 0x00, 0x00, 0x00, 0x86, 0x3c, 0x06, 0x10, 0x00, 0x01, 0x00, 0x00, 0x00,
    0x00, 0x00, 0x00, 0x00, 0x0c, 0x79, 0x10, 0x20, 0x00, 0x04, 0x00, 0x00, 0x00, 0x00, 0x00, 0x00,
    0x00, 0x18, 0xf2, 0x2c, 0x40, 0x00, 0x08, 0x00, 0x00, 0x00, 0x00, 0x00, 0x00, 0x00, 0x30, 0xe4,
    0x81, 0x80, 0x00, 0x18, 0x00, 0x00, 0x00, 0x00, 0x00, 0x00, 0x00, 0x60, 0xc8, 0x23, 0x01, 0x01,
    0x30, 0x00, 0x00, 0x00, 0x00, 0x00, 0x00, 0x00, 0xc0, 0x90, 0x87, 0x02, 0x02, 0x20, 0x00, 0x00,
    0x00, 0x00, 0x00, 0x00, 0x00, 0x80, 0x21, 0x8f, 0x05, 0x04, 0x40, 0x00, 0x00, 0x00, 0x00, 0x00,
    0x00, 0x00, 0x00, 0x43, 0x1e, 0x0c, 0x08, 0x80, 0x00, 0x00, 0x00, 0x00, 0x00, 0x00, 0x00, 0x00,
    0x86, 0x3c, 0x1b, 0x10, 0x00, 0x03, 0x00, 0x00, 0x00, 0x00, 0x00, 0x00, 0x00, 0x0c, 0x79, 0x3a,
    0x20, 0x00, 0x06, 0x00, 0x00, 0x00, 0x00, 0x00, 0x00, 0x00, 0xc8, 0x02, 0x01, 0x00, 0x00, 0x00,
    0x11, 0x00, 0x00, 0x00, 0x32, 0x1e, 0x98, 0x18, 0x19, 0x11, 0x4c, 0x90, 0x8c, 0x09, 0x26, 0x47,
    0xc6, 0x04, 0x43, 0x22, 0x4a, 0x60, 0x04, 0xa0, 0x1c, 0x8a, 0xa1, 0x08, 0x4a, 0xa2, 0x0c, 0x0a,
    0xac, 0x3c, 0xa8, 0x28, 0x89, 0x32, 0x28, 0x84, 0x11, 0x80, 0x22, 0x28, 0x81, 0x02, 0xa1, 0x71,
    0x06, 0x80, 0xcc, 0x19, 0x00, 0x4a, 0x67, 0x00, 0x68, 0x9d, 0x01, 0x20, 0x76, 0xac, 0xe4, 0x20,
    0x00, 0x00, 0x00, 0x9e, 0xe7, 0x00, 0x00, 0x00, 0x79, 0x18, 0x00, 0x00, 0x6f, 0x00, 0x00, 0x00,
    0x1a, 0x03, 0x4c, 0x90, 0x46, 0x02, 0x13, 0x44, 0x8f, 0x0c, 0x6f, 0xec, 0xed, 0x4d, 0x0c, 0x24,
    0xc6, 0xe5, 0xc6, 0x45, 0x66, 0x06, 0x06, 0xc7, 0x25, 0xc6, 0x06, 0x04, 0xa5, 0x46, 0x86, 0x2c,
    0x2c, 0xe6, 0xa6, 0x4c, 0x26, 0x27, 0x65, 0x43, 0x10, 0x4c, 0x10, 0x88, 0x65, 0x82, 0x40, 0x30,
    0x1b, 0x84, 0x81, 0x98, 0x20, 0x10, 0xcd, 0x06, 0x61, 0x30, 0x28, 0xc0, 0xcd, 0x4d, 0x10, 0x08,
    0x67, 0xc3, 0x80, 0x24, 0xc4, 0x04, 0x61, 0x0c, 0x36, 0x02, 0x13, 0x04, 0xe2, 0x99, 0x20, 0x10,
    0xd0, 0x06, 0x81, 0x70, 0x36, 0x24, 0xc4, 0xc2, 0x34, 0xc4, 0xd0, 0x10, 0xcf, 0x04, 0xc1, 0x0c,
    0xb8, 0x0d, 0xc9, 0x10, 0x31, 0xcd, 0x30, 0x34, 0xc4, 0xb3, 0x41, 0x80, 0xa4, 0x09, 0x42, 0x1a,
    0x74, 0x13, 0x04, 0x22, 0x9a, 0x20, 0x10, 0xd2, 0x06, 0x84, 0xa0, 0x98, 0x8a, 0x18, 0x2c, 0x60,
    0x43, 0x70, 0x4d, 0x10, 0xd6, 0xc0, 0xdb, 0x80, 0x10, 0x19, 0xd3, 0x10, 0x03, 0x01, 0x6c, 0x08,
    0xb4, 0x0d, 0xc4, 0x04, 0x60, 0xdb, 0x04, 0x81, 0x0d, 0xbe, 0x0d, 0x41, 0x37, 0x41, 0x10, 0x00,
    0x12, 0x6d, 0x61, 0x69, 0x6e, 0x5c, 0xa6, 0xac, 0xbe, 0xa0, 0xde, 0xe6, 0xd2, 0xe8, 0xd2, 0xde,
    0xdc, 0x26, 0x08, 0x05, 0x35, 0x41, 0x28, 0xaa, 0x0d, 0x01, 0x31, 0x41, 0x28, 0xac, 0x09, 0x42,
    0x71, 0x6d, 0x10, 0x2a, 0x63, 0xc3, 0x42, 0x84, 0x81, 0x18, 0x8c, 0x01, 0x19, 0x94, 0xc1, 0x50,
    0x06, 0x84, 0x19, 0x9c, 0x01, 0x11, 0xaa, 0x22, 0xac, 0xa1, 0xa7, 0x27, 0x29, 0xa2, 0x09, 0x42,
    0x81, 0x6d, 0x10, 0xaa, 0x6a, 0xc3, 0x32, 0xa4, 0x81, 0x18, 0x98, 0x01, 0x19, 0xa8, 0xc1, 0xa0,
    0x06, 0x83, 0x19, 0xac, 0xc1, 0x86, 0x60, 0x98, 0x20, 0x14, 0xd9, 0x06, 0xa1, 0x1a, 0x36, 0x2c,
    0x4d, 0x1a, 0x88, 0x81, 0x19, 0xb4, 0x81, 0x1a, 0x0c, 0x6e, 0x30, 0xa8, 0xc1, 0x1b, 0x6c, 0x18,
    0xd0, 0x80, 0x0d, 0xe0, 0x80, 0xc9, 0x94, 0xd5, 0x17, 0x55, 0x98, 0xdc, 0x59, 0x19, 0xdd, 0x04,
    0xa1, 0xd0, 0x26, 0x08, 0xc4, 0xb4, 0x41, 0xa8, 0xe8, 0x60, 0xc3, 0x42, 0xc8, 0x81, 0x18, 0xcc,
    0x01, 0x19, 0x98, 0xc1, 0x50, 0x06, 0x84, 0x19, 0xd4, 0xc1, 0x86, 0xc0, 0x0e, 0x36, 0x0c, 0x71,
    0x70, 0x07, 0xc0, 0x86, 0xe2, 0x03, 0x03, 0x3c, 0xe0, 0x80, 0x2a, 0x6c, 0x6c, 0x76, 0x6d, 0x2e,
    0x69, 0x64, 0x65, 0x6e, 0x74, 0x53, 0x82, 0xa0, 0x0a, 0x19, 0x9e, 0x8b, 0x5d, 0x99, 0xdc, 0x5c,
    0xda, 0x9b, 0xdb, 0x94, 0x80, 0x68, 0x42, 0x86, 0xe7, 0x62, 0x17, 0xc6, 0x66, 0x57, 0x26, 0x37,
    0x25, 0x30, 0xea, 0x90, 0xe1, 0xb9, 0xcc, 0xa1, 0x85, 0x91, 0x95, 0xc9, 0x35, 0xbd, 0x91, 0x95,
    0xb1, 0x4d, 0x09, 0x92, 0x32, 0x64, 0x78, 0x2e, 0x72, 0x65, 0x73, 0x6f, 0x75, 0x72, 0x63, 0x65,
    0x73, 0x53, 0x82, 0xad, 0x0e, 0x19, 0x9e, 0x8b, 0x5d, 0x5a, 0xd9, 0x5d, 0x12, 0xd9, 0x14, 0x5d,
    0x18, 0x5d, 0xd9, 0x94, 0xa0, 0xab, 0x43, 0x86, 0xe7, 0x52, 0xe6, 0x46, 0x27, 0x97, 0x07, 0xf5,
    0x96, 0xe6, 0x46, 0x37, 0x37, 0x25, 0xc0, 0x03, 0x00, 0x00, 0x00, 0x00, 0x79, 0x18, 0x00, 0x00,
    0x51, 0x00, 0x00, 0x00, 0x33, 0x08, 0x80, 0x1c, 0xc4, 0xe1, 0x1c, 0x66, 0x14, 0x01, 0x3d, 0x88,
    0x43, 0x38, 0x84, 0xc3, 0x8c, 0x42, 0x80, 0x07, 0x79, 0x78, 0x07, 0x73, 0x98, 0x71, 0x0c, 0xe6,
    0x00, 0x0f, 0xed, 0x10, 0x0e, 0xf4, 0x80, 0x0e, 0x33, 0x0c, 0x42, 0x1e, 0xc2, 0xc1, 0x1d, 0xce,
    0xa1, 0x1c, 0x66, 0x30, 0x05, 0x3d, 0x88, 0x43, 0x38, 0x84, 0x83, 0x1b, 0xcc, 0x03, 0x3d, 0xc8,
    0x43, 0x3d, 0x8c, 0x03, 0x3d, 0xcc, 0x78, 0x8c, 0x74, 0x70, 0x07, 0x7b, 0x08, 0x07, 0x79, 0x48,
    0x87, 0x70, 0x70, 0x07, 0x7a, 0x70, 0x03, 0x76, 0x78, 0x87, 0x70, 0x20, 0x87, 0x19, 0xcc, 0x11,
    0x0e, 0xec, 0x90, 0x0e, 0xe1, 0x30, 0x0f, 0x6e, 0x30, 0x0f, 0xe3, 0xf0, 0x0e, 0xf0, 0x50, 0x0e,
    0x33, 0x10, 0xc4, 0x1d, 0xde, 0x21, 0x1c, 0xd8, 0x21, 0x1d, 0xc2, 0x61, 0x1e, 0x66, 0x30, 0x89,
    0x3b, 0xbc, 0x83, 0x3b, 0xd0, 0x43, 0x39, 0xb4, 0x03, 0x3c, 0xbc, 0x83, 0x3c, 0x84, 0x03, 0x3b,
    0xcc, 0xf0, 0x14, 0x76, 0x60, 0x07, 0x7b, 0x68, 0x07, 0x37, 0x68, 0x87, 0x72, 0x68, 0x07, 0x37,
    0x80, 0x87, 0x70, 0x90, 0x87, 0x70, 0x60, 0x07, 0x76, 0x28, 0x07, 0x76, 0xf8, 0x05, 0x76, 0x78,
    0x87, 0x77, 0x80, 0x87, 0x5f, 0x08, 0x87, 0x71, 0x18, 0x87, 0x72, 0x98, 0x87, 0x79, 0x98, 0x81,
    0x2c, 0xee, 0xf0, 0x0e, 0xee, 0xe0, 0x0e, 0xf5, 0xc0, 0x0e, 0xec, 0x30, 0x03, 0x62, 0xc8, 0xa1,
    0x1c, 0xe4, 0xa1, 0x1c, 0xcc, 0xa1, 0x1c, 0xe4, 0xa1, 0x1c, 0xdc, 0x61, 0x1c, 0xca, 0x21, 0x1c,
    0xc4, 0x81, 0x1d, 0xca, 0x61, 0x06, 0xd6, 0x90, 0x43, 0x39, 0xc8, 0x43, 0x39, 0x98, 0x43, 0x39,
    0xc8, 0x43, 0x39, 0xb8, 0xc3, 0x38, 0x94, 0x43, 0x38, 0x88, 0x03, 0x3b, 0x94, 0xc3, 0x2f, 0xbc,
    0x83, 0x3c, 0xfc, 0x82, 0x3b, 0xd4, 0x03, 0x3b, 0xb0, 0xc3, 0x0c, 0xc4, 0x21, 0x07, 0x7c, 0x70,
    0x03, 0x7a, 0x28, 0x87, 0x76, 0x80, 0x87, 0x19, 0xd1, 0x43, 0x0e, 0xf8, 0xe0, 0x06, 0xe4, 0x20,
    0x0e, 0xe7, 0xe0, 0x06, 0xf6, 0x10, 0x0e, 0xf2, 0xc0, 0x0e, 0xe1, 0x90, 0x0f, 0xef, 0x50, 0x0f,
    0xf4, 0x30, 0x83, 0x81, 0xc8, 0x01, 0x1f, 0xdc, 0x40, 0x1c, 0xe4, 0xa1, 0x1c, 0xc2, 0x61, 0x1d,
    0xdc, 0x40, 0x1c, 0xe4, 0x01, 0x00, 0x00, 0x00, 0x71, 0x20, 0x00, 0x00, 0x29, 0x00, 0x00, 0x00,
    0x66, 0x00, 0x0d, 0x97, 0xef, 0x3c, 0x7e, 0x80, 0x34, 0x40, 0x84, 0xf9, 0xc5, 0x6d, 0x5b, 0xc2,
    0x36, 0x5c, 0xbe, 0xf3, 0xf8, 0x42, 0x40, 0x15, 0x05, 0x11, 0x95, 0x0e, 0x30, 0x94, 0x84, 0x01,
    0x08, 0x98, 0x5f, 0xdc, 0xb6, 0x29, 0x48, 0xc3, 0xe5, 0x3b, 0x8f, 0x2f, 0x44, 0x04, 0x30, 0x11,
    0x21, 0xd0, 0x0c, 0x0b, 0x61, 0x03, 0xcd, 0x70, 0xf9, 0xce, 0xe3, 0x0f, 0x88, 0x24, 0x00, 0xd1,
    0x60, 0x08, 0xce, 0x70, 0xf9, 0xce, 0xe3, 0x0f, 0xce, 0x74, 0xfb, 0xc5, 0x6d, 0x5b, 0xc0, 0x34,
    0x5c, 0xbe, 0xf3, 0xf8, 0x8b, 0x03, 0x0c, 0x62, 0xf3, 0x50, 0x93, 0x5f, 0xdc, 0xb6, 0x15, 0x40,
    0xc3, 0xe5, 0x3b, 0x8f, 0x2f, 0x01, 0xcc, 0xb3, 0x10, 0x7e, 0x71, 0xdb, 0x26, 0x50, 0x0d, 0x97,
    0xef, 0x3c, 0xbe, 0x34, 0x39, 0x11, 0x81, 0x52, 0xd3, 0x43, 0x4d, 0x7e, 0x71, 0xdb, 0x46, 0x50,
    0x0d, 0x97, 0xef, 0x3c, 0xfe, 0x44, 0x5c, 0x13, 0x15, 0x11, 0xa5, 0x03, 0x0c, 0x7e, 0x71, 0xdb,
    0x76, 0xf0, 0x0c, 0x97, 0xef, 0x3c, 0x3e, 0xd5, 0x00, 0x11, 0xe6, 0x17, 0xb7, 0x6d, 0x00, 0x04,
    0x03, 0x20, 0x0d, 0x00, 0x61, 0x20, 0x00, 0x00, 0xe1, 0x00, 0x00, 0x00, 0x13, 0x04, 0x45, 0x2c,
    0x10, 0x00, 0x00, 0x00, 0x1d, 0x00, 0x00, 0x00, 0xa4, 0xd4, 0xc0, 0x08, 0x00, 0x11, 0xe5, 0x56,
    0x78, 0x45, 0x18, 0x50, 0xa4, 0x01, 0xe5, 0x52, 0x76, 0xa5, 0x50, 0x2a, 0x65, 0x54, 0x72, 0x85,
    0x30, 0x03, 0x40, 0xc3, 0x18, 0x01, 0x08, 0x82, 0x20, 0xfc, 0x0b, 0x63, 0x04, 0x38, 0x7b, 0x9f,
    0xb9, 0x37, 0x46, 0x90, 0xeb, 0xa5, 0x3b, 0x7f, 0x63, 0x04, 0xb0, 0xcf, 0xce, 0xe5, 0x37, 0x46,
    0xb0, 0xc7, 0x6a, 0xbc, 0xff, 0xc2, 0x08, 0xc0, 0x18, 0x01, 0x08, 0xe2, 0xb4, 0x39, 0x06, 0x63,
    0x04, 0x20, 0x08, 0x82, 0xf8, 0x37, 0x46, 0x00, 0x86, 0x6f, 0xbf, 0x9e, 0xc1, 0x18, 0x01, 0x48,
    0x97, 0x71, 0x5e, 0x06, 0x63, 0x04, 0xb8, 0x5c, 0xc6, 0x79, 0x19, 0x8c, 0x11, 0xb0, 0x6d, 0xfc,
    0xca, 0xdb, 0x0c, 0xc0, 0x18, 0x01, 0x08, 0x82, 0x20, 0xfc, 0x01, 0x00, 0x23, 0x06, 0x09, 0x00,
    0x82, 0x60, 0xd0, 0xc9, 0x41, 0x54, 0x06, 0x71, 0x10, 0x07, 0xdb, 0x88, 0x41, 0x02, 0x80, 0x20,
    0x18, 0x74, 0x73, 0x20, 0x99, 0x41, 0x1c, 0xc4, 0x01, 0x37, 0x62, 0x90, 0x00, 0x20, 0x08, 0x06,
    0x1d, 0x1d, 0x4c, 0x69, 0x20, 0x07, 0x72, 0xd0, 0x8d, 0x18, 0x24, 0x00, 0x08, 0x82, 0x41, 0x57,
    0x07, 0xd4, 0x19, 0xcc, 0xc1, 0x1c, 0x78, 0x23, 0x06, 0x09, 0x00, 0x82, 0x60, 0x60, 0xfc, 0x01,
    0x15, 0x07, 0x74, 0x90, 0x06, 0xd3, 0x88, 0x41, 0x02, 0x80, 0x20, 0x18, 0x18, 0xa0, 0x50, 0xd9,
    0x41, 0x1d, 0xa8, 0x01, 0x35, 0x62, 0x90, 0x00, 0x20, 0x08, 0x06, 0x46, 0x28, 0x58, 0x77, 0x60,
    0x07, 0x69, 0x50, 0x8d, 0x18, 0x24, 0x00, 0x08, 0x82, 0x81, 0x21, 0x0a, 0xd7, 0x1d, 0xdc, 0x01,
    0x1b, 0x58, 0x23, 0x06, 0x09, 0x00, 0x82, 0x60, 0x60, 0x8c, 0x02, 0x86, 0x07, 0x78, 0xb0, 0x06,
    0xd7, 0x88, 0x41, 0x02, 0x80, 0x20, 0x18, 0x18, 0xa4, 0x90, 0xe5, 0x41, 0x1e, 0xb4, 0x01, 0x76,
    0x03, 0x41, 0x37, 0x10, 0x34, 0x62, 0xd0, 0x00, 0x20, 0x08, 0x06, 0x10, 0x29, 0x90, 0x01, 0xc3,
    0x07, 0x42, 0xb0, 0x6d, 0xdb, 0x36, 0x9a, 0x10, 0x00, 0x56, 0x48, 0xf2, 0x31, 0x2a, 0x88, 0x8f,
    0x59, 0x01, 0x7d, 0x8c, 0xa8, 0xe4, 0x63, 0x57, 0x10, 0x1f, 0xcb, 0x02, 0xfa, 0x18, 0x11, 0xc4,
    0x67, 0x38, 0x22, 0xe8, 0x84, 0x6f, 0x96, 0x21, 0x10, 0x82, 0x11, 0x03, 0x03, 0x00, 0x41, 0x30,
    0x58, 0x5e, 0xa1, 0x0d, 0xe4, 0x60, 0x96, 0x40, 0x18, 0x31, 0x78, 0x00, 0x10, 0x04, 0x03, 0xa9,
    0x15, 0xde, 0xa0, 0xa2, 0x22, 0x08, 0xc3, 0x4c, 0xc1, 0x14, 0xca, 0x00, 0x1b, 0x4d, 0x08, 0x80,
    0xd1, 0x04, 0x21, 0x18, 0x4d, 0x18, 0x84, 0xd1, 0x04, 0x62, 0x18, 0x8e, 0x08, 0x38, 0xe2, 0x9b,
    0x65, 0x18, 0x88, 0x60, 0xc4, 0xc0, 0x00, 0x40, 0x10, 0x0c, 0x96, 0x5a, 0x98, 0x03, 0x3c, 0x98,
    0x25, 0x20, 0x46, 0x0c, 0x0e, 0x00, 0x04, 0xc1, 0x60, 0x7b, 0x85, 0x38, 0xc8, 0x58, 0x61, 0x34,
    0x21, 0x08, 0xac, 0x0c, 0x02, 0xfa, 0x8c, 0x18, 0x1c, 0x00, 0x08, 0x82, 0x01, 0x55, 0x0b, 0x71,
    0x80, 0x88, 0xc1, 0x88, 0xc1, 0x01, 0x80, 0x20, 0x18, 0x50, 0xb6, 0x20, 0x07, 0xc8, 0x18, 0x8c,
    0x18, 0x1c, 0x00, 0x08, 0x82, 0x01, 0x75, 0x0b, 0x73, 0x80, 0x90, 0xc1, 0x88, 0x81, 0x01, 0x80,
    0x20, 0x18, 0x58, 0xb7, 0x80, 0x07, 0xc3, 0x88, 0x81, 0x01, 0x80, 0x20, 0x18, 0x58, 0xb8, 0x90,
    0x07, 0xc3, 0x88, 0x81, 0x01, 0x80, 0x20, 0x18, 0x58, 0xb9, 0xa0, 0x07, 0x83, 0x0d, 0x87, 0x7c,
    0x6c, 0x40, 0xe4, 0x63, 0x43, 0x22, 0x9f, 0x11, 0x03, 0x03, 0x00, 0x41, 0x30, 0xb0, 0x7a, 0x61,
    0x0f, 0x86, 0x11, 0x03, 0x03, 0x00, 0x41, 0x30, 0xb0, 0x7c, 0x81, 0x0f, 0x86, 0x11, 0x03, 0x03,
    0x00, 0x41, 0x30, 0xb0, 0x7e, 0xa1, 0x0f, 0x86, 0xd1, 0x84, 0x47, 0x30, 0x34, 0x08, 0xe2, 0x33,
    0x62, 0x70, 0x00, 0x20, 0x08, 0x06, 0xd4, 0x38, 0xfc, 0x81, 0x1d, 0x04, 0xa3, 0x09, 0x12, 0x60,
    0x82, 0x20, 0x1f, 0x0b, 0xf4, 0x40, 0x3e, 0x36, 0x0c, 0xf2, 0xb1, 0x40, 0x90, 0xcf, 0x88, 0x81,
    0x01, 0x80, 0x20, 0x18, 0x58, 0xe8, 0x60, 0x0a, 0x81, 0xed, 0x41, 0x10, 0x9f, 0x11, 0x03, 0x03,
    0x00, 0x41, 0x30, 0xb0, 0xd4, 0x81, 0x1c, 0x82, 0x11, 0x83, 0x03, 0x00, 0x41, 0x30, 0xd8, 0xd2,
    0x61, 0x15, 0xe6, 0xe0, 0x1c, 0x46, 0x13, 0x02, 0x60, 0x34, 0x41, 0x08, 0x46, 0x13, 0x06, 0xc1,
    0x06, 0x29, 0x3e, 0x36, 0x48, 0xf1, 0xb1, 0x41, 0x8a, 0x8f, 0x0d, 0x88, 0x7c, 0x6c, 0x48, 0xe4,
    0x63, 0x83, 0x22, 0x1f, 0x1b, 0x30, 0xf8, 0xd8, 0x80, 0xc1, 0xc7, 0x06, 0x0c, 0x3e, 0x23, 0x06,
    0x0b, 0x00, 0x82, 0x60, 0x80, 0xdd, 0x43, 0x2f, 0x0c, 0x42, 0xe0, 0x0a, 0xaf, 0x00, 0x0b, 0xa3,
    0x09, 0x68, 0x30, 0x58, 0x21, 0xc4, 0xc7, 0x8a, 0x21, 0x3e, 0x56, 0x10, 0xf1, 0xb1, 0x81, 0x90,
    0x8f, 0x0d, 0x85, 0x7c, 0x6c, 0x30, 0xe4, 0x63, 0x48, 0x2e, 0xc0, 0xc7, 0x02, 0x02, 0x3e, 0x26,
    0x10, 0xf0, 0xb1, 0x81, 0x80, 0xcf, 0x88, 0xc1, 0x01, 0x80, 0x20, 0x18, 0x6c, 0x22, 0x41, 0x0e,
    0xac, 0xc0, 0x0f, 0xa3, 0x09, 0x01, 0x60, 0x45, 0x20, 0x1f, 0x2b, 0x04, 0xf9, 0x58, 0x31, 0xc8,
    0xc7, 0x86, 0x5a, 0x80, 0x8f, 0x0d, 0xb6, 0x00, 0x1f, 0x1b, 0x6e, 0x01, 0x3e, 0x23, 0x06, 0x06,
    0x00, 0x82, 0x60, 0x60, 0xb1, 0x84, 0x49, 0x0c, 0x23, 0x06, 0x06, 0x00, 0x82, 0x60, 0x60, 0xb5,
    0xc4, 0x49, 0x0c, 0x23, 0x06, 0x06, 0x00, 0x82, 0x60, 0x60, 0xb9, 0x04, 0x4a, 0x0c, 0xa3, 0x09,
    0x4b, 0x60, 0x01, 0x01, 0x1f, 0x13, 0x08, 0xf8, 0xd8, 0x40, 0xc0, 0x67, 0xc4, 0xc0, 0x00, 0x40,
    0x10, 0x0c, 0xac, 0x99, 0x68, 0x89, 0x61, 0xc4, 0xc0, 0x00, 0x40, 0x10, 0x0c, 0x2c, 0x9a, 0x70,
    0x89, 0x61, 0xc4, 0xc0, 0x00, 0x40, 0x10, 0x0c, 0xac, 0x9a, 0x78, 0x89, 0x61, 0xc4, 0x20, 0x01,
    0x40, 0x10, 0x0c, 0x90, 0x9d, 0xa8, 0x87, 0x98, 0x88, 0x09, 0x93, 0x18, 0x46, 0x0c, 0x12, 0x00,
    0x04, 0xc1, 0x00, 0xd9, 0x89, 0x7a, 0x88, 0x89, 0x98, 0x20, 0x09, 0x61, 0xc4, 0x20, 0x01, 0x40,
    0x10, 0x0c, 0x90, 0x9d, 0xa8, 0x87, 0x98, 0x88, 0x89, 0x92, 0x08, 0x46, 0x0c, 0x12, 0x00, 0x04,
    0xc1, 0x00, 0xd9, 0x89, 0x7a, 0x88, 0x89, 0x98, 0x40, 0x89, 0x53, 0x40, 0x00, 0x00, 0x00, 0x00,
    0x00, 0x00, 0x00, 0x00
};
static const unsigned int game_scene_sign_pixel_dxil_size = 5892;

static const unsigned char game_car_vertex_dxil[] = {
    0x44, 0x58, 0x42, 0x43, 0x2c, 0xb2, 0xe4, 0xbc, 0x95, 0xf0, 0xa5, 0x1a, 0x17, 0xd5, 0x9d, 0x02,
    0x42, 0xf7, 0x7b, 0xa0, 0x01, 0x00, 0x00, 0x00, 0x50, 0x11, 0x00, 0x00, 0x07, 0x00, 0x00, 0x00,
    0x3c, 0x00, 0x00, 0x00, 0x4c, 0x00, 0x00, 0x00, 0xc8, 0x00, 0x00, 0x00, 0x70, 0x01, 0x00, 0x00,
    0xbc, 0x02, 0x00, 0x00, 0x40, 0x09, 0x00, 0x00, 0x5c, 0x09, 0x00, 0x00, 0x53, 0x46, 0x49, 0x30,
    0x08, 0x00, 0x00, 0x00, 0x00, 0x00, 0x00, 0x00, 0x00, 0x00, 0x00, 0x00, 0x49, 0x53, 0x47, 0x31,
    0x74, 0x00, 0x00, 0x00, 0x03, 0x00, 0x00, 0x00, 0x08, 0x00, 0x00, 0x00, 0x00, 0x00, 0x00, 0x00,
    0x68, 0x00, 0x00, 0x00, 0x00, 0x00, 0x00, 0x00, 0x00, 0x00, 0x00, 0x00, 0x03, 0x00, 0x00, 0x00,
    0x00, 0x00, 0x00, 0x00, 0x07, 0x07, 0x00, 0x00, 0x00, 0x00, 0x00, 0x00, 0x00, 0x00, 0x00, 0x00,
    0x68, 0x00, 0x00, 0x00, 0x01, 0x00, 0x00, 0x00, 0x00, 0x00, 0x00, 0x00, 0x03, 0x00, 0x00, 0x00,
    0x01, 0x00, 0x00, 0x00, 0x03, 0x03, 0x00, 0x00, 0x00, 0x00, 0x00, 0x00, 0x00, 0x00, 0x00, 0x00,
    0x68, 0x00, 0x00, 0x00, 0x02, 0x00, 0x00, 0x00, 0x00, 0x00, 0x00, 0x00, 0x03, 0x00, 0x00, 0x00,
    0x02, 0x00, 0x00, 0x00, 0x0f, 0x0f, 0x00, 0x00, 0x00, 0x00, 0x00, 0x00, 0x54, 0x45, 0x58, 0x43,
    0x4f, 0x4f, 0x52, 0x44, 0x00, 0x00, 0x00, 0x00, 0x4f, 0x53, 0x47, 0x31, 0xa0, 0x00, 0x00, 0x00,
    0x04, 0x00, 0x00, 0x00, 0x08, 0x00, 0x00, 0x00, 0x00, 0x00, 0x00, 0x00, 0x88, 0x00, 0x00, 0x00,
    0x00, 0x00, 0x00, 0x00, 0x01, 0x00, 0x00, 0x00, 0x03, 0x00, 0x00, 0x00, 0x00, 0x00, 0x00, 0x00,
    0x0f, 0x00, 0x00, 0x00, 0x00, 0x00, 0x00, 0x00, 0x00, 0x00, 0x00, 0x00, 0x94, 0x00, 0x00, 0x00,
    0x00, 0x00, 0x00, 0x00, 0x00, 0x00, 0x00, 0x00, 0x03, 0x00, 0x00, 0x00, 0x01, 0x00, 0x00, 0x00,
    0x03, 0x0c, 0x00, 0x00, 0x00, 0x00, 0x00, 0x00, 0x00, 0x00, 0x00, 0x00, 0x94, 0x00, 0x00, 0x00,
    0x02, 0x00, 0x00, 0x00, 0x00, 0x00, 0x00, 0x00, 0x03, 0x00, 0x00, 0x00, 0x01, 0x00, 0x00, 0x00,
    0x04, 0x0b, 0x00, 0x00, 0x00, 0x00, 0x00, 0x00, 0x00, 0x00, 0x00, 0x00, 0x94, 0x00, 0x00, 0x00,
    0x01, 0x00, 0x00, 0x00, 0x00, 0x00, 0x00, 0x00, 0x03, 0x00, 0x00, 0x00, 0x02, 0x00, 0x00, 0x00,
    0x0f, 0x00, 0x00, 0x00, 0x00, 0x00, 0x00, 0x00, 0x53, 0x56, 0x5f, 0x50, 0x6f, 0x73, 0x69, 0x74,
    0x69, 0x6f, 0x6e, 0x00, 0x54, 0x45, 0x58, 0x43, 0x4f, 0x4f, 0x52, 0x44, 0x00, 0x00, 0x00, 0x00,
    0x50, 0x53, 0x56, 0x30, 0x44, 0x01, 0x00, 0x00, 0x30, 0x00, 0x00, 0x00, 0x01, 0x00, 0x00, 0x00,
    0x00, 0x00, 0x00, 0x00, 0x00, 0x00, 0x00, 0x00, 0x00, 0x00, 0x00, 0x00, 0x00, 0x00, 0x00, 0x00,
    0xff, 0xff, 0xff, 0xff, 0x01, 0x00, 0x00, 0x00, 0x03, 0x04, 0x00, 0x03, 0x03, 0x00, 0x00, 0x00,
    0x00, 0x00, 0x00, 0x00, 0x00, 0x00, 0x00, 0x00, 0x00, 0x00, 0x00, 0x00, 0x01, 0x00, 0x00, 0x00,
    0x18, 0x00, 0x00, 0x00, 0x02, 0x00, 0x00, 0x00, 0x01, 0x00, 0x00, 0x00, 0x00, 0x00, 0x00, 0x00,
    0x00, 0x00, 0x00, 0x00, 0x0d, 0x00, 0x00, 0x00, 0x00, 0x00, 0x00, 0x00, 0x38, 0x00, 0x00, 0x00,
    0x00, 0x54, 0x45, 0x58, 0x43, 0x4f, 0x4f, 0x52, 0x44, 0x00, 0x54, 0x45, 0x58, 0x43, 0x4f, 0x4f,
    0x52, 0x44, 0x00, 0x54, 0x45, 0x58, 0x43, 0x4f, 0x4f, 0x52, 0x44, 0x00, 0x54, 0x45, 0x58, 0x43,
    0x4f, 0x4f, 0x52, 0x44, 0x00, 0x54, 0x45, 0x58, 0x43, 0x4f, 0x4f, 0x52, 0x44, 0x00, 0x54, 0x45,
    0x58, 0x43, 0x4f, 0x4f, 0x52, 0x44, 0x00, 0x00, 0x03, 0x00, 0x00, 0x00, 0x00, 0x00, 0x00, 0x00,
    0x01, 0x00, 0x00, 0x00, 0x02, 0x00, 0x00, 0x00, 0x10, 0x00, 0x00, 0x00, 0x01, 0x00, 0x00, 0x00,
    0x00, 0x00, 0x00, 0x00, 0x01, 0x00, 0x43, 0x00, 0x03, 0x00, 0x00, 0x00, 0x0a, 0x00, 0x00, 0x00,
    0x01, 0x00, 0x00, 0x00, 0x01, 0x01, 0x42, 0x00, 0x03, 0x00, 0x00, 0x00, 0x13, 0x00, 0x00, 0x00,
    0x02, 0x00, 0x00, 0x00, 0x01, 0x02, 0x44, 0x00, 0x03, 0x00, 0x00, 0x00, 0x00, 0x00, 0x00, 0x00,
    0x00, 0x00, 0x00, 0x00, 0x01, 0x00, 0x44, 0x03, 0x03, 0x04, 0x00, 0x00, 0x1c, 0x00, 0x00, 0x00,
    0x00, 0x00, 0x00, 0x00, 0x01, 0x01, 0x42, 0x00, 0x03, 0x02, 0x00, 0x00, 0x25, 0x00, 0x00, 0x00,
    0x01, 0x00, 0x00, 0x00, 0x01, 0x02, 0x44, 0x00, 0x03, 0x02, 0x00, 0x00, 0x2e, 0x00, 0x00, 0x00,
    0x02, 0x00, 0x00, 0x00, 0x01, 0x01, 0x61, 0x00, 0x03, 0x02, 0x00, 0x00, 0x4f, 0x00, 0x00, 0x00,
    0x4f, 0x00, 0x00, 0x00, 0x4f, 0x00, 0x00, 0x00, 0x00, 0x00, 0x00, 0x00, 0x10, 0x00, 0x00, 0x00,
    0x20, 0x00, 0x00, 0x00, 0x00, 0x00, 0x00, 0x00, 0x00, 0x00, 0x00, 0x00, 0x00, 0x01, 0x00, 0x00,
    0x00, 0x02, 0x00, 0x00, 0x00, 0x04, 0x00, 0x00, 0x00, 0x08, 0x00, 0x00, 0x53, 0x54, 0x41, 0x54,
    0x7c, 0x06, 0x00, 0x00, 0x60, 0x00, 0x01, 0x00, 0x9f, 0x01, 0x00, 0x00, 0x44, 0x58, 0x49, 0x4c,
    0x00, 0x01, 0x00, 0x00, 0x10, 0x00, 0x00, 0x00, 0x64, 0x06, 0x00, 0x00, 0x42, 0x43, 0xc0, 0xde,
    0x21, 0x0c, 0x00, 0x00, 0x96, 0x01, 0x00, 0x00, 0x0b, 0x82, 0x20, 0x00, 0x02, 0x00, 0x00, 0x00,
    0x13, 0x00, 0x00, 0x00, 0x07, 0x81, 0x23, 0x91, 0x41, 0xc8, 0x04, 0x49, 0x06, 0x10, 0x32, 0x39,
    0x92, 0x01, 0x84, 0x0c, 0x25, 0x05, 0x08, 0x19, 0x1e, 0x04, 0x8b, 0x62, 0x80, 0x14, 0x45, 0x02,
    0x42, 0x92, 0x0b, 0x42, 0xa4, 0x10, 0x32, 0x14, 0x38, 0x08, 0x18, 0x4b, 0x0a, 0x32, 0x52, 0x88,
    0x48, 0x90, 0x14, 0x20, 0x43, 0x46, 0x88, 0xa5, 0x00, 0x19, 0x32, 0x42, 0xe4, 0x48, 0x0e, 0x90,
    0x91, 0x22, 0xc4, 0x50, 0x41, 0x51, 0x81, 0x8c, 0xe1, 0x83, 0xe5, 0x8a, 0x04, 0x29, 0x46, 0x06,
    0x51, 0x18, 0x00, 0x00, 0x08, 0x00, 0x00, 0x00, 0x1b, 0x8c, 0xe0, 0xff, 0xff, 0xff, 0xff, 0x07,
    0x40, 0x02, 0xa8, 0x0d, 0x84, 0xf0, 0xff, 0xff, 0xff, 0xff, 0x03, 0x20, 0x6d, 0x30, 0x86, 0xff,
    0xff, 0xff, 0xff, 0x1f, 0x00, 0x09, 0xa8, 0x00, 0x49, 0x18, 0x00, 0x00, 0x03, 0x00, 0x00, 0x00,
    0x13, 0x82, 0x60, 0x42, 0x20, 0x4c, 0x08, 0x06, 0x00, 0x00, 0x00, 0x00, 0x89, 0x20, 0x00, 0x00,
    0x25, 0x00, 0x00, 0x00, 0x32, 0x22, 0x48, 0x09, 0x20, 0x64, 0x85, 0x04, 0x93, 0x22, 0xa4, 0x84,
    0x04, 0x93, 0x22, 0xe3, 0x84, 0xa1, 0x90, 0x14, 0x12, 0x4c, 0x8a, 0x8c, 0x0b, 0x84, 0xa4, 0x4c,
    0x10, 0x68, 0x23, 0x00, 0x25, 0x00, 0x14, 0x66, 0x00, 0xe6, 0x08, 0xc0, 0x60, 0x8e, 0x00, 0x29,
    0xc6, 0x20, 0x84, 0x14, 0x42, 0xa6, 0x18, 0x80, 0x10, 0x52, 0x06, 0xa1, 0xa3, 0x86, 0xcb, 0x9f,
    0xb0, 0x87, 0x90, 0x7c, 0x6e, 0xa3, 0x8a, 0x95, 0x98, 0xfc, 0xe2, 0xb6, 0x11, 0x31, 0xc6, 0x18,
    0x54, 0xee, 0x19, 0x2e, 0x7f, 0xc2, 0x1e, 0x42, 0xf2, 0x43, 0xa0, 0x19, 0x16, 0x02, 0x05, 0xab,
    0x10, 0x8a, 0x30, 0x42, 0xad, 0x14, 0x83, 0x8c, 0x31, 0xe8, 0xcd, 0x11, 0x04, 0xc5, 0x60, 0xa4,
    0x10, 0x12, 0x49, 0x0e, 0x04, 0x0c, 0x23, 0x10, 0x43, 0x12, 0xd4, 0xeb, 0x0e, 0x47, 0x9a, 0x16,
    0x00, 0x73, 0xa8, 0xc9, 0x37, 0x09, 0xe9, 0x78, 0x89, 0x68, 0x22, 0x2e, 0xb7, 0x41, 0x0a, 0x27,
    0x62, 0x24, 0x14, 0x58, 0xba, 0xe9, 0x40, 0x00, 0x13, 0x14, 0x72, 0xc0, 0x87, 0x74, 0x60, 0x87,
    0x36, 0x68, 0x87, 0x79, 0x68, 0x03, 0x72, 0xc0, 0x87, 0x0d, 0xaf, 0x50, 0x0e, 0x6d, 0xd0, 0x0e,
    0x7a, 0x50, 0x0e, 0x6d, 0x00, 0x0f, 0x7a, 0x30, 0x07, 0x72, 0xa0, 0x07, 0x73, 0x20, 0x07, 0x6d,
    0x90, 0x0e, 0x71, 0xa0, 0x07, 0x73, 0x20, 0x07, 0x6d, 0x90, 0x0e, 0x78, 0xa0, 0x07, 0x73, 0x20,
    0x07, 0x6d, 0x90, 0x0e, 0x71, 0x60, 0x07, 0x7a, 0x30, 0x07, 0x72, 0xd0, 0x06, 0xe9, 0x30, 0x07,
    0x72, 0xa0, 0x07, 0x73, 0x20, 0x07, 0x6d, 0x90, 0x0e, 0x76, 0x40, 0x07, 0x7a, 0x60, 0x07, 0x74,
    0xd0, 0x06, 0xe6, 0x10, 0x07, 0x76, 0xa0, 0x07, 0x73, 0x20, 0x07, 0x6d, 0x60, 0x0e, 0x73, 0x20,
    0x07, 0x7a, 0x30, 0x07, 0x72, 0xd0, 0x06, 0xe6, 0x60, 0x07, 0x74, 0xa0, 0x07, 0x76, 0x40, 0x07,
    0x6d, 0xe0, 0x0e, 0x78, 0xa0, 0x07, 0x71, 0x60, 0x07, 0x7a, 0x30, 0x07, 0x72, 0xa0, 0x07, 0x76,
    0x40, 0x07, 0x43, 0x9e, 0x00, 0x08, 0x00, 0x00, 0x00, 0x00, 0x00, 0x00, 0x00, 0x00, 0x00, 0x86,
    0x3c, 0x06, 0x10, 0x00, 0x01, 0x00, 0x00, 0x00, 0x00, 0x00, 0x00, 0x00, 0x0c, 0x79, 0x10, 0x20,
    0x00, 0x04, 0x00, 0x00, 0x00, 0x00, 0x00, 0x00, 0x00, 0x18, 0xf2, 0x34, 0x40, 0x00, 0x0c, 0x00,
    0x00, 0x00, 0x00, 0x00, 0x00, 0x00, 0x30, 0xe4, 0x79, 0x80, 0x00, 0x08, 0x00, 0x00, 0x00, 0x00,
    0x00, 0x00, 0x00, 0x60, 0xc8, 0x23, 0x01, 0x01, 0x30, 0x00, 0x00, 0x00, 0x00, 0x00, 0x00, 0x00,
    0x40, 0x16, 0x08, 0x00, 0x13, 0x00, 0x00, 0x00, 0x32, 0x1e, 0x98, 0x14, 0x19, 0x11, 0x4c, 0x90,
    0x8c, 0x09, 0x26, 0x47, 0xc6, 0x04, 0x43, 0x22, 0x25, 0x30, 0x02, 0x50, 0x0c, 0x05, 0x18, 0x50,
    0x04, 0x85, 0x50, 0x06, 0xe5, 0x50, 0x12, 0xe5, 0x51, 0x10, 0x45, 0x57, 0x16, 0x54, 0x4a, 0x62,
    0x04, 0xa0, 0x0c, 0x8a, 0xa0, 0x10, 0x4a, 0x80, 0xee, 0x0c, 0x00, 0xe1, 0x19, 0x00, 0xca, 0x63,
    0x39, 0x0c, 0xf3, 0x0a, 0xaf, 0xf0, 0x0a, 0x00, 0x04, 0x06, 0x00, 0x00, 0x22, 0x20, 0x04, 0x82,
    0x01, 0x08, 0x0a, 0x00, 0x79, 0x18, 0x00, 0x00, 0x94, 0x00, 0x00, 0x00, 0x1a, 0x03, 0x4c, 0x90,
    0x46, 0x02, 0x13, 0x44, 0x8f, 0x0c, 0x6f, 0xec, 0xed, 0x4d, 0x0c, 0x24, 0xc6, 0xe5, 0xc6, 0x45,
    0x66, 0x06, 0x06, 0xc7, 0x25, 0xc6, 0x06, 0x04, 0xa5, 0x46, 0x86, 0x2c, 0x2c, 0xe6, 0xa6, 0x4c,
    0x26, 0x27, 0x65, 0x43, 0x10, 0x4c, 0x10, 0x08, 0x63, 0x82, 0x40, 0x1c, 0x1b, 0x84, 0x81, 0xd8,
    0x20, 0x10, 0x04, 0x05, 0xbb, 0xb9, 0x09, 0x02, 0x81, 0x6c, 0x18, 0x0e, 0x84, 0x98, 0x20, 0x60,
    0x1a, 0xa5, 0xa6, 0xb2, 0x39, 0x34, 0xab, 0x32, 0x39, 0xba, 0x32, 0xbc, 0x2a, 0xb7, 0x34, 0xb3,
    0x37, 0xb9, 0xb6, 0xb9, 0x09, 0x02, 0x91, 0x6c, 0x40, 0x08, 0x65, 0x19, 0x88, 0x81, 0x01, 0x36,
    0x04, 0xcd, 0x06, 0x02, 0x00, 0x1c, 0x60, 0x82, 0x70, 0x65, 0x4c, 0xda, 0xec, 0xe0, 0x9a, 0xc2,
    0xe8, 0xe4, 0xd2, 0xf0, 0x26, 0x08, 0x84, 0x32, 0x41, 0x20, 0x96, 0x0d, 0xc3, 0x34, 0x49, 0x13,
    0x04, 0x82, 0x99, 0x20, 0x10, 0xcd, 0x04, 0x81, 0x70, 0x36, 0x20, 0x48, 0x24, 0x51, 0x15, 0x61,
    0x5d, 0x1b, 0x04, 0x06, 0xdb, 0x30, 0x10, 0x50, 0x36, 0x41, 0x10, 0x80, 0x0d, 0xc0, 0x86, 0x81,
    0xe0, 0xb8, 0x0d, 0x41, 0xb7, 0x61, 0x18, 0x36, 0x6f, 0x82, 0x90, 0x6d, 0x1b, 0x02, 0x30, 0x20,
    0xd1, 0x16, 0x96, 0xe6, 0x46, 0x84, 0xaa, 0x08, 0x6b, 0xe8, 0xe9, 0x49, 0x8a, 0x68, 0x82, 0x50,
    0x4c, 0x13, 0x84, 0x82, 0xda, 0x10, 0x10, 0x13, 0x84, 0xa2, 0xda, 0x20, 0x54, 0xd6, 0x86, 0x85,
    0x18, 0x03, 0x32, 0x28, 0x03, 0x33, 0x28, 0x83, 0xe1, 0x0c, 0x88, 0x32, 0x40, 0x83, 0x0d, 0xc1,
    0x30, 0x41, 0x28, 0xac, 0x0d, 0x42, 0x55, 0x6d, 0x58, 0x86, 0x31, 0x20, 0x83, 0x32, 0x50, 0x83,
    0x32, 0x18, 0xd6, 0x60, 0x28, 0x03, 0x36, 0xd8, 0x10, 0x48, 0x13, 0x84, 0xe2, 0x9a, 0x20, 0x10,
    0xcf, 0x06, 0xa1, 0x82, 0x83, 0x0d, 0x8b, 0x34, 0x06, 0x64, 0x50, 0x06, 0x6e, 0x50, 0x06, 0xc3,
    0x1b, 0x48, 0x65, 0x10, 0x07, 0x1b, 0x86, 0x34, 0x68, 0x03, 0x39, 0xe0, 0x32, 0x65, 0xf5, 0x05,
    0xf5, 0x36, 0x97, 0x46, 0x97, 0xf6, 0xe6, 0xb6, 0x61, 0x21, 0xe8, 0x80, 0x0c, 0xce, 0xc0, 0x0c,
    0xde, 0x60, 0x78, 0x03, 0xa2, 0x0c, 0xe2, 0x60, 0xc3, 0x32, 0x8c, 0x01, 0x19, 0x94, 0x81, 0x19,
    0xac, 0xc1, 0xb0, 0x06, 0x43, 0x19, 0xb0, 0xc1, 0x86, 0x45, 0x1a, 0x03, 0x32, 0x28, 0x03, 0x35,
    0x58, 0x83, 0xe1, 0x0d, 0xa4, 0x32, 0x88, 0x83, 0x09, 0x42, 0x81, 0x6d, 0x10, 0xaa, 0x61, 0xc3,
    0x52, 0x8d, 0x01, 0x19, 0x94, 0x81, 0x1b, 0xac, 0xc1, 0x80, 0x07, 0xc3, 0x1a, 0xe4, 0xc1, 0x06,
    0xa2, 0x0e, 0xec, 0xe0, 0x0e, 0xf4, 0x60, 0xc3, 0x30, 0x07, 0x7b, 0x00, 0x6c, 0x28, 0x36, 0x31,
    0xe0, 0x83, 0x07, 0xa0, 0x61, 0xc6, 0xf6, 0x16, 0x46, 0x37, 0x37, 0x41, 0x20, 0x20, 0x16, 0x69,
    0x6e, 0x73, 0x74, 0x73, 0x13, 0x04, 0x22, 0xa2, 0x31, 0x97, 0x76, 0xf6, 0xc5, 0x46, 0x46, 0x63,
    0x2e, 0xed, 0xec, 0x6b, 0x8e, 0x6e, 0x82, 0x40, 0x48, 0x1b, 0x10, 0x3f, 0xf8, 0x03, 0x50, 0x08,
    0x05, 0x51, 0xb8, 0x46, 0x81, 0x14, 0xaa, 0xb0, 0xb1, 0xd9, 0xb5, 0xb9, 0xa4, 0x91, 0x95, 0xb9,
    0xd1, 0x4d, 0x09, 0x82, 0x2a, 0x64, 0x78, 0x2e, 0x76, 0x65, 0x72, 0x73, 0x69, 0x6f, 0x6e, 0x53,
    0x02, 0xa2, 0x09, 0x19, 0x9e, 0x8b, 0x5d, 0x18, 0x9b, 0x5d, 0x99, 0xdc, 0x94, 0xa0, 0xa8, 0x43,
    0x86, 0xe7, 0x32, 0x87, 0x16, 0x46, 0x56, 0x26, 0xd7, 0xf4, 0x46, 0x56, 0xc6, 0x36, 0x25, 0x40,
    0xca, 0x90, 0xe1, 0xb9, 0xc8, 0x95, 0xcd, 0xbd, 0xd5, 0xc9, 0x8d, 0x95, 0xcd, 0x4d, 0x09, 0x9c,
    0x4a, 0x64, 0x78, 0x2e, 0x74, 0x79, 0x70, 0x65, 0x41, 0x6e, 0x6e, 0x6f, 0x74, 0x61, 0x74, 0x69,
    0x6f, 0x6e, 0x73, 0x53, 0x84, 0xcc, 0xab, 0x43, 0x86, 0xe7, 0x62, 0x97, 0x56, 0x76, 0x97, 0x44,
    0x36, 0x45, 0x17, 0x46, 0x57, 0x36, 0x25, 0x00, 0x83, 0x3a, 0x64, 0x78, 0x2e, 0x65, 0x6e, 0x74,
    0x72, 0x79, 0x50, 0x6f, 0x69, 0x6e, 0x74, 0x73, 0x53, 0x02, 0x3e, 0xe8, 0x42, 0x86, 0xe7, 0x32,
    0xf6, 0x56, 0xe7, 0x46, 0x57, 0x26, 0x37, 0x37, 0x25, 0x20, 0x05, 0x00, 0x79, 0x18, 0x00, 0x00,
    0x4c, 0x00, 0x00, 0x00, 0x33, 0x08, 0x80, 0x1c, 0xc4, 0xe1, 0x1c, 0x66, 0x14, 0x01, 0x3d, 0x88,
    0x43, 0x38, 0x84, 0xc3, 0x8c, 0x42, 0x80, 0x07, 0x79, 0x78, 0x07, 0x73, 0x98, 0x71, 0x0c, 0xe6,
    0x00, 0x0f, 0xed, 0x10, 0x0e, 0xf4, 0x80, 0x0e, 0x33, 0x0c, 0x42, 0x1e, 0xc2, 0xc1, 0x1d, 0xce,
    0xa1, 0x1c, 0x66, 0x30, 0x05, 0x3d, 0x88, 0x43, 0x38, 0x84, 0x83, 0x1b, 0xcc, 0x03, 0x3d, 0xc8,
    0x43, 0x3d, 0x8c, 0x03, 0x3d, 0xcc, 0x78, 0x8c, 0x74, 0x70, 0x07, 0x7b, 0x08, 0x07, 0x79, 0x48,
    0x87, 0x70, 0x70, 0x07, 0x7a, 0x70, 0x03, 0x76, 0x78, 0x87, 0x70, 0x20, 0x87, 0x19, 0xcc, 0x11,
    0x0e, 0xec, 0x90, 0x0e, 0xe1, 0x30, 0x0f, 0x6e, 0x30, 0x0f, 0xe3, 0xf0, 0x0e, 0xf0, 0x50, 0x0e,
    0x33, 0x10, 0xc4, 0x1d, 0xde, 0x21, 0x1c, 0xd8, 0x21, 0x1d, 0xc2, 0x61, 0x1e, 0x66, 0x30, 0x89,
    0x3b, 0xbc, 0x83, 0x3b, 0xd0, 0x43, 0x39, 0xb4, 0x03, 0x3c, 0xbc, 0x83, 0x3c, 0x84, 0x03, 0x3b,
    0xcc, 0xf0, 0x14, 0x76, 0x60, 0x07, 0x7b, 0x68, 0x07, 0x37, 0x68, 0x87, 0x72, 0x68, 0x07, 0x37,
    0x80, 0x87, 0x70, 0x90, 0x87, 0x70, 0x60, 0x07, 0x76, 0x28, 0x07, 0x76, 0xf8, 0x05, 0x76, 0x78,
    0x87, 0x77, 0x80, 0x87, 0x5f, 0x08, 0x87, 0x71, 0x18, 0x87, 0x72, 0x98, 0x87, 0x79, 0x98, 0x81,
    0x2c, 0xee, 0xf0, 0x0e, 0xee, 0xe0, 0x0e, 0xf5, 0xc0, 0x0e, 0xec, 0x30, 0x03, 0x62, 0xc8, 0xa1,
    0x1c, 0xe4, 0xa1, 0x1c, 0xcc, 0xa1, 0x1c, 0xe4, 0xa1, 0x1c, 0xdc, 0x61, 0x1c, 0xca, 0x21, 0x1c,
    0xc4, 0x81, 0x1d, 0xca, 0x61, 0x06, 0xd6, 0x90, 0x43, 0x39, 0xc8, 0x43, 0x39, 0x98, 0x43, 0x39,
    0xc8, 0x43, 0x39, 0xb8, 0xc3, 0x38, 0x94, 0x43, 0x38, 0x88, 0x03, 0x3b, 0x94, 0xc3, 0x2f, 0xbc,
    0x83, 0x3c, 0xfc, 0x82, 0x3b, 0xd4, 0x03, 0x3b, 0xb0, 0xc3, 0x8c, 0xc8, 0x21, 0x07, 0x7c, 0x70,
    0x03, 0x72, 0x10, 0x87, 0x73, 0x70, 0x03, 0x7b, 0x08, 0x07, 0x79, 0x60, 0x87, 0x70, 0xc8, 0x87,
    0x77, 0xa8, 0x07, 0x7a, 0x98, 0x81, 0x3c, 0xe4, 0x80, 0x0f, 0x6e, 0x40, 0x0f, 0xe5, 0xd0, 0x0e,
    0xf0, 0x00, 0x00, 0x00, 0x71, 0x20, 0x00, 0x00, 0x18, 0x00, 0x00, 0x00, 0x36, 0xb0, 0x0d, 0x97,
    0xef, 0x3c, 0xbe, 0x10, 0x50, 0x45, 0x41, 0x44, 0xa5, 0x03, 0x0c, 0x25, 0x61, 0x00, 0x02, 0xe6,
    0x17, 0xb7, 0x6d, 0x05, 0xd2, 0x70, 0xf9, 0xce, 0xe3, 0x0b, 0x11, 0x01, 0x4c, 0x44, 0x08, 0x34,
    0xc3, 0x42, 0x58, 0xc0, 0x34, 0x5c, 0xbe, 0xf3, 0xf8, 0x8b, 0x03, 0x0c, 0x62, 0xf3, 0x50, 0x93,
    0x5f, 0xdc, 0xb6, 0x09, 0x54, 0xc3, 0xe5, 0x3b, 0x8f, 0x2f, 0x4d, 0x4e, 0x44, 0xa0, 0xd4, 0xf4,
    0x50, 0x93, 0x5f, 0xdc, 0xb6, 0x11, 0x48, 0xc3, 0xe5, 0x3b, 0x8f, 0x3f, 0x11, 0xd1, 0x84, 0x00,
    0x11, 0xe6, 0x17, 0xb7, 0x6d, 0x00, 0x04, 0x03, 0x20, 0x0d, 0x00, 0x00, 0x00, 0x00, 0x00, 0x00,
    0x48, 0x41, 0x53, 0x48, 0x14, 0x00, 0x00, 0x00, 0x00, 0x00, 0x00, 0x00, 0x84, 0x24, 0x62, 0x36,
    0x01, 0x0c, 0xb2, 0xa2, 0x23, 0xa3, 0x71, 0x49, 0x2f, 0xd5, 0x1d, 0xe5, 0x44, 0x58, 0x49, 0x4c,
    0xec, 0x07, 0x00, 0x00, 0x60, 0x00, 0x01, 0x00, 0xfb, 0x01, 0x00, 0x00, 0x44, 0x58, 0x49, 0x4c,
    0x00, 0x01, 0x00, 0x00, 0x10, 0x00, 0x00, 0x00, 0xd4, 0x07, 0x00, 0x00, 0x42, 0x43, 0xc0, 0xde,
    0x21, 0x0c, 0x00, 0x00, 0xf2, 0x01, 0x00, 0x00, 0x0b, 0x82, 0x20, 0x00, 0x02, 0x00, 0x00, 0x00,
    0x13, 0x00, 0x00, 0x00, 0x07, 0x81, 0x23, 0x91, 0x41, 0xc8, 0x04, 0x49, 0x06, 0x10, 0x32, 0x39,
    0x92, 0x01, 0x84, 0x0c, 0x25, 0x05, 0x08, 0x19, 0x1e, 0x04, 0x8b, 0x62, 0x80, 0x14, 0x45, 0x02,
    0x42, 0x92, 0x0b, 0x42, 0xa4, 0x10, 0x32, 0x14, 0x38, 0x08, 0x18, 0x4b, 0x0a, 0x32, 0x52, 0x88,
    0x48, 0x90, 0x14, 0x20, 0x43, 0x46, 0x88, 0xa5, 0x00, 0x19, 0x32, 0x42, 0xe4, 0x48, 0x0e, 0x90,
    0x91, 0x22, 0xc4, 0x50, 0x41, 0x51, 0x81, 0x8c, 0xe1, 0x83, 0xe5, 0x8a, 0x04, 0x29, 0x46, 0x06,
    0x51, 0x18, 0x00, 0x00, 0x08, 0x00, 0x00, 0x00, 0x1b, 0x8c, 0xe0, 0xff, 0xff, 0xff, 0xff, 0x07,
    0x40, 0x02, 0xa8, 0x0d, 0x84, 0xf0, 0xff, 0xff, 0xff, 0xff, 0x03, 0x20, 0x6d, 0x30, 0x86, 0xff,
    0xff, 0xff, 0xff, 0x1f, 0x00, 0x09, 0xa8, 0x00, 0x49, 0x18, 0x00, 0x00, 0x03, 0x00, 0x00, 0x00,
    0x13, 0x82, 0x60, 0x42, 0x20, 0x4c, 0x08, 0x06, 0x00, 0x00, 0x00, 0x00, 0x89, 0x20, 0x00, 0x00,
    0x25, 0x00, 0x00, 0x00, 0x32, 0x22, 0x48, 0x09, 0x20, 0x64, 0x85, 0x04, 0x93, 0x22, 0xa4, 0x84,
    0x04, 0x93, 0x22, 0xe3, 0x84, 0xa1, 0x90, 0x14, 0x12, 0x4c, 0x8a, 0x8c, 0x0b, 0x84, 0xa4, 0x4c,
    0x10, 0x68, 0x23, 0x00, 0x25, 0x00, 0x14, 0x66, 0x00, 0xe6, 0x08, 0xc0, 0x60, 0x8e, 0x00, 0x29,
    0xc6, 0x20, 0x84, 0x14, 0x42, 0xa6, 0x18, 0x80, 0x10, 0x52, 0x06, 0xa1, 0xa3, 0x86, 0xcb, 0x9f,
    0xb0, 0x87, 0x90, 0x7c, 0x6e, 0xa3, 0x8a, 0x95, 0x98, 0xfc, 0xe2, 0xb6, 0x11, 0x31, 0xc6, 0x18,
    0x54, 0xee, 0x19, 0x2e, 0x7f, 0xc2, 0x1e, 0x42, 0xf2, 0x43, 0xa0, 0x19, 0x16, 0x02, 0x05, 0xab,
    0x10, 0x8a, 0x30, 0x42, 0xad, 0x14, 0x83, 0x8c, 0x31, 0xe8, 0xcd, 0x11, 0x04, 0xc5, 0x60, 0xa4,
    0x10, 0x12, 0x49, 0x0e, 0x04, 0x0c, 0x23, 0x10, 0x43, 0x12, 0xd4, 0xeb, 0x0e, 0x47, 0x9a, 0x16,
    0x00, 0x73, 0xa8, 0xc9, 0x37, 0x09, 0xe9, 0x78, 0x89, 0x68, 0x22, 0x2e, 0xb7, 0x41, 0x0a, 0x27,
    0x62, 0x24, 0x14, 0x58, 0xba, 0xe9, 0x40, 0x00, 0x13, 0x14, 0x72, 0xc0, 0x87, 0x74, 0x60, 0x87,
    0x36, 0x68, 0x87, 0x79, 0x68, 0x03, 0x72, 0xc0, 0x87, 0x0d, 0xaf, 0x50, 0x0e, 0x6d, 0xd0, 0x0e,
    0x7a, 0x50, 0x0e, 0x6d, 0x00, 0x0f, 0x7a, 0x30, 0x07, 0x72, 0xa0, 0x07, 0x73, 0x20, 0x07, 0x6d,
    0x90, 0x0e, 0x71, 0xa0, 0x07, 0x73, 0x20, 0x07, 0x6d, 0x90, 0x0e, 0x78, 0xa0, 0x07, 0x73, 0x20,
    0x07, 0x6d, 0x90, 0x0e, 0x71, 0x60, 0x07, 0x7a, 0x30, 0x07, 0x72, 0xd0, 0x06, 0xe9, 0x30, 0x07,
    0x72, 0xa0, 0x07, 0x73, 0x20, 0x07, 0x6d, 0x90, 0x0e, 0x76, 0x40, 0x07, 0x7a, 0x60, 0x07, 0x74,
    0xd0, 0x06, 0xe6, 0x10, 0x07, 0x76, 0xa0, 0x07, 0x73, 0x20, 0x07, 0x6d, 0x60, 0x0e, 0x73, 0x20,
    0x07, 0x7a, 0x30, 0x07, 0x72, 0xd0, 0x06, 0xe6, 0x60, 0x07, 0x74, 0xa0, 0x07, 0x76, 0x40, 0x07,
    0x6d, 0xe0, 0x0e, 0x78, 0xa0, 0x07, 0x71, 0x60, 0x07, 0x7a, 0x30, 0x07, 0x72, 0xa0, 0x07, 0x76,
    0x40, 0x07, 0x43, 0x9e, 0x00, 0x00, 0x00, 0x00, 0x00, 0x00, 0x00, 0x00, 0x00, 0x00, 0x00, 0x86,
    0x3c, 0x06, 0x10, 0x00, 0x01, 0x00, 0x00, 0x00, 0x00, 0x00, 0x00, 0x00, 0x0c, 0x79, 0x10, 0x20,
    0x00, 0x04, 0x00, 0x00, 0x00, 0x00, 0x00, 0x00, 0x00, 0x18, 0xf2, 0x34, 0x40, 0x00, 0x0c, 0x00,
    0x00, 0x00, 0x00, 0x00, 0x00, 0x00, 0x30, 0xe4, 0x79, 0x80, 0x00, 0x08, 0x00, 0x00, 0x00, 0x00,
    0x00, 0x00, 0x00, 0x60, 0xc8, 0x23, 0x01, 0x01, 0x30, 0x00, 0x00, 0x00, 0x00, 0x00, 0x00, 0x00,
    0x40, 0x16, 0x08, 0x00, 0x11, 0x00, 0x00, 0x00, 0x32, 0x1e, 0x98, 0x14, 0x19, 0x11, 0x4c, 0x90,
    0x8c, 0x09, 0x26, 0x47, 0xc6, 0x04, 0x43, 0x22, 0x25, 0x30, 0x02, 0x50, 0x0e, 0xc5, 0x50, 0x80,
    0x01, 0x65, 0x50, 0x04, 0xe5, 0x41, 0xa5, 0x24, 0x46, 0x00, 0xca, 0xa0, 0x08, 0x0a, 0xa1, 0x04,
    0x08, 0xcf, 0x00, 0x50, 0x1e, 0xcb, 0x61, 0x98, 0x57, 0x78, 0x85, 0x57, 0x00, 0x20, 0x30, 0x00,
    0x00, 0x10, 0x01, 0x21, 0x10, 0x0c, 0x40, 0x50, 0x00, 0x00, 0x00, 0x00, 0x79, 0x18, 0x00, 0x00,
    0x64, 0x00, 0x00, 0x00, 0x1a, 0x03, 0x4c, 0x90, 0x46, 0x02, 0x13, 0x44, 0x8f, 0x0c, 0x6f, 0xec,
    0xed, 0x4d, 0x0c, 0x24, 0xc6, 0xe5, 0xc6, 0x45, 0x66, 0x06, 0x06, 0xc7, 0x25, 0xc6, 0x06, 0x04,
    0xa5, 0x46, 0x86, 0x2c, 0x2c, 0xe6, 0xa6, 0x4c, 0x26, 0x27, 0x65, 0x43, 0x10, 0x4c, 0x10, 0x08,
    0x63, 0x82, 0x40, 0x1c, 0x1b, 0x84, 0x81, 0x98, 0x20, 0x10, 0xc8, 0x06, 0x61, 0x30, 0x28, 0xd8,
    0xcd, 0x4d, 0x10, 0x88, 0x64, 0xc3, 0x80, 0x24, 0xc4, 0x04, 0x01, 0xa3, 0x08, 0x4c, 0x10, 0x08,
    0x65, 0x03, 0x42, 0x2c, 0xcc, 0x40, 0x0c, 0x0d, 0xb0, 0x21, 0x70, 0x36, 0x10, 0x00, 0xf0, 0x00,
    0x13, 0x84, 0xac, 0xda, 0x10, 0x44, 0x13, 0x04, 0x01, 0x20, 0xd1, 0x16, 0x96, 0xe6, 0x46, 0x84,
    0xaa, 0x08, 0x6b, 0xe8, 0xe9, 0x49, 0x8a, 0x68, 0x82, 0x50, 0x38, 0x13, 0x84, 0xe2, 0xd9, 0x10,
    0x10, 0x13, 0x84, 0x02, 0x9a, 0x20, 0x10, 0xcb, 0x06, 0x41, 0x33, 0x36, 0x2c, 0x44, 0x65, 0x5d,
    0xd8, 0x35, 0x64, 0xc4, 0xb5, 0x6d, 0x08, 0x86, 0x09, 0x42, 0x11, 0x6d, 0x10, 0x34, 0x6d, 0xc3,
    0x32, 0x54, 0xd6, 0xd5, 0x5d, 0x83, 0x37, 0x5c, 0xdf, 0x04, 0x81, 0x60, 0x36, 0x04, 0x61, 0x30,
    0x41, 0x28, 0xa4, 0x09, 0x02, 0xd1, 0x6c, 0x10, 0x34, 0x32, 0xd8, 0xb0, 0x84, 0x41, 0x65, 0x5d,
    0x62, 0x70, 0x0d, 0x63, 0x10, 0x06, 0x57, 0x19, 0x6c, 0x18, 0x38, 0x30, 0x30, 0x03, 0x2e, 0x53,
    0x56, 0x5f, 0x50, 0x6f, 0x73, 0x69, 0x74, 0x69, 0x6f, 0x6e, 0x1b, 0x16, 0x02, 0x0d, 0xac, 0x0c,
    0x1b, 0x83, 0x61, 0x0c, 0x88, 0xab, 0x0c, 0x36, 0x2c, 0x43, 0x65, 0x5d, 0x98, 0x37, 0x78, 0xc3,
    0xf5, 0x6d, 0x58, 0xc2, 0xa0, 0xb2, 0xae, 0xce, 0x1b, 0xc6, 0x20, 0x0c, 0xae, 0x32, 0x98, 0x20,
    0x14, 0xd3, 0x06, 0x41, 0x1b, 0x36, 0x2c, 0x5a, 0x65, 0x5d, 0x62, 0xe0, 0x0d, 0x6c, 0x30, 0x78,
    0x6d, 0xb0, 0x81, 0x48, 0x03, 0x35, 0x58, 0x03, 0x37, 0xd8, 0x30, 0x9c, 0xc1, 0x1b, 0x00, 0x1b,
    0x8a, 0x89, 0x82, 0x03, 0x08, 0xa8, 0xc2, 0xc6, 0x66, 0xd7, 0xe6, 0x92, 0x46, 0x56, 0xe6, 0x46,
    0x37, 0x25, 0x08, 0xaa, 0x90, 0xe1, 0xb9, 0xd8, 0x95, 0xc9, 0xcd, 0xa5, 0xbd, 0xb9, 0x4d, 0x09,
    0x88, 0x26, 0x64, 0x78, 0x2e, 0x76, 0x61, 0x6c, 0x76, 0x65, 0x72, 0x53, 0x02, 0xa3, 0x0e, 0x19,
    0x9e, 0xcb, 0x1c, 0x5a, 0x18, 0x59, 0x99, 0x5c, 0xd3, 0x1b, 0x59, 0x19, 0xdb, 0x94, 0x20, 0x29,
    0x43, 0x86, 0xe7, 0x22, 0x57, 0x36, 0xf7, 0x56, 0x27, 0x37, 0x56, 0x36, 0x37, 0x25, 0x78, 0xea,
    0x90, 0xe1, 0xb9, 0xd8, 0xa5, 0x95, 0xdd, 0x25, 0x91, 0x4d, 0xd1, 0x85, 0xd1, 0x95, 0x4d, 0x09,
    0xa2, 0x3a, 0x64, 0x78, 0x2e, 0x65, 0x6e, 0x74, 0x72, 0x79, 0x50, 0x6f, 0x69, 0x6e, 0x74, 0x73,
    0x53, 0x02, 0x38, 0x00, 0x79, 0x18, 0x00, 0x00, 0x4c, 0x00, 0x00, 0x00, 0x33, 0x08, 0x80, 0x1c,
    0xc4, 0xe1, 0x1c, 0x66, 0x14, 0x01, 0x3d, 0x88, 0x43, 0x38, 0x84, 0xc3, 0x8c, 0x42, 0x80, 0x07,
    0x79, 0x78, 0x07, 0x73, 0x98, 0x71, 0x0c, 0xe6, 0x00, 0x0f, 0xed, 0x10, 0x0e, 0xf4, 0x80, 0x0e,
    0x33, 0x0c, 0x42, 0x1e, 0xc2, 0xc1, 0x1d, 0xce, 0xa1, 0x1c, 0x66, 0x30, 0x05, 0x3d, 0x88, 0x43,
    0x38, 0x84, 0x83, 0x1b, 0xcc, 0x03, 0x3d, 0xc8, 0x43, 0x3d, 0x8c, 0x03, 0x3d, 0xcc, 0x78, 0x8c,
    0x74, 0x70, 0x07, 0x7b, 0x08, 0x07, 0x79, 0x48, 0x87, 0x70, 0x70, 0x07, 0x7a, 0x70, 0x03, 0x76,
    0x78, 0x87, 0x70, 0x20, 0x87, 0x19, 0xcc, 0x11, 0x0e, 0xec, 0x90, 0x0e, 0xe1, 0x30, 0x0f, 0x6e,
    0x30, 0x0f, 0xe3, 0xf0, 0x0e, 0xf0, 0x50, 0x0e, 0x33, 0x10, 0xc4, 0x1d, 0xde, 0x21, 0x1c, 0xd8,
    0x21, 0x1d, 0xc2, 0x61, 0x1e, 0x66, 0x30, 0x89, 0x3b, 0xbc, 0x83, 0x3b, 0xd0, 0x43, 0x39, 0xb4,
    0x03, 0x3c, 0xbc, 0x83, 0x3c, 0x84, 0x03, 0x3b, 0xcc, 0xf0, 0x14, 0x76, 0x60, 0x07, 0x7b, 0x68,
    0x07, 0x37, 0x68, 0x87, 0x72, 0x68, 0x07, 0x37, 0x80, 0x87, 0x70, 0x90, 0x87, 0x70, 0x60, 0x07,
    0x76, 0x28, 0x07, 0x76, 0xf8, 0x05, 0x76, 0x78, 0x87, 0x77, 0x80, 0x87, 0x5f, 0x08, 0x87, 0x71,
    0x18, 0x87, 0x72, 0x98, 0x87, 0x79, 0x98, 0x81, 0x2c, 0xee, 0xf0, 0x0e, 0xee, 0xe0, 0x0e, 0xf5,
    0xc0, 0x0e, 0xec, 0x30, 0x03, 0x62, 0xc8, 0xa1, 0x1c, 0xe4, 0xa1, 0x1c, 0xcc, 0xa1, 0x1c, 0xe4,
    0xa1, 0x1c, 0xdc, 0x61, 0x1c, 0xca, 0x21, 0x1c, 0xc4, 0x81, 0x1d, 0xca, 0x61, 0x06, 0xd6, 0x90,
    0x43, 0x39, 0xc8, 0x43, 0x39, 0x98, 0x43, 0x39, 0xc8, 0x43, 0x39, 0xb8, 0xc3, 0x38, 0x94, 0x43,
    0x38, 0x88, 0x03, 0x3b, 0x94, 0xc3, 0x2f, 0xbc, 0x83, 0x3c, 0xfc, 0x82, 0x3b, 0xd4, 0x03, 0x3b,
    0xb0, 0xc3, 0x8c, 0xc8, 0x21, 0x07, 0x7c, 0x70, 0x03, 0x72, 0x10, 0x87, 0x73, 0x70, 0x03, 0x7b,
    0x08, 0x07, 0x79, 0x60, 0x87, 0x70, 0xc8, 0x87, 0x77, 0xa8, 0x07, 0x7a, 0x98, 0x81, 0x3c, 0xe4,
    0x80, 0x0f, 0x6e, 0x40, 0x0f, 0xe5, 0xd0, 0x0e, 0xf0, 0x00, 0x00, 0x00, 0x71, 0x20, 0x00, 0x00,
    0x18, 0x00, 0x00, 0x00, 0x36, 0xb0, 0x0d, 0x97, 0xef, 0x3c, 0xbe, 0x10, 0x50, 0x45, 0x41, 0x44,
    0xa5, 0x03, 0x0c, 0x25, 0x61, 0x00, 0x02, 0xe6, 0x17, 0xb7, 0x6d, 0x05, 0xd2, 0x70, 0xf9, 0xce,
    0xe3, 0x0b, 0x11, 0x01, 0x4c, 0x44, 0x08, 0x34, 0xc3, 0x42, 0x58, 0xc0, 0x34, 0x5c, 0xbe, 0xf3,
    0xf8, 0x8b, 0x03, 0x0c, 0x62, 0xf3, 0x50, 0x93, 0x5f, 0xdc, 0xb6, 0x09, 0x54, 0xc3, 0xe5, 0x3b,
    0x8f, 0x2f, 0x4d, 0x4e, 0x44, 0xa0, 0xd4, 0xf4, 0x50, 0x93, 0x5f, 0xdc, 0xb6, 0x11, 0x48, 0xc3,
    0xe5, 0x3b, 0x8f, 0x3f, 0x11, 0xd1, 0x84, 0x00, 0x11, 0xe6, 0x17, 0xb7, 0x6d, 0x00, 0x04, 0x03,
    0x20, 0x0d, 0x00, 0x00, 0x61, 0x20, 0x00, 0x00, 0x8c, 0x00, 0x00, 0x00, 0x13, 0x04, 0x41, 0x2c,
    0x10, 0x00, 0x00, 0x00, 0x04, 0x00, 0x00, 0x00, 0x44, 0x4a, 0xa1, 0x10, 0x66, 0x00, 0x8a, 0xab,
    0xec, 0x4a, 0x8e, 0xe2, 0x08, 0x00, 0x00, 0x00, 0x23, 0x06, 0x09, 0x00, 0x82, 0x60, 0x20, 0x61,
    0x02, 0x63, 0x59, 0xc1, 0x88, 0x41, 0x02, 0x80, 0x20, 0x18, 0x18, 0xdd, 0x21, 0x5d, 0x8f, 0x31,
    0x62, 0x90, 0x00, 0x20, 0x08, 0x06, 0x86, 0x87, 0x4c, 0x18, 0x73, 0x8c, 0x18, 0x24, 0x00, 0x08,
    0x82, 0x81, 0xf1, 0x25, 0x54, 0xf6, 0x20, 0x23, 0x06, 0x09, 0x00, 0x82, 0x60, 0x60, 0x80, 0x81,
    0x52, 0x69, 0x51, 0x32, 0x62, 0x90, 0x00, 0x20, 0x08, 0x06, 0x46, 0x18, 0x2c, 0xdc, 0x36, 0x29,
    0x23, 0x06, 0x09, 0x00, 0x82, 0x60, 0x60, 0x88, 0x01, 0xd3, 0x71, 0xd0, 0x32, 0x62, 0x90, 0x00,
    0x20, 0x08, 0x06, 0xc6, 0x18, 0x34, 0x5d, 0x57, 0x31, 0x23, 0x06, 0x09, 0x00, 0x82, 0x60, 0x60,
    0x90, 0x81, 0xe3, 0x79, 0x52, 0x33, 0x62, 0x90, 0x00, 0x20, 0x08, 0x06, 0x46, 0x19, 0x3c, 0xdf,
    0x57, 0x39, 0x23, 0x06, 0x07, 0x00, 0x82, 0x60, 0xd0, 0x90, 0x41, 0xa3, 0x80, 0xc1, 0x68, 0x42,
    0x00, 0x8c, 0x26, 0x08, 0xc1, 0x68, 0xc2, 0x20, 0x8c, 0x26, 0x10, 0xc3, 0x88, 0xc1, 0x01, 0x80,
    0x20, 0x18, 0x34, 0x69, 0x20, 0x3d, 0x66, 0x30, 0x9a, 0x10, 0x00, 0xa3, 0x09, 0x42, 0x30, 0x9a,
    0x30, 0x08, 0xa3, 0x09, 0xc4, 0x30, 0x62, 0x70, 0x00, 0x20, 0x08, 0x06, 0x8d, 0x1b, 0x5c, 0x54,
    0x19, 0x8c, 0x26, 0x04, 0xc0, 0x68, 0x82, 0x10, 0x8c, 0x26, 0x0c, 0xc2, 0x68, 0x02, 0x31, 0x8c,
    0x18, 0x1c, 0x00, 0x08, 0x82, 0x41, 0x33, 0x07, 0x5c, 0xb6, 0x06, 0xa3, 0x09, 0x01, 0x30, 0x9a,
    0x20, 0x04, 0xa3, 0x09, 0x83, 0x30, 0x9a, 0x40, 0x0c, 0x36, 0x5d, 0xf2, 0x19, 0x31, 0x40, 0x00,
    0x10, 0x04, 0x83, 0x07, 0x0f, 0xc6, 0xe0, 0xb9, 0x82, 0x11, 0x03, 0x04, 0x00, 0x41, 0x30, 0x78,
    0xf2, 0x80, 0x0c, 0x96, 0x2b, 0xb0, 0xe0, 0x80, 0x8e, 0x59, 0x9b, 0x7c, 0x46, 0x0c, 0x10, 0x00,
    0x04, 0xc1, 0xe0, 0xe1, 0x83, 0x33, 0x90, 0xb6, 0x60, 0xc4, 0x00, 0x01, 0x40, 0x10, 0x0c, 0x9e,
    0x3e, 0x40, 0x03, 0x67, 0x0b, 0x2c, 0x50, 0xa0, 0x63, 0xd9, 0x27, 0x9f, 0x11, 0x03, 0x04, 0x00,
    0x41, 0x30, 0x78, 0x40, 0x61, 0x0d, 0xaa, 0x2f, 0x18, 0x31, 0x40, 0x00, 0x10, 0x04, 0x83, 0x27,
    0x14, 0xd8, 0x20, 0xfa, 0x02, 0x0b, 0x1a, 0xe8, 0x18, 0x37, 0x06, 0xf2, 0x19, 0x31, 0x40, 0x00,
    0x10, 0x04, 0x83, 0x87, 0x14, 0xde, 0x00, 0x1b, 0x83, 0x60, 0xc4, 0x00, 0x01, 0x40, 0x10, 0x0c,
    0x9e, 0x52, 0x80, 0x03, 0x6a, 0x0c, 0x02, 0x0b, 0x20, 0xe8, 0x8c, 0x18, 0x24, 0x00, 0x08, 0x82,
    0x01, 0x92, 0x0a, 0x75, 0x40, 0x0a, 0xa4, 0xc0, 0x07, 0xcd, 0x88, 0x41, 0x02, 0x80, 0x20, 0x18,
    0x20, 0xa9, 0x50, 0x07, 0xa4, 0x40, 0x0a, 0x78, 0x90, 0x8c, 0x18, 0x24, 0x00, 0x08, 0x82, 0x01,
    0x92, 0x0a, 0x75, 0x40, 0x0a, 0xa4, 0xa0, 0x07, 0xc5, 0x88, 0x41, 0x02, 0x80, 0x20, 0x18, 0x20,
    0xa9, 0x50, 0x07, 0xa4, 0x40, 0x0a, 0x7b, 0x10, 0x8c, 0x18, 0x24, 0x00, 0x08, 0x82, 0x01, 0x92,
    0x0a, 0x75, 0x50, 0x0a, 0xa4, 0xc0, 0x07, 0x69, 0x30, 0x62, 0x90, 0x00, 0x20, 0x08, 0x06, 0x48,
    0x2a, 0xd4, 0x41, 0x29, 0x90, 0x02, 0x1e, 0xa0, 0xc1, 0x88, 0x41, 0x02, 0x80, 0x20, 0x18, 0x20,
    0xa9, 0x50, 0x07, 0x7f, 0x40, 0x0a, 0x7c, 0xd0, 0x06, 0x23, 0x06, 0x09, 0x00, 0x82, 0x60, 0x80,
    0xa4, 0x42, 0x1d, 0xfc, 0x01, 0x29, 0xe0, 0x01, 0x1b, 0x8c, 0x18, 0x24, 0x00, 0x08, 0x82, 0x01,
    0x92, 0x0a, 0x75, 0xf0, 0x07, 0xa4, 0xa0, 0x07, 0x6b, 0x30, 0x62, 0x90, 0x00, 0x20, 0x08, 0x06,
    0x48, 0x2a, 0xd4, 0xc1, 0x1f, 0x90, 0xc2, 0x1e, 0xa8, 0xc1, 0x88, 0x41, 0x02, 0x80, 0x20, 0x18,
    0x20, 0xa9, 0x50, 0x07, 0xa0, 0x40, 0x0a, 0x7c, 0x10, 0x20, 0x00, 0x00, 0x00, 0x00, 0x00, 0x00
};
static const unsigned int game_car_vertex_dxil_size = 4432;

static const unsigned char game_car_pixel_dxil[] = {
    0x44, 0x58, 0x42, 0x43, 0xf0, 0xe2, 0xe1, 0xf5, 0xfd, 0xe2, 0x88, 0x6d, 0xf1, 0x2f, 0x9d, 0x40,
    0x34, 0x84, 0xe2, 0x84, 0x01, 0x00, 0x00, 0x00, 0xac, 0x15, 0x00, 0x00, 0x07, 0x00, 0x00, 0x00,
    0x3c, 0x00, 0x00, 0x00, 0x4c, 0x00, 0x00, 0x00, 0xf4, 0x00, 0x00, 0x00, 0x30, 0x01, 0x00, 0x00,
    0x70, 0x02, 0x00, 0x00, 0x28, 0x0b, 0x00, 0x00, 0x44, 0x0b, 0x00, 0x00, 0x53, 0x46, 0x49, 0x30,
    0x08, 0x00, 0x00, 0x00, 0x00, 0x00, 0x00, 0x00, 0x00, 0x00, 0x00, 0x00, 0x49, 0x53, 0x47, 0x31,
    0xa0, 0x00, 0x00, 0x00, 0x04, 0x00, 0x00, 0x00, 0x08, 0x00, 0x00, 0x00, 0x00, 0x00, 0x00, 0x00,
    0x88, 0x00, 0x00, 0x00, 0x00, 0x00, 0x00, 0x00, 0x01, 0x00, 0x00, 0x00, 0x03, 0x00, 0x00, 0x00,
    0x00, 0x00, 0x00, 0x00, 0x0f, 0x00, 0x00, 0x00, 0x00, 0x00, 0x00, 0x00, 0x00, 0x00, 0x00, 0x00,
    0x94, 0x00, 0x00, 0x00, 0x00, 0x00, 0x00, 0x00, 0x00, 0x00, 0x00, 0x00, 0x03, 0x00, 0x00, 0x00,
    0x01, 0x00, 0x00, 0x00, 0x03, 0x03, 0x00, 0x00, 0x00, 0x00, 0x00, 0x00, 0x00, 0x00, 0x00, 0x00,
    0x94, 0x00, 0x00, 0x00, 0x02, 0x00, 0x00, 0x00, 0x00, 0x00, 0x00, 0x00, 0x03, 0x00, 0x00, 0x00,
    0x01, 0x00, 0x00, 0x00, 0x04, 0x04, 0x00, 0x00, 0x00, 0x00, 0x00, 0x00, 0x00, 0x00, 0x00, 0x00,
    0x94, 0x00, 0x00, 0x00, 0x01, 0x00, 0x00, 0x00, 0x00, 0x00, 0x00, 0x00, 0x03, 0x00, 0x00, 0x00,
    0x02, 0x00, 0x00, 0x00, 0x0f, 0x0f, 0x00, 0x00, 0x00, 0x00, 0x00, 0x00, 0x53, 0x56, 0x5f, 0x50,
    0x6f, 0x73, 0x69, 0x74, 0x69, 0x6f, 0x6e, 0x00, 0x54, 0x45, 0x58, 0x43, 0x4f, 0x4f, 0x52, 0x44,
    0x00, 0x00, 0x00, 0x00, 0x4f, 0x53, 0x47, 0x31, 0x34, 0x00, 0x00, 0x00, 0x01, 0x00, 0x00, 0x00,
    0x08, 0x00, 0x00, 0x00, 0x00, 0x00, 0x00, 0x00, 0x28, 0x00, 0x00, 0x00, 0x00, 0x00, 0x00, 0x00,
    0x40, 0x00, 0x00, 0x00, 0x03, 0x00, 0x00, 0x00, 0x00, 0x00, 0x00, 0x00, 0x0f, 0x00, 0x00, 0x00,
    0x00, 0x00, 0x00, 0x00, 0x53, 0x56, 0x5f, 0x54, 0x61, 0x72, 0x67, 0x65, 0x74, 0x00, 0x00, 0x00,
    0x50, 0x53, 0x56, 0x30, 0x38, 0x01, 0x00, 0x00, 0x30, 0x00, 0x00, 0x00, 0x00, 0x00, 0x00, 0x00,
    0x00, 0x00, 0x00, 0x00, 0x00, 0x00, 0x00, 0x00, 0x00, 0x00, 0x00, 0x00, 0x00, 0x00, 0x00, 0x00,
    0xff, 0xff, 0xff, 0xff, 0x00, 0x00, 0x00, 0x00, 0x04, 0x01, 0x00, 0x03, 0x01, 0x00, 0x00, 0x00,
    0x00, 0x00, 0x00, 0x00, 0x00, 0x00, 0x00, 0x00, 0x00, 0x00, 0x00, 0x00, 0x03, 0x00, 0x00, 0x00,
    0x18, 0x00, 0x00, 0x00, 0x02, 0x00, 0x00, 0x00, 0x03, 0x00, 0x00, 0x00, 0x00, 0x00, 0x00, 0x00,
    0x00, 0x00, 0x00, 0x00, 0x0d, 0x00, 0x00, 0x00, 0x00, 0x00, 0x00, 0x00, 0x01, 0x00, 0x00, 0x00,
    0x02, 0x00, 0x00, 0x00, 0x00, 0x00, 0x00, 0x00, 0x00, 0x00, 0x00, 0x00, 0x0e, 0x00, 0x00, 0x00,
    0x00, 0x00, 0x00, 0x00, 0x03, 0x00, 0x00, 0x00, 0x02, 0x00, 0x00, 0x00, 0x00, 0x00, 0x00, 0x00,
    0x00, 0x00, 0x00, 0x00, 0x02, 0x00, 0x00, 0x00, 0x00, 0x00, 0x00, 0x00, 0x1c, 0x00, 0x00, 0x00,
    0x00, 0x54, 0x45, 0x58, 0x43, 0x4f, 0x4f, 0x52, 0x44, 0x00, 0x54, 0x45, 0x58, 0x43, 0x4f, 0x4f,
    0x52, 0x44, 0x00, 0x54, 0x45, 0x58, 0x43, 0x4f, 0x4f, 0x52, 0x44, 0x00, 0x03, 0x00, 0x00, 0x00,
    0x00, 0x00, 0x00, 0x00, 0x01, 0x00, 0x00, 0x00, 0x02, 0x00, 0x00, 0x00, 0x10, 0x00, 0x00, 0x00,
    0x00, 0x00, 0x00, 0x00, 0x00, 0x00, 0x00, 0x00, 0x01, 0x00, 0x44, 0x03, 0x03, 0x04, 0x00, 0x00,
    0x01, 0x00, 0x00, 0x00, 0x00, 0x00, 0x00, 0x00, 0x01, 0x01, 0x42, 0x00, 0x03, 0x02, 0x00, 0x00,
    0x0a, 0x00, 0x00, 0x00, 0x01, 0x00, 0x00, 0x00, 0x01, 0x02, 0x44, 0x00, 0x03, 0x02, 0x00, 0x00,
    0x13, 0x00, 0x00, 0x00, 0x02, 0x00, 0x00, 0x00, 0x01, 0x01, 0x61, 0x00, 0x03, 0x02, 0x00, 0x00,
    0x00, 0x00, 0x00, 0x00, 0x00, 0x00, 0x00, 0x00, 0x01, 0x00, 0x44, 0x10, 0x03, 0x00, 0x00, 0x00,
    0x00, 0x00, 0x00, 0x00, 0x00, 0x00, 0x00, 0x00, 0x00, 0x00, 0x00, 0x00, 0x00, 0x00, 0x00, 0x00,
    0x0f, 0x00, 0x00, 0x00, 0x0f, 0x00, 0x00, 0x00, 0x07, 0x00, 0x00, 0x00, 0x00, 0x00, 0x00, 0x00,
    0x07, 0x00, 0x00, 0x00, 0x07, 0x00, 0x00, 0x00, 0x07, 0x00, 0x00, 0x00, 0x08, 0x00, 0x00, 0x00,
    0x53, 0x54, 0x41, 0x54, 0xb0, 0x08, 0x00, 0x00, 0x60, 0x00, 0x00, 0x00, 0x2c, 0x02, 0x00, 0x00,
    0x44, 0x58, 0x49, 0x4c, 0x00, 0x01, 0x00, 0x00, 0x10, 0x00, 0x00, 0x00, 0x98, 0x08, 0x00, 0x00,
    0x42, 0x43, 0xc0, 0xde, 0x21, 0x0c, 0x00, 0x00, 0x23, 0x02, 0x00, 0x00, 0x0b, 0x82, 0x20, 0x00,
    0x02, 0x00, 0x00, 0x00, 0x13, 0x00, 0x00, 0x00, 0x07, 0x81, 0x23, 0x91, 0x41, 0xc8, 0x04, 0x49,
    0x06, 0x10, 0x32, 0x39, 0x92, 0x01, 0x84, 0x0c, 0x25, 0x05, 0x08, 0x19, 0x1e, 0x04, 0x8b, 0x62,
    0x80, 0x18, 0x45, 0x02, 0x42, 0x92, 0x0b, 0x42, 0xc4, 0x10, 0x32, 0x14, 0x38, 0x08, 0x18, 0x4b,
    0x0a, 0x32, 0x62, 0x88, 0x48, 0x90, 0x14, 0x20, 0x43, 0x46, 0x88, 0xa5, 0x00, 0x19, 0x32, 0x42,
    0xe4, 0x48, 0x0e, 0x90, 0x11, 0x23, 0xc4, 0x50, 0x41, 0x51, 0x81, 0x8c, 0xe1, 0x83, 0xe5, 0x8a,
    0x04, 0x31, 0x46, 0x06, 0x51, 0x18, 0x00, 0x00, 0x08, 0x00, 0x00, 0x00, 0x1b, 0x8c, 0xe0, 0xff,
    0xff, 0xff, 0xff, 0x07, 0x40, 0x02, 0xa8, 0x0d, 0x84, 0xf0, 0xff, 0xff, 0xff, 0xff, 0x03, 0x20,
    0x6d, 0x30, 0x86, 0xff, 0xff, 0xff, 0xff, 0x1f, 0x00, 0x09, 0xa8, 0x00, 0x49, 0x18, 0x00, 0x00,
    0x03, 0x00, 0x00, 0x00, 0x13, 0x82, 0x60, 0x42, 0x20, 0x4c, 0x08, 0x06, 0x00, 0x00, 0x00, 0x00,
    0x89, 0x20, 0x00, 0x00, 0x58, 0x00, 0x00, 0x00, 0x32, 0x22, 0x88, 0x09, 0x20, 0x64, 0x85, 0x04,
    0x13, 0x23, 0xa4, 0x84, 0x04, 0x13, 0x23, 0xe3, 0x84, 0xa1, 0x90, 0x14, 0x12, 0x4c, 0x8c, 0x8c,
    0x0b, 0x84, 0xc4, 0x4c, 0x10, 0xa0, 0xc1, 0x08, 0x40, 0x09, 0x00, 0x0a, 0x66, 0x00, 0xe6, 0x08,
    0xc0, 0x60, 0x8e, 0x00, 0x29, 0xc6, 0x40, 0x10, 0x44, 0x41, 0x90, 0x51, 0x0c, 0x80, 0x20, 0x88,
    0x62, 0x20, 0x64, 0x8e, 0x20, 0x28, 0x03, 0x40, 0x28, 0xb4, 0xdc, 0x34, 0x5c, 0xfe, 0x84, 0x3d,
    0x84, 0xe4, 0xaf, 0x84, 0xb4, 0x12, 0x93, 0x5f, 0xdc, 0x36, 0x2a, 0x86, 0x61, 0x18, 0x08, 0x2a,
    0xee, 0x19, 0x2e, 0x7f, 0xc2, 0x1e, 0x42, 0xf2, 0x43, 0xa0, 0x19, 0x16, 0x02, 0x05, 0x4e, 0x61,
    0x1a, 0xe2, 0x79, 0x86, 0x61, 0x18, 0x08, 0x82, 0x18, 0x08, 0x2a, 0xc4, 0x40, 0x0c, 0x03, 0x49,
    0x65, 0x18, 0x88, 0x81, 0xa8, 0x82, 0x0c, 0xc4, 0x30, 0x0c, 0xc3, 0x30, 0x90, 0x75, 0xd4, 0x70,
    0xf9, 0x13, 0xf6, 0x10, 0x92, 0xcf, 0x6d, 0x54, 0xb1, 0x12, 0x93, 0x5f, 0xdc, 0x36, 0x22, 0x86,
    0x61, 0x18, 0x0a, 0x81, 0x11, 0x0f, 0x41, 0x59, 0x31, 0x1e, 0xa2, 0x20, 0x08, 0x85, 0xb6, 0x81,
    0x80, 0x61, 0x04, 0x62, 0x98, 0xa9, 0x0d, 0xc6, 0x81, 0x1d, 0xc2, 0x61, 0x1e, 0xe6, 0xc1, 0x0d,
    0x68, 0xa1, 0x1c, 0xf0, 0x81, 0x1e, 0xea, 0x41, 0x1e, 0xca, 0x41, 0x0e, 0x48, 0x81, 0x0f, 0xec,
    0xa1, 0x1c, 0xc6, 0x81, 0x1e, 0xde, 0x41, 0x1e, 0xf8, 0xc0, 0x1c, 0xd8, 0xe1, 0x1d, 0xc2, 0x81,
    0x1e, 0xd8, 0x00, 0x0c, 0xe8, 0xc0, 0x0f, 0xc0, 0xc0, 0x0f, 0xf4, 0x40, 0x0f, 0xda, 0x21, 0x1d,
    0xe0, 0x61, 0x1e, 0x7e, 0x81, 0x1e, 0xf2, 0x01, 0x1e, 0xca, 0x01, 0x05, 0xc4, 0x4c, 0x62, 0x30,
    0x0e, 0xec, 0x10, 0x0e, 0xf3, 0x30, 0x0f, 0x6e, 0x40, 0x0b, 0xe5, 0x80, 0x0f, 0xf4, 0x50, 0x0f,
    0xf2, 0x50, 0x0e, 0x72, 0x40, 0x0a, 0x7c, 0x60, 0x0f, 0xe5, 0x30, 0x0e, 0xf4, 0xf0, 0x0e, 0xf2,
    0xc0, 0x07, 0xe6, 0xc0, 0x0e, 0xef, 0x10, 0x0e, 0xf4, 0xc0, 0x06, 0x60, 0x40, 0x07, 0x7e, 0x00,
    0x06, 0x7e, 0x80, 0x04, 0xef, 0x23, 0x70, 0x18, 0x41, 0x18, 0x4e, 0x62, 0x05, 0xa2, 0x21, 0x52,
    0xe4, 0x22, 0x16, 0xb7, 0x41, 0x0a, 0x27, 0x62, 0x24, 0x84, 0x0c, 0xc3, 0x30, 0x78, 0xc3, 0x20,
    0xd2, 0x78, 0x93, 0x34, 0x45, 0x94, 0x30, 0xf9, 0x2c, 0xc0, 0x3c, 0x0b, 0x11, 0xb1, 0x13, 0x30,
    0x11, 0x28, 0x20, 0xa8, 0x4c, 0x07, 0x02, 0x00, 0x13, 0x14, 0x72, 0xc0, 0x87, 0x74, 0x60, 0x87,
    0x36, 0x68, 0x87, 0x79, 0x68, 0x03, 0x72, 0xc0, 0x87, 0x0d, 0xaf, 0x50, 0x0e, 0x6d, 0xd0, 0x0e,
    0x7a, 0x50, 0x0e, 0x6d, 0x00, 0x0f, 0x7a, 0x30, 0x07, 0x72, 0xa0, 0x07, 0x73, 0x20, 0x07, 0x6d,
    0x90, 0x0e, 0x71, 0xa0, 0x07, 0x73, 0x20, 0x07, 0x6d, 0x90, 0x0e, 0x78, 0xa0, 0x07, 0x73, 0x20,
    0x07, 0x6d, 0x90, 0x0e, 0x71, 0x60, 0x07, 0x7a, 0x30, 0x07, 0x72, 0xd0, 0x06, 0xe9, 0x30, 0x07,
    0x72, 0xa0, 0x07, 0x73, 0x20, 0x07, 0x6d, 0x90, 0x0e, 0x76, 0x40, 0x07, 0x7a, 0x60, 0x07, 0x74,
    0xd0, 0x06, 0xe6, 0x10, 0x07, 0x76, 0xa0, 0x07, 0x73, 0x20, 0x07, 0x6d, 0x60, 0x0e, 0x73, 0x20,
    0x07, 0x7a, 0x30, 0x07, 0x72, 0xd0, 0x06, 0xe6, 0x60, 0x07, 0x74, 0xa0, 0x07, 0x76, 0x40, 0x07,
    0x6d, 0xe0, 0x0e, 0x78, 0xa0, 0x07, 0x71, 0x60, 0x07, 0x7a, 0x30, 0x07, 0x72, 0xa0, 0x07, 0x76,
    0x40, 0x07, 0x43, 0x9e, 0x00, 0x08, 0x00, 0x00, 0x00, 0x00, 0x00, 0x00, 0x00, 0x00, 0x00, 0x86,
    0x3c, 0x06, 0x10, 0x00, 0x01, 0x00, 0x00, 0x00, 0x00, 0x00, 0x00, 0x00, 0x0c, 0x79, 0x10, 0x20,
    0x00, 0x04, 0x00, 0x00, 0x00, 0x00, 0x00, 0x00, 0x00, 0x18, 0xf2, 0x2c, 0x40, 0x00, 0x08, 0x00,
    0x00, 0x00, 0x00, 0x00, 0x00, 0x00, 0x30, 0xe4, 0x81, 0x80, 0x00, 0x18, 0x00, 0x00, 0x00, 0x00,
    0x00, 0x00, 0x00, 0x60, 0xc8, 0x23, 0x01, 0x01, 0x10, 0x00, 0x00, 0x00, 0x00, 0x00, 0x00, 0x00,
    0xc0, 0x90, 0x87, 0x02, 0x02, 0x20, 0x00, 0x00, 0x00, 0x00, 0x00, 0x00, 0x00, 0x80, 0x21, 0x8f,
    0x05, 0x04, 0x40, 0x00, 0x00, 0x00, 0x00, 0x00, 0x00, 0x00, 0x00, 0x43, 0x9e, 0x0c, 0x08, 0x80,
    0x01, 0x00, 0x00, 0x00, 0x00, 0x00, 0x00, 0x00, 0x86, 0x3c, 0x1b, 0x10, 0x00, 0x03, 0x00, 0x00,
    0x00, 0x00, 0x00, 0x00, 0x00, 0x64, 0x81, 0x00, 0x16, 0x00, 0x00, 0x00, 0x32, 0x1e, 0x98, 0x18,
    0x19, 0x11, 0x4c, 0x90, 0x8c, 0x09, 0x26, 0x47, 0xc6, 0x04, 0x43, 0x22, 0x4a, 0x60, 0x04, 0xa0,
    0x18, 0x8a, 0xa0, 0x24, 0xca, 0xa0, 0xc0, 0xca, 0xa1, 0x10, 0x0a, 0xa2, 0x30, 0x0a, 0xa4, 0x80,
    0x0a, 0xa9, 0xa0, 0xca, 0xa3, 0xf8, 0x4a, 0x38, 0x80, 0x8a, 0x92, 0x28, 0x83, 0x42, 0x18, 0x01,
    0x28, 0x82, 0x12, 0x28, 0x10, 0x52, 0x6a, 0x80, 0xc2, 0x19, 0x00, 0x1a, 0x67, 0x00, 0x88, 0x9c,
    0x01, 0x20, 0x73, 0x06, 0x80, 0xce, 0xb1, 0x1c, 0x86, 0x00, 0x00, 0x00, 0x78, 0x9e, 0x03, 0x38,
    0x8e, 0x03, 0x01, 0x00, 0x79, 0x18, 0x00, 0x00, 0xcc, 0x00, 0x00, 0x00, 0x1a, 0x03, 0x4c, 0x90,
    0x46, 0x02, 0x13, 0x44, 0x8f, 0x0c, 0x6f, 0xec, 0xed, 0x4d, 0x0c, 0x24, 0xc6, 0xe5, 0xc6, 0x45,
    0x66, 0x06, 0x06, 0xc7, 0x25, 0xc6, 0x06, 0x04, 0xa5, 0x46, 0x86, 0x2c, 0x2c, 0xe6, 0xa6, 0x4c,
    0x26, 0x27, 0x65, 0x43, 0x10, 0x4c, 0x10, 0x08, 0x65, 0x82, 0x40, 0x2c, 0x1b, 0x84, 0x81, 0xd8,
    0x20, 0x10, 0x04, 0x05, 0xb8, 0xb9, 0x09, 0x02, 0xc1, 0x6c, 0x18, 0x0e, 0x84, 0x98, 0x20, 0x84,
    0x01, 0x19, 0x70, 0x69, 0x2b, 0x9b, 0x43, 0xa3, 0x2a, 0xc3, 0xa3, 0xab, 0x93, 0x2b, 0x9b, 0x20,
    0x10, 0xcd, 0x04, 0x81, 0x70, 0x36, 0x08, 0x44, 0xb3, 0x21, 0x21, 0x94, 0x85, 0x21, 0x06, 0x86,
    0x70, 0x36, 0x04, 0xcf, 0x04, 0x81, 0x0c, 0xcc, 0x80, 0xd2, 0xd4, 0x58, 0x99, 0x5b, 0x19, 0x54,
    0x1a, 0x5e, 0x19, 0x5b, 0x95, 0x5b, 0x9a, 0xd9, 0x9b, 0x5c, 0xdb, 0xdc, 0x04, 0x81, 0x78, 0x26,
    0x08, 0x04, 0xb4, 0x01, 0x21, 0x22, 0x69, 0x22, 0x06, 0x0a, 0xd8, 0x10, 0x54, 0x13, 0x04, 0x33,
    0x38, 0x03, 0x2e, 0x6d, 0x65, 0x73, 0x68, 0x53, 0x61, 0x6d, 0x70, 0x6c, 0x65, 0x72, 0x1b, 0x10,
    0xe2, 0xc2, 0x18, 0x62, 0x20, 0x80, 0x0d, 0x41, 0xb6, 0x81, 0x80, 0x00, 0x4b, 0x9b, 0x20, 0x8c,
    0x41, 0x19, 0x50, 0x31, 0x7b, 0x3b, 0x23, 0x2a, 0x73, 0x9b, 0x4b, 0xa3, 0xcb, 0x9b, 0x20, 0x10,
    0xd1, 0x04, 0x41, 0x19, 0x83, 0x0d, 0x08, 0xd2, 0x4d, 0x84, 0xd7, 0x34, 0x1f, 0x8b, 0xb3, 0xb0,
    0xb6, 0xb6, 0xb0, 0x09, 0x02, 0x21, 0x6d, 0x40, 0x90, 0x30, 0x98, 0xc4, 0xc0, 0x6b, 0x9a, 0x8f,
    0x88, 0xd9, 0xdb, 0xd9, 0x14, 0x5d, 0x98, 0x1c, 0xdd, 0x04, 0x81, 0x98, 0x36, 0x20, 0x08, 0x19,
    0x4c, 0x65, 0xe0, 0x35, 0xcd, 0x47, 0x65, 0x2e, 0x8c, 0xae, 0x4e, 0x2e, 0x8c, 0x2e, 0xed, 0xcd,
    0x6d, 0x82, 0x40, 0x50, 0x1b, 0x10, 0xe4, 0x0c, 0x26, 0x34, 0xf0, 0x9a, 0xe6, 0x23, 0x62, 0xf6,
    0x76, 0x36, 0xf4, 0xc6, 0xf6, 0x26, 0x37, 0x41, 0x20, 0xaa, 0x0d, 0x08, 0xa2, 0x06, 0xd3, 0x1a,
    0x78, 0x4d, 0xf3, 0x11, 0x19, 0x7b, 0x73, 0xa3, 0x93, 0x0b, 0x9b, 0xa3, 0x9b, 0x20, 0x10, 0xd6,
    0x06, 0x04, 0x69, 0x83, 0xc9, 0x0d, 0xbc, 0xa6, 0xf9, 0xa8, 0x88, 0xc9, 0xa5, 0x9d, 0xa1, 0xd1,
    0xb9, 0x95, 0xcd, 0xcd, 0x4d, 0x10, 0x88, 0x6b, 0x03, 0x82, 0xc0, 0xc1, 0x14, 0x07, 0x5e, 0xd3,
    0x7c, 0x24, 0xbe, 0xe0, 0xc2, 0xc8, 0x26, 0x08, 0x04, 0xb6, 0xc1, 0x40, 0xe6, 0x60, 0xa2, 0x03,
    0xaf, 0xd9, 0x90, 0x50, 0x60, 0x30, 0x06, 0x66, 0x90, 0x06, 0x6c, 0xf0, 0x06, 0x72, 0x50, 0x07,
    0x1b, 0x06, 0x82, 0xb3, 0x83, 0x09, 0x82, 0x00, 0x6c, 0x00, 0x36, 0x0c, 0x44, 0x1e, 0xe4, 0xc1,
    0x86, 0x40, 0x0f, 0x36, 0x0c, 0x03, 0x1e, 0xec, 0xc1, 0x04, 0xe1, 0x0c, 0xd0, 0x60, 0x43, 0xd0,
    0x07, 0x24, 0xda, 0xc2, 0xd2, 0xdc, 0xb8, 0x4c, 0x59, 0x7d, 0x41, 0xbd, 0xcd, 0xa5, 0xd1, 0xa5,
    0xbd, 0xb9, 0x4d, 0x10, 0x0a, 0x6e, 0x82, 0x50, 0x74, 0x1b, 0x02, 0x62, 0x82, 0x50, 0x78, 0x13,
    0x84, 0xe2, 0xdb, 0xb0, 0x10, 0xa0, 0x10, 0x0a, 0xa2, 0x30, 0x0a, 0xa4, 0x30, 0x90, 0x02, 0x51,
    0x0a, 0x00, 0x11, 0xaa, 0x22, 0xac, 0xa1, 0xa7, 0x27, 0x29, 0xa2, 0x09, 0x42, 0x01, 0x06, 0x1b,
    0x84, 0x69, 0xda, 0xb0, 0x0c, 0xa7, 0x10, 0x0a, 0xa5, 0x30, 0x0a, 0xa8, 0x30, 0xa0, 0xc2, 0x50,
    0x0a, 0xa9, 0xb0, 0x21, 0x18, 0x26, 0x08, 0x44, 0xb6, 0x41, 0x98, 0x58, 0x61, 0xc3, 0xc2, 0x9c,
    0x42, 0x28, 0x94, 0xc2, 0x2a, 0xa0, 0xc2, 0x40, 0x0a, 0x4c, 0x29, 0xb4, 0xc2, 0x86, 0x80, 0x99,
    0x20, 0x14, 0x61, 0xb0, 0x41, 0x98, 0x86, 0x0d, 0xcb, 0x74, 0x0a, 0xa1, 0x50, 0x0a, 0xaf, 0x80,
    0x0a, 0x03, 0x2c, 0x0c, 0xa8, 0x10, 0x0b, 0x1b, 0x08, 0x53, 0x50, 0x05, 0x57, 0x90, 0x05, 0x26,
    0x53, 0x56, 0x5f, 0x54, 0x61, 0x72, 0x67, 0x65, 0x74, 0x13, 0x84, 0x42, 0x0c, 0x36, 0x2c, 0x04,
    0x2d, 0x84, 0x42, 0x2d, 0x8c, 0x42, 0x29, 0x0c, 0xa4, 0x40, 0x94, 0x42, 0x2b, 0x6c, 0x08, 0x6c,
    0x61, 0xc3, 0x30, 0x0b, 0xb7, 0x00, 0x6c, 0x28, 0xf0, 0xe0, 0x0f, 0x70, 0x61, 0x03, 0x88, 0x88,
    0xc9, 0x85, 0xb9, 0x8d, 0xa1, 0x95, 0xcd, 0xd1, 0x30, 0x63, 0x7b, 0x0b, 0xa3, 0x9b, 0x9b, 0x20,
    0x10, 0x1a, 0x8b, 0x34, 0xb7, 0x39, 0xba, 0xb9, 0x09, 0x02, 0xb1, 0xd1, 0x98, 0x4b, 0x3b, 0xfb,
    0x62, 0x23, 0xa3, 0x31, 0x97, 0x76, 0xf6, 0x35, 0x47, 0x47, 0x84, 0xae, 0x0c, 0xef, 0xcb, 0xed,
    0x4d, 0xae, 0x6d, 0x03, 0xa3, 0x0b, 0xc3, 0x2e, 0xf0, 0x42, 0x2f, 0xf8, 0xc2, 0x2f, 0x78, 0xe0,
    0x20, 0x06, 0xe1, 0x30, 0x54, 0x61, 0x63, 0xb3, 0x6b, 0x73, 0x49, 0x23, 0x2b, 0x73, 0xa3, 0x9b,
    0x12, 0x04, 0x55, 0xc8, 0xf0, 0x5c, 0xec, 0xca, 0xe4, 0xe6, 0xd2, 0xde, 0xdc, 0xa6, 0x04, 0x44,
    0x13, 0x32, 0x3c, 0x17, 0xbb, 0x30, 0x36, 0xbb, 0x32, 0xb9, 0x29, 0x41, 0x51, 0x87, 0x0c, 0xcf,
    0x65, 0x0e, 0x2d, 0x8c, 0xac, 0x4c, 0xae, 0xe9, 0x8d, 0xac, 0x8c, 0x6d, 0x4a, 0x80, 0x94, 0x21,
    0xc3, 0x73, 0x91, 0x2b, 0x9b, 0x7b, 0xab, 0x93, 0x1b, 0x2b, 0x9b, 0x9b, 0x12, 0x68, 0x95, 0xc8,
    0xf0, 0x5c, 0xe8, 0xf2, 0xe0, 0xca, 0x82, 0xdc, 0xdc, 0xde, 0xe8, 0xc2, 0xe8, 0xd2, 0xde, 0xdc,
    0xe6, 0xa6, 0x08, 0x76, 0xb0, 0x07, 0x75, 0xc8, 0xf0, 0x5c, 0xec, 0xd2, 0xca, 0xee, 0x92, 0xc8,
    0xa6, 0xe8, 0xc2, 0xe8, 0xca, 0xa6, 0x04, 0x7d, 0x50, 0x87, 0x0c, 0xcf, 0xa5, 0xcc, 0x8d, 0x4e,
    0x2e, 0x0f, 0xea, 0x2d, 0xcd, 0x8d, 0x6e, 0x6e, 0x4a, 0x80, 0x0b, 0x5d, 0xc8, 0xf0, 0x5c, 0xc6,
    0xde, 0xea, 0xdc, 0xe8, 0xca, 0xe4, 0xe6, 0xa6, 0x04, 0xe1, 0x00, 0x00, 0x79, 0x18, 0x00, 0x00,
    0x51, 0x00, 0x00, 0x00, 0x33, 0x08, 0x80, 0x1c, 0xc4, 0xe1, 0x1c, 0x66, 0x14, 0x01, 0x3d, 0x88,
    0x43, 0x38, 0x84, 0xc3, 0x8c, 0x42, 0x80, 0x07, 0x79, 0x78, 0x07, 0x73, 0x98, 0x71, 0x0c, 0xe6,
    0x00, 0x0f, 0xed, 0x10, 0x0e, 0xf4, 0x80, 0x0e, 0x33, 0x0c, 0x42, 0x1e, 0xc2, 0xc1, 0x1d, 0xce,
    0xa1, 0x1c, 0x66, 0x30, 0x05, 0x3d, 0x88, 0x43, 0x38, 0x84, 0x83, 0x1b, 0xcc, 0x03, 0x3d, 0xc8,
    0x43, 0x3d, 0x8c, 0x03, 0x3d, 0xcc, 0x78, 0x8c, 0x74, 0x70, 0x07, 0x7b, 0x08, 0x07, 0x79, 0x48,
    0x87, 0x70, 0x70, 0x07, 0x7a, 0x70, 0x03, 0x76, 0x78, 0x87, 0x70, 0x20, 0x87, 0x19, 0xcc, 0x11,
    0x0e, 0xec, 0x90, 0x0e, 0xe1, 0x30, 0x0f, 0x6e, 0x30, 0x0f, 0xe3, 0xf0, 0x0e, 0xf0, 0x50, 0x0e,
    0x33, 0x10, 0xc4, 0x1d, 0xde, 0x21, 0x1c, 0xd8, 0x21, 0x1d, 0xc2, 0x61, 0x1e, 0x66, 0x30, 0x89,
    0x3b, 0xbc, 0x83, 0x3b, 0xd0, 0x43, 0x39, 0xb4, 0x03, 0x3c, 0xbc, 0x83, 0x3c, 0x84, 0x03, 0x3b,
    0xcc, 0xf0, 0x14, 0x76, 0x60, 0x07, 0x7b, 0x68, 0x07, 0x37, 0x68, 0x87, 0x72, 0x68, 0x07, 0x37,
    0x80, 0x87, 0x70, 0x90, 0x87, 0x70, 0x60, 0x07, 0x76, 0x28, 0x07, 0x76, 0xf8, 0x05, 0x76, 0x78,
    0x87, 0x77, 0x80, 0x87, 0x5f, 0x08, 0x87, 0x71, 0x18, 0x87, 0x72, 0x98, 0x87, 0x79, 0x98, 0x81,
    0x2c, 0xee, 0xf0, 0x0e, 0xee, 0xe0, 0x0e, 0xf5, 0xc0, 0x0e, 0xec, 0x30, 0x03, 0x62, 0xc8, 0xa1,
    0x1c, 0xe4, 0xa1, 0x1c, 0xcc, 0xa1, 0x1c, 0xe4, 0xa1, 0x1c, 0xdc, 0x61, 0x1c, 0xca, 0x21, 0x1c,
    0xc4, 0x81, 0x1d, 0xca, 0x61, 0x06, 0xd6, 0x90, 0x43, 0x39, 0xc8, 0x43, 0x39, 0x98, 0x43, 0x39,
    0xc8, 0x43, 0x39, 0xb8, 0xc3, 0x38, 0x94, 0x43, 0x38, 0x88, 0x03, 0x3b, 0x94, 0xc3, 0x2f, 0xbc,
    0x83, 0x3c, 0xfc, 0x82, 0x3b, 0xd4, 0x03, 0x3b, 0xb0, 0xc3, 0x0c, 0xc4, 0x21, 0x07, 0x7c, 0x70,
    0x03, 0x7a, 0x28, 0x87, 0x76, 0x80, 0x87, 0x19, 0xd1, 0x43, 0x0e, 0xf8, 0xe0, 0x06, 0xe4, 0x20,
    0x0e, 0xe7, 0xe0, 0x06, 0xf6, 0x10, 0x0e, 0xf2, 0xc0, 0x0e, 0xe1, 0x90, 0x0f, 0xef, 0x50, 0x0f,
    0xf4, 0x30, 0x83, 0x81, 0xc8, 0x01, 0x1f, 0xdc, 0x40, 0x1c, 0xe4, 0xa1, 0x1c, 0xc2, 0x61, 0x1d,
    0xdc, 0x40, 0x1c, 0xe4, 0x01, 0x00, 0x00, 0x00, 0x71, 0x20, 0x00, 0x00, 0x25, 0x00, 0x00, 0x00,
    0x56, 0x00, 0x0d, 0x97, 0xef, 0x3c, 0x7e, 0x80, 0x34, 0x40, 0x84, 0xf9, 0xc5, 0x6d, 0x1b, 0xc2,
    0x36, 0x5c, 0xbe, 0xf3, 0xf8, 0x42, 0x40, 0x15, 0x05, 0x11, 0x95, 0x0e, 0x30, 0x94, 0x84, 0x01,
    0x08, 0x98, 0x5f, 0xdc, 0xb6, 0x25, 0x48, 0xc3, 0xe5, 0x3b, 0x8f, 0x2f, 0x44, 0x04, 0x30, 0x11,
    0x21, 0xd0, 0x0c, 0x0b, 0x61, 0x03, 0xcd, 0x70, 0xf9, 0xce, 0xe3, 0x0f, 0x88, 0x24, 0x00, 0xd1,
    0x60, 0x07, 0xce, 0x70, 0xf9, 0xce, 0xe3, 0x0f, 0xce, 0x74, 0xfb, 0xc5, 0x6d, 0x5b, 0xc0, 0x34,
    0x5c, 0xbe, 0xf3, 0xf8, 0x8b, 0x03, 0x0c, 0x62, 0xf3, 0x50, 0x93, 0x5f, 0xdc, 0xb6, 0x11, 0x40,
    0xc3, 0xe5, 0x3b, 0x8f, 0x2f, 0x01, 0xcc, 0xb3, 0x10, 0x7e, 0x71, 0xdb, 0x26, 0x50, 0x0d, 0x97,
    0xef, 0x3c, 0xbe, 0x34, 0x39, 0x11, 0x81, 0x52, 0xd3, 0x43, 0x4d, 0x7e, 0x71, 0xdb, 0x66, 0xf0,
    0x0c, 0x97, 0xef, 0x3c, 0x3e, 0xd5, 0x00, 0x11, 0xe6, 0x17, 0xb7, 0x6d, 0x00, 0x04, 0x03, 0x20,
    0x0d, 0x00, 0x00, 0x00, 0x00, 0x00, 0x00, 0x00, 0x48, 0x41, 0x53, 0x48, 0x14, 0x00, 0x00, 0x00,
    0x00, 0x00, 0x00, 0x00, 0xe5, 0x88, 0xf4, 0xeb, 0x0e, 0xdb, 0x55, 0x0b, 0xc7, 0x13, 0xd9, 0xac,
    0x40, 0xf8, 0xb8, 0x15, 0x44, 0x58, 0x49, 0x4c, 0x60, 0x0a, 0x00, 0x00, 0x60, 0x00, 0x00, 0x00,
    0x98, 0x02, 0x00, 0x00, 0x44, 0x58, 0x49, 0x4c, 0x00, 0x01, 0x00, 0x00, 0x10, 0x00, 0x00, 0x00,
    0x48, 0x0a, 0x00, 0x00, 0x42, 0x43, 0xc0, 0xde, 0x21, 0x0c, 0x00, 0x00, 0x8f, 0x02, 0x00, 0x00,
    0x0b, 0x82, 0x20, 0x00, 0x02, 0x00, 0x00, 0x00, 0x13, 0x00, 0x00, 0x00, 0x07, 0x81, 0x23, 0x91,
    0x41, 0xc8, 0x04, 0x49, 0x06, 0x10, 0x32, 0x39, 0x92, 0x01, 0x84, 0x0c, 0x25, 0x05, 0x08, 0x19,
    0x1e, 0x04, 0x8b, 0x62, 0x80, 0x18, 0x45, 0x02, 0x42, 0x92, 0x0b, 0x42, 0xc4, 0x10, 0x32, 0x14,
    0x38, 0x08, 0x18, 0x4b, 0x0a, 0x32, 0x62, 0x88, 0x48, 0x90, 0x14, 0x20, 0x43, 0x46, 0x88, 0xa5,
    0x00, 0x19, 0x32, 0x42, 0xe4, 0x48, 0x0e, 0x90, 0x11, 0x23, 0xc4, 0x50, 0x41, 0x51, 0x81, 0x8c,
    0xe1, 0x83, 0xe5, 0x8a, 0x04, 0x31, 0x46, 0x06, 0x51, 0x18, 0x00, 0x00, 0x08, 0x00, 0x00, 0x00,
    0x1b, 0x8c, 0xe0, 0xff, 0xff, 0xff, 0xff, 0x07, 0x40, 0x02, 0xa8, 0x0d, 0x84, 0xf0, 0xff, 0xff,
    0xff, 0xff, 0x03, 0x20, 0x6d, 0x30, 0x86, 0xff, 0xff, 0xff, 0xff, 0x1f, 0x00, 0x09, 0xa8, 0x00,
    0x49, 0x18, 0x00, 0x00, 0x03, 0x00, 0x00, 0x00, 0x13, 0x82, 0x60, 0x42, 0x20, 0x4c, 0x08, 0x06,
    0x00, 0x00, 0x00, 0x00, 0x89, 0x20, 0x00, 0x00, 0x59, 0x00, 0x00, 0x00, 0x32, 0x22, 0x88, 0x09,
    0x20, 0x64, 0x85, 0x04, 0x13, 0x23, 0xa4, 0x84, 0x04, 0x13, 0x23, 0xe3, 0x84, 0xa1, 0x90, 0x14,
    0x12, 0x4c, 0x8c, 0x8c, 0x0b, 0x84, 0xc4, 0x4c, 0x10, 0xa4, 0xc1, 0x08, 0x40, 0x09, 0x00, 0x0a,
    0x66, 0x00, 0xe6, 0x08, 0xc0, 0x60, 0x8e, 0x00, 0x29, 0xc6, 0x40, 0x10, 0x44, 0x41, 0x90, 0x51,
    0x0c, 0x80, 0x20, 0x88, 0x62, 0x20, 0x64, 0x8e, 0x20, 0x28, 0x03, 0x40, 0x28, 0xb4, 0xdc, 0x34,
    0x5c, 0xfe, 0x84, 0x3d, 0x84, 0xe4, 0xaf, 0x84, 0xb4, 0x12, 0x93, 0x5f, 0xdc, 0x36, 0x2a, 0x86,
    0x61, 0x18, 0x08, 0x2a, 0xee, 0x19, 0x2e, 0x7f, 0xc2, 0x1e, 0x42, 0xf2, 0x43, 0xa0, 0x19, 0x16,
    0x02, 0x05, 0x4e, 0x61, 0x1a, 0xe2, 0x79, 0x86, 0x61, 0x18, 0x08, 0x82, 0x18, 0x08, 0x2a, 0xc4,
    0x40, 0x0c, 0x03, 0x49, 0x65, 0x18, 0x88, 0x81, 0xa8, 0x82, 0x0c, 0xc4, 0x30, 0x0c, 0xc3, 0x30,
    0x90, 0x75, 0xd4, 0x70, 0xf9, 0x13, 0xf6, 0x10, 0x92, 0xcf, 0x6d, 0x54, 0xb1, 0x12, 0x93, 0x5f,
    0xdc, 0x36, 0x22, 0x86, 0x61, 0x18, 0x0a, 0x81, 0x11, 0x0f, 0x41, 0x59, 0x31, 0x1e, 0xa2, 0x20,
    0x08, 0x85, 0xb6, 0x81, 0x80, 0x61, 0x04, 0x62, 0x98, 0xa9, 0x0d, 0xc6, 0x81, 0x1d, 0xc2, 0x61,
    0x1e, 0xe6, 0xc1, 0x0d, 0x68, 0xa1, 0x1c, 0xf0, 0x81, 0x1e, 0xea, 0x41, 0x1e, 0xca, 0x41, 0x0e,
    0x48, 0x81, 0x0f, 0xec, 0xa1, 0x1c, 0xc6, 0x81, 0x1e, 0xde, 0x41, 0x1e, 0xf8, 0xc0, 0x1c, 0xd8,
    0xe1, 0x1d, 0xc2, 0x81, 0x1e, 0xd8, 0x00, 0x0c, 0xe8, 0xc0, 0x0f, 0xc0, 0xc0, 0x0f, 0xf4, 0x40,
    0x0f, 0xda, 0x21, 0x1d, 0xe0, 0x61, 0x1e, 0x7e, 0x81, 0x1e, 0xf2, 0x01, 0x1e, 0xca, 0x01, 0x05,
    0xc4, 0x4c, 0x62, 0x30, 0x0e, 0xec, 0x10, 0x0e, 0xf3, 0x30, 0x0f, 0x6e, 0x40, 0x0b, 0xe5, 0x80,
    0x0f, 0xf4, 0x50, 0x0f, 0xf2, 0x50, 0x0e, 0x72, 0x40, 0x0a, 0x7c, 0x60, 0x0f, 0xe5, 0x30, 0x0e,
    0xf4, 0xf0, 0x0e, 0xf2, 0xc0, 0x07, 0xe6, 0xc0, 0x0e, 0xef, 0x10, 0x0e, 0xf4, 0xc0, 0x06, 0x60,
    0x40, 0x07, 0x7e, 0x00, 0x06, 0x7e, 0x80, 0x04, 0xef, 0x23, 0x70, 0x18, 0x41, 0x18, 0x4e, 0x62,
    0x05, 0xa2, 0x21, 0x52, 0xe4, 0x22, 0x16, 0xb7, 0x41, 0x0a, 0x27, 0x62, 0x24, 0x84, 0x0c, 0xc3,
    0x30, 0x78, 0xc3, 0x20, 0xd2, 0x78, 0x93, 0x34, 0x45, 0x94, 0x30, 0xf9, 0x2c, 0xc0, 0x3c, 0x0b,
    0x11, 0xb1, 0x13, 0x30, 0x11, 0x28, 0x20, 0xa8, 0x4c, 0x07, 0x62, 0x0a, 0x00, 0x00, 0x00, 0x00,
    0x13, 0x14, 0x72, 0xc0, 0x87, 0x74, 0x60, 0x87, 0x36, 0x68, 0x87, 0x79, 0x68, 0x03, 0x72, 0xc0,
    0x87, 0x0d, 0xaf, 0x50, 0x0e, 0x6d, 0xd0, 0x0e, 0x7a, 0x50, 0x0e, 0x6d, 0x00, 0x0f, 0x7a, 0x30,
    0x07, 0x72, 0xa0, 0x07, 0x73, 0x20, 0x07, 0x6d, 0x90, 0x0e, 0x71, 0xa0, 0x07, 0x73, 0x20, 0x07,
    0x6d, 0x90, 0x0e, 0x78, 0xa0, 0x07, 0x73, 0x20, 0x07, 0x6d, 0x90, 0x0e, 0x71, 0x60, 0x07, 0x7a,
    0x30, 0x07, 0x72, 0xd0, 0x06, 0xe9, 0x30, 0x07, 0x72, 0xa0, 0x07, 0x73, 0x20, 0x07, 0x6d, 0x90,
    0x0e, 0x76, 0x40, 0x07, 0x7a, 0x60, 0x07, 0x74, 0xd0, 0x06, 0xe6, 0x10, 0x07, 0x76, 0xa0, 0x07,
    0x73, 0x20, 0x07, 0x6d, 0x60, 0x0e, 0x73, 0x20, 0x07, 0x7a, 0x30, 0x07, 0x72, 0xd0, 0x06, 0xe6,
    0x60, 0x07, 0x74, 0xa0, 0x07, 0x76, 0x40, 0x07, 0x6d, 0xe0, 0x0e, 0x78, 0xa0, 0x07, 0x71, 0x60,
    0x07, 0x7a, 0x30, 0x07, 0x72, 0xa0, 0x07, 0x76, 0x40, 0x07, 0x43, 0x9e, 0x00, 0x00, 0x00, 0x00,
    0x00, 0x00, 0x00, 0x00, 0x00, 0x00, 0x00, 0x86, 0x3c, 0x06, 0x10, 0x00, 0x01, 0x00, 0x00, 0x00,
    0x00, 0x00, 0x00, 0x00, 0x0c, 0x79, 0x10, 0x20, 0x00, 0x04, 0x00, 0x00, 0x00, 0x00, 0x00, 0x00,
    0x00, 0x18, 0xf2, 0x2c, 0x40, 0x00, 0x08, 0x00, 0x00, 0x00, 0x00, 0x00, 0x00, 0x00, 0x30, 0xe4,
    0x81, 0x80, 0x00, 0x18, 0x00, 0x00, 0x00, 0x00, 0x00, 0x00, 0x00, 0x60, 0xc8, 0x23, 0x01, 0x01,
    0x10, 0x00, 0x00, 0x00, 0x00, 0x00, 0x00, 0x00, 0xc0, 0x90, 0x87, 0x02, 0x02, 0x20, 0x00, 0x00,
    0x00, 0x00, 0x00, 0x00, 0x00, 0x80, 0x21, 0x8f, 0x05, 0x04, 0x40, 0x00, 0x00, 0x00, 0x00, 0x00,
    0x00, 0x00, 0x00, 0x43, 0x9e, 0x0c, 0x08, 0x80, 0x01, 0x00, 0x00, 0x00, 0x00, 0x00, 0x00, 0x00,
    0x86, 0x3c, 0x1b, 0x10, 0x00, 0x03, 0x00, 0x00, 0x00, 0x00, 0x00, 0x00, 0x00, 0x64, 0x81, 0x00,
    0x11, 0x00, 0x00, 0x00, 0x32, 0x1e, 0x98, 0x14, 0x19, 0x11, 0x4c, 0x90, 0x8c, 0x09, 0x26, 0x47,
    0xc6, 0x04, 0x43, 0x22, 0x4a, 0x60, 0x04, 0xa0, 0x1c, 0x8a, 0xa1, 0x08, 0x4a, 0xa2, 0x0c, 0x0a,
    0xac, 0x3c, 0xa8, 0x28, 0x89, 0x32, 0x28, 0x84, 0x11, 0x80, 0x22, 0x28, 0x81, 0x02, 0xa1, 0x70,
    0x06, 0x80, 0xc8, 0x19, 0x00, 0x32, 0x67, 0x00, 0xe8, 0x1c, 0xcb, 0x61, 0x08, 0x00, 0x00, 0x80,
    0xe7, 0x39, 0x80, 0xe3, 0x38, 0x10, 0x00, 0x00, 0x79, 0x18, 0x00, 0x00, 0x6f, 0x00, 0x00, 0x00,
    0x1a, 0x03, 0x4c, 0x90, 0x46, 0x02, 0x13, 0x44, 0x8f, 0x0c, 0x6f, 0xec, 0xed, 0x4d, 0x0c, 0x24,
    0xc6, 0xe5, 0xc6, 0x45, 0x66, 0x06, 0x06, 0xc7, 0x25, 0xc6, 0x06, 0x04, 0xa5, 0x46, 0x86, 0x2c,
    0x2c, 0xe6, 0xa6, 0x4c, 0x26, 0x27, 0x65, 0x43, 0x10, 0x4c, 0x10, 0x08, 0x65, 0x82, 0x40, 0x2c,
    0x1b, 0x84, 0x81, 0x98, 0x20, 0x10, 0xcc, 0x06, 0x61, 0x30, 0x28, 0xc0, 0xcd, 0x4d, 0x10, 0x88,
    0x66, 0xc3, 0x80, 0x24, 0xc4, 0x04, 0x21, 0x0c, 0x34, 0x02, 0x13, 0x04, 0xc2, 0x99, 0x20, 0x10,
    0xcf, 0x06, 0x81, 0x70, 0x36, 0x24, 0xc4, 0xc2, 0x34, 0xc4, 0xd0, 0x10, 0xcf, 0x86, 0x00, 0x9a,
    0x20, 0x90, 0xc1, 0x36, 0x41, 0x20, 0xa0, 0x09, 0x02, 0x11, 0x6d, 0x40, 0x08, 0x89, 0x99, 0x88,
    0x81, 0x02, 0x36, 0x04, 0xd5, 0x04, 0xc1, 0x0c, 0xb8, 0x0d, 0x08, 0x71, 0x31, 0x0d, 0x31, 0x10,
    0xc0, 0x86, 0x00, 0xdb, 0x40, 0x44, 0x80, 0x95, 0x4d, 0x10, 0xce, 0xa0, 0xdb, 0x10, 0x6c, 0x13,
    0x04, 0x01, 0x20, 0xd1, 0x16, 0x96, 0xe6, 0xc6, 0x65, 0xca, 0xea, 0x0b, 0xea, 0x6d, 0x2e, 0x8d,
    0x2e, 0xed, 0xcd, 0x6d, 0x82, 0x50, 0x4c, 0x13, 0x84, 0x82, 0xda, 0x10, 0x10, 0x13, 0x84, 0xa2,
    0x9a, 0x20, 0x14, 0xd6, 0x86, 0x85, 0xf8, 0xc0, 0x20, 0x0c, 0xc4, 0x60, 0x0c, 0x86, 0x31, 0x20,
    0xc8, 0x00, 0x20, 0x42, 0x55, 0x84, 0x35, 0xf4, 0xf4, 0x24, 0x45, 0x34, 0x41, 0x28, 0xae, 0x0d,
    0xc2, 0x34, 0x6d, 0x58, 0x06, 0x33, 0x00, 0x03, 0x32, 0x10, 0x83, 0x33, 0x18, 0xce, 0x60, 0x20,
    0x03, 0x34, 0xd8, 0x10, 0x0c, 0x13, 0x04, 0x42, 0xda, 0x20, 0x4c, 0x6b, 0xb0, 0x61, 0x69, 0xcc,
    0x00, 0x0c, 0xc8, 0x40, 0x0d, 0xce, 0x60, 0x18, 0x83, 0x86, 0x0c, 0xd8, 0x60, 0x43, 0xd0, 0x4c,
    0x10, 0x0a, 0x6c, 0x83, 0x30, 0x0d, 0x1b, 0x96, 0xc9, 0x0c, 0xc0, 0x80, 0x0c, 0xdc, 0xe0, 0x0c,
    0x86, 0x37, 0x18, 0xce, 0x00, 0x0e, 0x36, 0x10, 0x65, 0x90, 0x06, 0x6d, 0x10, 0x07, 0x4c, 0xa6,
    0xac, 0xbe, 0xa8, 0xc2, 0xe4, 0xce, 0xca, 0xe8, 0x26, 0x08, 0x45, 0xb6, 0x61, 0x21, 0xe6, 0x00,
    0x0c, 0xe8, 0x40, 0x0c, 0xc8, 0x60, 0x18, 0x03, 0x82, 0x0c, 0xd8, 0x60, 0x43, 0x50, 0x07, 0x1b,
    0x06, 0x39, 0xb0, 0x03, 0x60, 0x43, 0xd1, 0x79, 0x77, 0xa0, 0x01, 0x55, 0xd8, 0xd8, 0xec, 0xda,
    0x5c, 0xd2, 0xc8, 0xca, 0xdc, 0xe8, 0xa6, 0x04, 0x41, 0x15, 0x32, 0x3c, 0x17, 0xbb, 0x32, 0xb9,
    0xb9, 0xb4, 0x37, 0xb7, 0x29, 0x01, 0xd1, 0x84, 0x0c, 0xcf, 0xc5, 0x2e, 0x8c, 0xcd, 0xae, 0x4c,
    0x6e, 0x4a, 0x60, 0xd4, 0x21, 0xc3, 0x73, 0x99, 0x43, 0x0b, 0x23, 0x2b, 0x93, 0x6b, 0x7a, 0x23,
    0x2b, 0x63, 0x9b, 0x12, 0x24, 0x65, 0xc8, 0xf0, 0x5c, 0xe4, 0xca, 0xe6, 0xde, 0xea, 0xe4, 0xc6,
    0xca, 0xe6, 0xa6, 0x04, 0x59, 0x1d, 0x32, 0x3c, 0x17, 0xbb, 0xb4, 0xb2, 0xbb, 0x24, 0xb2, 0x29,
    0xba, 0x30, 0xba, 0xb2, 0x29, 0xc1, 0x56, 0x87, 0x0c, 0xcf, 0xa5, 0xcc, 0x8d, 0x4e, 0x2e, 0x0f,
    0xea, 0x2d, 0xcd, 0x8d, 0x6e, 0x6e, 0x4a, 0x70, 0x07, 0x00, 0x00, 0x00, 0x79, 0x18, 0x00, 0x00,
    0x51, 0x00, 0x00, 0x00, 0x33, 0x08, 0x80, 0x1c, 0xc4, 0xe1, 0x1c, 0x66, 0x14, 0x01, 0x3d, 0x88,
    0x43, 0x38, 0x84, 0xc3, 0x8c, 0x42, 0x80, 0x07, 0x79, 0x78, 0x07, 0x73, 0x98, 0x71, 0x0c, 0xe6,
    0x00, 0x0f, 0xed, 0x10, 0x0e, 0xf4, 0x80, 0x0e, 0x33, 0x0c, 0x42, 0x1e, 0xc2, 0xc1, 0x1d, 0xce,
    0xa1, 0x1c, 0x66, 0x30, 0x05, 0x3d, 0x88, 0x43, 0x38, 0x84, 0x83, 0x1b, 0xcc, 0x03, 0x3d, 0xc8,
    0x43, 0x3d, 0x8c, 0x03, 0x3d, 0xcc, 0x78, 0x8c, 0x74, 0x70, 0x07, 0x7b, 0x08, 0x07, 0x79, 0x48,
    0x87, 0x70, 0x70, 0x07, 0x7a, 0x70, 0x03, 0x76, 0x78, 0x87, 0x70, 0x20, 0x87, 0x19, 0xcc, 0x11,
    0x0e, 0xec, 0x90, 0x0e, 0xe1, 0x30, 0x0f, 0x6e, 0x30, 0x0f, 0xe3, 0xf0, 0x0e, 0xf0, 0x50, 0x0e,
    0x33, 0x10, 0xc4, 0x1d, 0xde, 0x21, 0x1c, 0xd8, 0x21, 0x1d, 0xc2, 0x61, 0x1e, 0x66, 0x30, 0x89,
    0x3b, 0xbc, 0x83, 0x3b, 0xd0, 0x43, 0x39, 0xb4, 0x03, 0x3c, 0xbc, 0x83, 0x3c, 0x84, 0x03, 0x3b,
    0xcc, 0xf0, 0x14, 0x76, 0x60, 0x07, 0x7b, 0x68, 0x07, 0x37, 0x68, 0x87, 0x72, 0x68, 0x07, 0x37,
    0x80, 0x87, 0x70, 0x90, 0x87, 0x70, 0x60, 0x07, 0x76, 0x28, 0x07, 0x76, 0xf8, 0x05, 0x76, 0x78,
    0x87, 0x77, 0x80, 0x87, 0x5f, 0x08, 0x87, 0x71, 0x18, 0x87, 0x72, 0x98, 0x87, 0x79, 0x98, 0x81,
    0x2c, 0xee, 0xf0, 0x0e, 0xee, 0xe0, 0x0e, 0xf5, 0xc0, 0x0e, 0xec, 0x30, 0x03, 0x62, 0xc8, 0xa1,
    0x1c, 0xe4, 0xa1, 0x1c, 0xcc, 0xa1, 0x1c, 0xe4, 0xa1, 0x1c, 0xdc, 0x61, 0x1c, 0xca, 0x21, 0x1c,
    0xc4, 0x81, 0x1d, 0xca, 0x61, 0x06, 0xd6, 0x90, 0x43, 0x39, 0xc8, 0x43, 0x39, 0x98, 0x43, 0x39,
    0xc8, 0x43, 0x39, 0xb8, 0xc3, 0x38, 0x94, 0x43, 0x38, 0x88, 0x03, 0x3b, 0x94, 0xc3, 0x2f, 0xbc,
    0x83, 0x3c, 0xfc, 0x82, 0x3b, 0xd4, 0x03, 0x3b, 0xb0, 0xc3, 0x0c, 0xc4, 0x21, 0x07, 0x7c, 0x70,
    0x03, 0x7a, 0x28, 0x87, 0x76, 0x80, 0x87, 0x19, 0xd1, 0x43, 0x0e, 0xf8, 0xe0, 0x06, 0xe4, 0x20,
    0x0e, 0xe7, 0xe0, 0x06, 0xf6, 0x10, 0x0e, 0xf2, 0xc0, 0x0e, 0xe1, 0x90, 0x0f, 0xef, 0x50, 0x0f,
    0xf4, 0x30, 0x83, 0x81, 0xc8, 0x01, 0x1f, 0xdc, 0x40, 0x1c, 0xe4, 0xa1, 0x1c, 0xc2, 0x61, 0x1d,
    0xdc, 0x40, 0x1c, 0xe4, 0x01, 0x00, 0x00, 0x00, 0x71, 0x20, 0x00, 0x00, 0x25, 0x00, 0x00, 0x00,
    0x56, 0x00, 0x0d, 0x97, 0xef, 0x3c, 0x7e, 0x80, 0x34, 0x40, 0x84, 0xf9, 0xc5, 0x6d, 0x1b, 0xc2,
    0x36, 0x5c, 0xbe, 0xf3, 0xf8, 0x42, 0x40, 0x15, 0x05, 0x11, 0x95, 0x0e, 0x30, 0x94, 0x84, 0x01,
    0x08, 0x98, 0x5f, 0xdc, 0xb6, 0x25, 0x48, 0xc3, 0xe5, 0x3b, 0x8f, 0x2f, 0x44, 0x04, 0x30, 0x11,
    0x21, 0xd0, 0x0c, 0x0b, 0x61, 0x03, 0xcd, 0x70, 0xf9, 0xce, 0xe3, 0x0f, 0x88, 0x24, 0x00, 0xd1,
    0x60, 0x07, 0xce, 0x70, 0xf9, 0xce, 0xe3, 0x0f, 0xce, 0x74, 0xfb, 0xc5, 0x6d, 0x5b, 0xc0, 0x34,
    0x5c, 0xbe, 0xf3, 0xf8, 0x8b, 0x03, 0x0c, 0x62, 0xf3, 0x50, 0x93, 0x5f, 0xdc, 0xb6, 0x11, 0x40,
    0xc3, 0xe5, 0x3b, 0x8f, 0x2f, 0x01, 0xcc, 0xb3, 0x10, 0x7e, 0x71, 0xdb, 0x26, 0x50, 0x0d, 0x97,
    0xef, 0x3c, 0xbe, 0x34, 0x39, 0x11, 0x81, 0x52, 0xd3, 0x43, 0x4d, 0x7e, 0x71, 0xdb, 0x66, 0xf0,
    0x0c, 0x97, 0xef, 0x3c, 0x3e, 0xd5, 0x00, 0x11, 0xe6, 0x17, 0xb7, 0x6d, 0x00, 0x04, 0x03, 0x20,
    0x0d, 0x00, 0x00, 0x00, 0x61, 0x20, 0x00, 0x00, 0xcb, 0x00, 0x00, 0x00, 0x13, 0x04, 0x43, 0x2c,
    0x10, 0x00, 0x00, 0x00, 0x17, 0x00, 0x00, 0x00, 0xa4, 0xd4, 0xc0, 0x08, 0x00, 0x11, 0xe5, 0x56,
    0xa4, 0x01, 0x85, 0x57, 0x2e, 0x65, 0x57, 0x72, 0xa5, 0x50, 0x2a, 0x65, 0x34, 0x03, 0x50, 0x08,
    0x34, 0x8c, 0x11, 0x80, 0x20, 0x08, 0xc2, 0xbf, 0x30, 0x46, 0x80, 0xb3, 0xf7, 0x99, 0x7b, 0x63,
    0x04, 0xb9, 0x5e, 0xba, 0xf3, 0x37, 0x46, 0x00, 0xfb, 0xec, 0x5c, 0x7e, 0x63, 0x04, 0x7b, 0xac,
    0xc6, 0xfb, 0x2f, 0x8c, 0x00, 0x8c, 0x11, 0xa8, 0x78, 0x7d, 0x8a, 0xde, 0x18, 0x01, 0x08, 0x82,
    0x20, 0xfe, 0x8d, 0x11, 0x80, 0x20, 0x08, 0xc2, 0xdf, 0x18, 0x01, 0xdb, 0xc6, 0xaf, 0xbc, 0xcd,
    0x00, 0x00, 0x00, 0x00, 0x23, 0x06, 0x09, 0x00, 0x82, 0x60, 0xb0, 0xb5, 0x41, 0x04, 0x06, 0x6b,
    0xb0, 0x06, 0xd7, 0x88, 0x41, 0x02, 0x80, 0x20, 0x18, 0x6c, 0x6e, 0x20, 0x8d, 0x01, 0x1b, 0xb0,
    0x01, 0x36, 0x62, 0x90, 0x00, 0x20, 0x08, 0x06, 0xdb, 0x1b, 0x4c, 0x61, 0xd0, 0x06, 0x6d, 0x90,
    0x8d, 0x18, 0x24, 0x00, 0x08, 0x82, 0x81, 0x81, 0x07, 0x4f, 0x1a, 0xb8, 0xc1, 0x18, 0x40, 0x23,
    0x06, 0x09, 0x00, 0x82, 0x60, 0x60, 0xe4, 0x01, 0xc4, 0x06, 0x6f, 0x40, 0x06, 0xd1, 0x88, 0x41,
    0x02, 0x80, 0x20, 0x18, 0x18, 0x7a, 0x10, 0xb5, 0x01, 0x1c, 0x8c, 0x81, 0x34, 0x62, 0x90, 0x00,
    0x20, 0x08, 0x06, 0xc6, 0x1e, 0x48, 0x6e, 0x10, 0x07, 0x65, 0x30, 0x8d, 0x18, 0x24, 0x00, 0x08,
    0x82, 0x81, 0xc1, 0x07, 0xd3, 0x1b, 0xc8, 0x41, 0x1a, 0x50, 0x23, 0x06, 0x09, 0x00, 0x82, 0x60,
    0x60, 0xf4, 0x01, 0x45, 0x07, 0x73, 0x80, 0x06, 0xd5, 0x88, 0x41, 0x02, 0x80, 0x20, 0x18, 0x18,
    0x7e, 0x50, 0xd5, 0x01, 0x1d, 0x9c, 0x81, 0x35, 0x62, 0xf0, 0x00, 0x20, 0x08, 0x06, 0x10, 0x1f,
    0x78, 0x4a, 0x22, 0x04, 0xcb, 0x52, 0x07, 0x75, 0x70, 0x2d, 0xa3, 0x09, 0x01, 0x30, 0x9a, 0x20,
    0x04, 0xa3, 0x09, 0x83, 0x30, 0x9a, 0x40, 0x0c, 0x46, 0x2c, 0xf2, 0x31, 0x62, 0x91, 0x8f, 0x11,
    0x8b, 0x7c, 0x8c, 0x58, 0xe4, 0x33, 0x1c, 0x11, 0x60, 0xc4, 0x37, 0xcb, 0x10, 0x08, 0xc1, 0x88,
    0x81, 0x01, 0x80, 0x20, 0x18, 0x2c, 0xa7, 0x90, 0x06, 0x6c, 0x30, 0x4b, 0x20, 0x8c, 0x18, 0x1c,
    0x00, 0x08, 0x82, 0x41, 0x26, 0x0a, 0x66, 0x20, 0xfd, 0xc1, 0x68, 0x42, 0x10, 0x98, 0x16, 0xd0,
    0x67, 0xc4, 0xe0, 0x00, 0x40, 0x10, 0x0c, 0x24, 0x54, 0x28, 0x03, 0x24, 0x1b, 0x31, 0x38, 0x00,
    0x10, 0x04, 0x03, 0x29, 0x15, 0xcc, 0x00, 0xd1, 0x46, 0x0c, 0x0e, 0x00, 0x04, 0xc1, 0x40, 0x52,
    0x85, 0x33, 0x40, 0xb6, 0x11, 0x03, 0x03, 0x00, 0x41, 0x30, 0xa0, 0x54, 0xa1, 0x0d, 0x86, 0x11,
    0x03, 0x03, 0x00, 0x41, 0x30, 0xa0, 0x56, 0xc1, 0x0d, 0x86, 0x11, 0x03, 0x03, 0x00, 0x41, 0x30,
    0xa0, 0x58, 0xe1, 0x0d, 0x06, 0x1b, 0x0e, 0xf9, 0xd8, 0x80, 0xc8, 0xc7, 0x86, 0x44, 0x3e, 0x23,
    0x06, 0x06, 0x00, 0x82, 0x60, 0x40, 0xc1, 0xc2, 0x1b, 0x0c, 0x23, 0x06, 0x06, 0x00, 0x82, 0x60,
    0x40, 0xc5, 0x02, 0x1c, 0x0c, 0x23, 0x06, 0x06, 0x00, 0x82, 0x60, 0x40, 0xc9, 0x42, 0x1c, 0x0c,
    0xa3, 0x09, 0x8f, 0x60, 0x61, 0x10, 0xc4, 0x67, 0xc4, 0xe0, 0x00, 0x40, 0x10, 0x0c, 0x24, 0x5b,
    0x98, 0x83, 0x35, 0x08, 0x46, 0x13, 0x24, 0xc0, 0x04, 0x41, 0x3e, 0x16, 0xbc, 0x81, 0x7c, 0x6c,
    0x18, 0xe4, 0x63, 0x81, 0x20, 0x9f, 0x11, 0x03, 0x03, 0x00, 0x41, 0x30, 0xa0, 0x76, 0x41, 0x0f,
    0x02, 0x83, 0x83, 0x20, 0x3e, 0x23, 0x06, 0x06, 0x00, 0x82, 0x60, 0x40, 0xf5, 0xc2, 0x2d, 0x04,
    0x23, 0x06, 0x07, 0x00, 0x82, 0x60, 0x90, 0xf1, 0x02, 0x28, 0xb0, 0x81, 0x2e, 0x8c, 0x26, 0x04,
    0xc0, 0x68, 0x82, 0x10, 0x8c, 0x26, 0x0c, 0x82, 0x0d, 0x52, 0x7c, 0x6c, 0x90, 0xe2, 0x63, 0x83,
    0x14, 0x1f, 0x1b, 0x10, 0xf9, 0xd8, 0x90, 0xc8, 0xc7, 0x06, 0x45, 0x3e, 0x36, 0x60, 0xf0, 0xb1,
    0x01, 0x83, 0x8f, 0x0d, 0x18, 0x7c, 0x46, 0x0c, 0x16, 0x00, 0x04, 0xc1, 0xc0, 0x52, 0x87, 0x58,
    0x18, 0x84, 0x60, 0x14, 0x48, 0xa1, 0x14, 0x46, 0x13, 0xd0, 0x60, 0xb0, 0x42, 0x88, 0x8f, 0x15,
    0x43, 0x7c, 0xac, 0x20, 0xe2, 0x63, 0x03, 0x21, 0x1f, 0x1b, 0x0a, 0xf9, 0xd8, 0x60, 0xc8, 0xc7,
    0x10, 0x57, 0x80, 0x8f, 0x05, 0x04, 0x7c, 0x4c, 0x20, 0xe0, 0x63, 0x03, 0x01, 0x9f, 0x11, 0x83,
    0x03, 0x00, 0x41, 0x30, 0xc8, 0xea, 0x21, 0x17, 0x4a, 0xe1, 0x1d, 0x46, 0x13, 0x02, 0xc0, 0x8a,
    0x40, 0x3e, 0x56, 0x08, 0xf2, 0xb1, 0x62, 0x90, 0x8f, 0x0d, 0xaf, 0x00, 0x1f, 0x1b, 0x60, 0x01,
    0x3e, 0x36, 0xc4, 0x02, 0x7c, 0x46, 0x0c, 0x0c, 0x00, 0x04, 0xc1, 0x80, 0xfa, 0x87, 0x7c, 0x18,
    0x46, 0x0c, 0x0c, 0x00, 0x04, 0xc1, 0x80, 0x02, 0x09, 0x7d, 0x18, 0x46, 0x0c, 0x0c, 0x00, 0x04,
    0xc1, 0x80, 0x0a, 0x89, 0x7d, 0x18, 0x46, 0x13, 0x96, 0xc0, 0x02, 0x02, 0x3e, 0x26, 0x10, 0xf0,
    0xb1, 0x81, 0x80, 0xcf, 0x88, 0x81, 0x01, 0x80, 0x20, 0x18, 0x50, 0x26, 0x01, 0x12, 0xc3, 0x88,
    0x81, 0x01, 0x80, 0x20, 0x18, 0x50, 0x27, 0x11, 0x12, 0xc3, 0x88, 0x81, 0x01, 0x80, 0x20, 0x18,
    0x50, 0x28, 0x21, 0x12, 0xc3, 0x88, 0x41, 0x02, 0x80, 0x20, 0x18, 0x20, 0x2d, 0x91, 0x0e, 0x24,
    0x41, 0x12, 0xf9, 0x30, 0x8c, 0x18, 0x24, 0x00, 0x08, 0x82, 0x01, 0xd2, 0x12, 0xe9, 0x40, 0x12,
    0x24, 0x71, 0x0f, 0xc2, 0x88, 0x41, 0x02, 0x80, 0x20, 0x18, 0x20, 0x2d, 0x91, 0x0e, 0x24, 0x41,
    0x12, 0xf8, 0x10, 0x8c, 0x18, 0x24, 0x00, 0x08, 0x82, 0x01, 0xd2, 0x12, 0xe9, 0x40, 0x12, 0x24,
    0xb1, 0x0f, 0xa7, 0x80, 0x00, 0x00, 0x00, 0x00, 0x00, 0x00, 0x00, 0x00
};
static const unsigned int game_car_pixel_dxil_size = 5548;

static const unsigned char game_hud_vertex_dxil[] = {
    0x44, 0x58, 0x42, 0x43, 0x39, 0xc5, 0x7d, 0x30, 0xdb, 0x9c, 0x20, 0x97, 0x6d, 0xf0, 0xb8, 0x61,
    0x62, 0x57, 0x6b, 0xba, 0x01, 0x00, 0x00, 0x00, 0xf4, 0x0b, 0x00, 0x00, 0x07, 0x00, 0x00, 0x00,
    0x3c, 0x00, 0x00, 0x00, 0x4c, 0x00, 0x00, 0x00, 0xa8, 0x00, 0x00, 0x00, 0x10, 0x01, 0x00, 0x00,
    0xe0, 0x01, 0x00, 0x00, 0xb8, 0x06, 0x00, 0x00, 0xd4, 0x06, 0x00, 0x00, 0x53, 0x46, 0x49, 0x30,
    0x08, 0x00, 0x00, 0x00, 0x00, 0x00, 0x00, 0x00, 0x00, 0x00, 0x00, 0x00, 0x49, 0x53, 0x47, 0x31,
    0x54, 0x00, 0x00, 0x00, 0x02, 0x00, 0x00, 0x00, 0x08, 0x00, 0x00, 0x00, 0x00, 0x00, 0x00, 0x00,
    0x48, 0x00, 0x00, 0x00, 0x00, 0x00, 0x00, 0x00, 0x00, 0x00, 0x00, 0x00, 0x03, 0x00, 0x00, 0x00,
    0x00, 0x00, 0x00, 0x00, 0x03, 0x03, 0x00, 0x00, 0x00, 0x00, 0x00, 0x00, 0x00, 0x00, 0x00, 0x00,
    0x48, 0x00, 0x00, 0x00, 0x01, 0x00, 0x00, 0x00, 0x00, 0x00, 0x00, 0x00, 0x03, 0x00, 0x00, 0x00,
    0x01, 0x00, 0x00, 0x00, 0x03, 0x03, 0x00, 0x00, 0x00, 0x00, 0x00, 0x00, 0x54, 0x45, 0x58, 0x43,
    0x4f, 0x4f, 0x52, 0x44, 0x00, 0x00, 0x00, 0x00, 0x4f, 0x53, 0x47, 0x31, 0x60, 0x00, 0x00, 0x00,
    0x02, 0x00, 0x00, 0x00, 0x08, 0x00, 0x00, 0x00, 0x00, 0x00, 0x00, 0x00, 0x48, 0x00, 0x00, 0x00,
    0x00, 0x00, 0x00, 0x00, 0x01, 0x00, 0x00, 0x00, 0x03, 0x00, 0x00, 0x00, 0x00, 0x00, 0x00, 0x00,
    0x0f, 0x00, 0x00, 0x00, 0x00, 0x00, 0x00, 0x00, 0x00, 0x00, 0x00, 0x00, 0x54, 0x00, 0x00, 0x00,
    0x00, 0x00, 0x00, 0x00, 0x00, 0x00, 0x00, 0x00, 0x03, 0x00, 0x00, 0x00, 0x01, 0x00, 0x00, 0x00,
    0x03, 0x0c, 0x00, 0x00, 0x00, 0x00, 0x00, 0x00, 0x53, 0x56, 0x5f, 0x50, 0x6f, 0x73, 0x69, 0x74,
    0x69, 0x6f, 0x6e, 0x00, 0x54, 0x45, 0x58, 0x43, 0x4f, 0x4f, 0x52, 0x44, 0x00, 0x00, 0x00, 0x00,
    0x50, 0x53, 0x56, 0x30, 0xc8, 0x00, 0x00, 0x00, 0x30, 0x00, 0x00, 0x00, 0x01, 0x00, 0x00, 0x00,
    0x00, 0x00, 0x00, 0x00, 0x00, 0x00, 0x00, 0x00, 0x00, 0x00, 0x00, 0x00, 0x00, 0x00, 0x00, 0x00,
    0xff, 0xff, 0xff, 0xff, 0x01, 0x00, 0x00, 0x00, 0x02, 0x02, 0x00, 0x02, 0x02, 0x00, 0x00, 0x00,
    0x00, 0x00, 0x00, 0x00, 0x00, 0x00, 0x00, 0x00, 0x00, 0x00, 0x00, 0x00, 0x00, 0x00, 0x00, 0x00,
    0x1c, 0x00, 0x00, 0x00, 0x00, 0x54, 0x45, 0x58, 0x43, 0x4f, 0x4f, 0x52, 0x44, 0x00, 0x54, 0x45,
    0x58, 0x43, 0x4f, 0x4f, 0x52, 0x44, 0x00, 0x54, 0x45, 0x58, 0x43, 0x4f, 0x4f, 0x52, 0x44, 0x00,
    0x02, 0x00, 0x00, 0x00, 0x00, 0x00, 0x00, 0x00, 0x01, 0x00, 0x00, 0x00, 0x10, 0x00, 0x00, 0x00,
    0x01, 0x00, 0x00, 0x00, 0x00, 0x00, 0x00, 0x00, 0x01, 0x00, 0x42, 0x00, 0x03, 0x00, 0x00, 0x00,
    0x0a, 0x00, 0x00, 0x00, 0x01, 0x00, 0x00, 0x00, 0x01, 0x01, 0x42, 0x00, 0x03, 0x00, 0x00, 0x00,
    0x00, 0x00, 0x00, 0x00, 0x00, 0x00, 0x00, 0x00, 0x01, 0x00, 0x44, 0x03, 0x03, 0x04, 0x00, 0x00,
    0x13, 0x00, 0x00, 0x00, 0x00, 0x00, 0x00, 0x00, 0x01, 0x01, 0x42, 0x00, 0x03, 0x02, 0x00, 0x00,
    0x01, 0x00, 0x00, 0x00, 0x02, 0x00, 0x00, 0x00, 0x00, 0x00, 0x00, 0x00, 0x00, 0x00, 0x00, 0x00,
    0x10, 0x00, 0x00, 0x00, 0x20, 0x00, 0x00, 0x00, 0x00, 0x00, 0x00, 0x00, 0x00, 0x00, 0x00, 0x00,
    0x53, 0x54, 0x41, 0x54, 0xd0, 0x04, 0x00, 0x00, 0x60, 0x00, 0x01, 0x00, 0x34, 0x01, 0x00, 0x00,
    0x44, 0x58, 0x49, 0x4c, 0x00, 0x01, 0x00, 0x00, 0x10, 0x00, 0x00, 0x00, 0xb8, 0x04, 0x00, 0x00,
    0x42, 0x43, 0xc0, 0xde, 0x21, 0x0c, 0x00, 0x00, 0x2b, 0x01, 0x00, 0x00, 0x0b, 0x82, 0x20, 0x00,
    0x02, 0x00, 0x00, 0x00, 0x13, 0x00, 0x00, 0x00, 0x07, 0x81, 0x23, 0x91, 0x41, 0xc8, 0x04, 0x49,
    0x06, 0x10, 0x32, 0x39, 0x92, 0x01, 0x84, 0x0c, 0x25, 0x05, 0x08, 0x19, 0x1e, 0x04, 0x8b, 0x62,
    0x80, 0x10, 0x45, 0x02, 0x42, 0x92, 0x0b, 0x42, 0x84, 0x10, 0x32, 0x14, 0x38, 0x08, 0x18, 0x4b,
    0x0a, 0x32, 0x42, 0x88, 0x48, 0x90, 0x14, 0x20, 0x43, 0x46, 0x88, 0xa5, 0x00, 0x19, 0x32, 0x42,
    0xe4, 0x48, 0x0e, 0x90, 0x11, 0x22, 0xc4, 0x50, 0x41, 0x51, 0x81, 0x8c, 0xe1, 0x83, 0xe5, 0x8a,
    0x04, 0x21, 0x46, 0x06, 0x51, 0x18, 0x00, 0x00, 0x06, 0x00, 0x00, 0x00, 0x1b, 0x8c, 0xe0, 0xff,
    0xff, 0xff, 0xff, 0x07, 0x40, 0x02, 0xa8, 0x0d, 0x84, 0xf0, 0xff, 0xff, 0xff, 0xff, 0x03, 0x20,
    0x01, 0x00, 0x00, 0x00, 0x49, 0x18, 0x00, 0x00, 0x02, 0x00, 0x00, 0x00, 0x13, 0x82, 0x60, 0x42,
    0x20, 0x00, 0x00, 0x00, 0x89, 0x20, 0x00, 0x00, 0x0f, 0x00, 0x00, 0x00, 0x32, 0x22, 0x08, 0x09,
    0x20, 0x64, 0x85, 0x04, 0x13, 0x22, 0xa4, 0x84, 0x04, 0x13, 0x22, 0xe3, 0x84, 0xa1, 0x90, 0x14,
    0x12, 0x4c, 0x88, 0x8c, 0x0b, 0x84, 0x84, 0x4c, 0x10, 0x30, 0x23, 0x00, 0x25, 0x00, 0x8a, 0x19,
    0x80, 0x39, 0x02, 0x30, 0x98, 0x23, 0x40, 0x8a, 0x31, 0x44, 0x54, 0x44, 0x56, 0x0c, 0x20, 0xa2,
    0x1a, 0xc2, 0x81, 0x80, 0x44, 0x20, 0x00, 0x00, 0x13, 0x14, 0x72, 0xc0, 0x87, 0x74, 0x60, 0x87,
    0x36, 0x68, 0x87, 0x79, 0x68, 0x03, 0x72, 0xc0, 0x87, 0x0d, 0xaf, 0x50, 0x0e, 0x6d, 0xd0, 0x0e,
    0x7a, 0x50, 0x0e, 0x6d, 0x00, 0x0f, 0x7a, 0x30, 0x07, 0x72, 0xa0, 0x07, 0x73, 0x20, 0x07, 0x6d,
    0x90, 0x0e, 0x71, 0xa0, 0x07, 0x73, 0x20, 0x07, 0x6d, 0x90, 0x0e, 0x78, 0xa0, 0x07, 0x73, 0x20,
    0x07, 0x6d, 0x90, 0x0e, 0x71, 0x60, 0x07, 0x7a, 0x30, 0x07, 0x72, 0xd0, 0x06, 0xe9, 0x30, 0x07,
    0x72, 0xa0, 0x07, 0x73, 0x20, 0x07, 0x6d, 0x90, 0x0e, 0x76, 0x40, 0x07, 0x7a, 0x60, 0x07, 0x74,
    0xd0, 0x06, 0xe6, 0x10, 0x07, 0x76, 0xa0, 0x07, 0x73, 0x20, 0x07, 0x6d, 0x60, 0x0e, 0x73, 0x20,
    0x07, 0x7a, 0x30, 0x07, 0x72, 0xd0, 0x06, 0xe6, 0x60, 0x07, 0x74, 0xa0, 0x07, 0x76, 0x40, 0x07,
    0x6d, 0xe0, 0x0e, 0x78, 0xa0, 0x07, 0x71, 0x60, 0x07, 0x7a, 0x30, 0x07, 0x72, 0xa0, 0x07, 0x76,
    0x40, 0x07, 0x43, 0x9e, 0x00, 0x08, 0x00, 0x00, 0x00, 0x00, 0x00, 0x00, 0x00, 0x00, 0x00, 0x86,
    0x3c, 0x06, 0x10, 0x00, 0x01, 0x00, 0x00, 0x00, 0x00, 0x00, 0x00, 0x00, 0x0c, 0x79, 0x10, 0x20,
    0x00, 0x04, 0x00, 0x00, 0x00, 0x00, 0x00, 0x00, 0x00, 0xc8, 0x02, 0x01, 0x0c, 0x00, 0x00, 0x00,
    0x32, 0x1e, 0x98, 0x14, 0x19, 0x11, 0x4c, 0x90, 0x8c, 0x09, 0x26, 0x47, 0xc6, 0x04, 0x43, 0xa2,
    0x12, 0x18, 0x01, 0x28, 0x86, 0x32, 0x28, 0x8f, 0xb2, 0x28, 0x04, 0xaa, 0x92, 0x18, 0x01, 0x28,
    0x82, 0x32, 0x28, 0x04, 0xda, 0xb1, 0x10, 0xc3, 0x08, 0x04, 0x00, 0x80, 0xc0, 0x00, 0x00, 0x00,
    0x79, 0x18, 0x00, 0x00, 0x60, 0x00, 0x00, 0x00, 0x1a, 0x03, 0x4c, 0x90, 0x46, 0x02, 0x13, 0x44,
    0x8f, 0x0c, 0x6f, 0xec, 0xed, 0x4d, 0x0c, 0x24, 0xc6, 0xe5, 0xc6, 0x45, 0x66, 0x06, 0x06, 0xc7,
    0x25, 0xc6, 0x06, 0x04, 0xa5, 0x46, 0x86, 0x2c, 0x2c, 0xe6, 0xa6, 0x4c, 0x26, 0x27, 0x65, 0x43,
    0x10, 0x4c, 0x10, 0x88, 0x61, 0x82, 0x40, 0x10, 0x1b, 0x84, 0x81, 0xd8, 0x20, 0x10, 0x04, 0x05,
    0xbb, 0xb9, 0x09, 0x02, 0x51, 0x6c, 0x18, 0x0e, 0x84, 0x98, 0x20, 0x08, 0xc0, 0x06, 0x60, 0xc3,
    0x40, 0x2c, 0xcb, 0x86, 0x80, 0xd9, 0x30, 0x0c, 0x4a, 0x33, 0x41, 0x58, 0x9e, 0x0d, 0xc1, 0x43,
    0xa2, 0x2d, 0x2c, 0xcd, 0x8d, 0x08, 0x55, 0x11, 0xd6, 0xd0, 0xd3, 0x93, 0x14, 0xd1, 0x04, 0xa1,
    0x50, 0x26, 0x08, 0xc5, 0xb2, 0x21, 0x20, 0x26, 0x08, 0x05, 0x33, 0x41, 0x20, 0x8c, 0x0d, 0xc2,
    0x75, 0x6d, 0x58, 0x08, 0x69, 0xa2, 0x2a, 0x6a, 0xb0, 0x08, 0x0a, 0xdb, 0x10, 0x0c, 0x1b, 0x96,
    0x41, 0x9a, 0x28, 0x8d, 0x1a, 0xac, 0x81, 0xc2, 0x36, 0x08, 0xd9, 0xc6, 0x65, 0xca, 0xea, 0x0b,
    0xea, 0x6d, 0x2e, 0x8d, 0x2e, 0xed, 0xcd, 0x6d, 0x82, 0x50, 0x34, 0x13, 0x84, 0xc2, 0x99, 0x20,
    0x10, 0xc7, 0x06, 0xe1, 0x02, 0x83, 0x0d, 0x0b, 0xd1, 0x4d, 0x5e, 0xf5, 0x0d, 0x1f, 0x41, 0x85,
    0xc1, 0x86, 0x65, 0x90, 0x26, 0xaa, 0xb2, 0x06, 0x6b, 0xa0, 0xb0, 0x0d, 0x82, 0x18, 0x8c, 0xc1,
    0x86, 0x81, 0x23, 0x03, 0x60, 0x43, 0xa1, 0x44, 0x65, 0x00, 0x00, 0x2c, 0xd2, 0xdc, 0xe6, 0xe8,
    0xe6, 0x26, 0x08, 0x04, 0x42, 0x63, 0x2e, 0xed, 0xec, 0x8b, 0x8d, 0x6c, 0x82, 0x40, 0x24, 0x34,
    0xe6, 0xd2, 0xce, 0xbe, 0xe6, 0xe8, 0x36, 0x18, 0x67, 0x80, 0x06, 0x69, 0xa0, 0x06, 0x6b, 0x80,
    0x54, 0x61, 0x63, 0xb3, 0x6b, 0x73, 0x49, 0x23, 0x2b, 0x73, 0xa3, 0x9b, 0x12, 0x04, 0x55, 0xc8,
    0xf0, 0x5c, 0xec, 0xca, 0xe4, 0xe6, 0xd2, 0xde, 0xdc, 0xa6, 0x04, 0x44, 0x13, 0x32, 0x3c, 0x17,
    0xbb, 0x30, 0x36, 0xbb, 0x32, 0xb9, 0x29, 0x41, 0x51, 0x87, 0x0c, 0xcf, 0x65, 0x0e, 0x2d, 0x8c,
    0xac, 0x4c, 0xae, 0xe9, 0x8d, 0xac, 0x8c, 0x6d, 0x4a, 0x80, 0x54, 0x22, 0xc3, 0x73, 0xa1, 0xcb,
    0x83, 0x2b, 0x0b, 0x72, 0x73, 0x7b, 0xa3, 0x0b, 0xa3, 0x4b, 0x7b, 0x73, 0x9b, 0x9b, 0x12, 0x34,
    0x75, 0xc8, 0xf0, 0x5c, 0xec, 0xd2, 0xca, 0xee, 0x92, 0xc8, 0xa6, 0xe8, 0xc2, 0xe8, 0xca, 0xa6,
    0x04, 0x4f, 0x1d, 0x32, 0x3c, 0x97, 0x32, 0x37, 0x3a, 0xb9, 0x3c, 0xa8, 0xb7, 0x34, 0x37, 0xba,
    0xb9, 0x29, 0x41, 0x19, 0x74, 0x21, 0xc3, 0x73, 0x19, 0x7b, 0xab, 0x73, 0xa3, 0x2b, 0x93, 0x9b,
    0x9b, 0x12, 0xac, 0x01, 0x00, 0x00, 0x00, 0x00, 0x79, 0x18, 0x00, 0x00, 0x4c, 0x00, 0x00, 0x00,
    0x33, 0x08, 0x80, 0x1c, 0xc4, 0xe1, 0x1c, 0x66, 0x14, 0x01, 0x3d, 0x88, 0x43, 0x38, 0x84, 0xc3,
    0x8c, 0x42, 0x80, 0x07, 0x79, 0x78, 0x07, 0x73, 0x98, 0x71, 0x0c, 0xe6, 0x00, 0x0f, 0xed, 0x10,
    0x0e, 0xf4, 0x80, 0x0e, 0x33, 0x0c, 0x42, 0x1e, 0xc2, 0xc1, 0x1d, 0xce, 0xa1, 0x1c, 0x66, 0x30,
    0x05, 0x3d, 0x88, 0x43, 0x38, 0x84, 0x83, 0x1b, 0xcc, 0x03, 0x3d, 0xc8, 0x43, 0x3d, 0x8c, 0x03,
    0x3d, 0xcc, 0x78, 0x8c, 0x74, 0x70, 0x07, 0x7b, 0x08, 0x07, 0x79, 0x48, 0x87, 0x70, 0x70, 0x07,
    0x7a, 0x70, 0x03, 0x76, 0x78, 0x87, 0x70, 0x20, 0x87, 0x19, 0xcc, 0x11, 0x0e, 0xec, 0x90, 0x0e,
    0xe1, 0x30, 0x0f, 0x6e, 0x30, 0x0f, 0xe3, 0xf0, 0x0e, 0xf0, 0x50, 0x0e, 0x33, 0x10, 0xc4, 0x1d,
    0xde, 0x21, 0x1c, 0xd8, 0x21, 0x1d, 0xc2, 0x61, 0x1e, 0x66, 0x30, 0x89, 0x3b, 0xbc, 0x83, 0x3b,
    0xd0, 0x43, 0x39, 0xb4, 0x03, 0x3c, 0xbc, 0x83, 0x3c, 0x84, 0x03, 0x3b, 0xcc, 0xf0, 0x14, 0x76,
    0x60, 0x07, 0x7b, 0x68, 0x07, 0x37, 0x68, 0x87, 0x72, 0x68, 0x07, 0x37, 0x80, 0x87, 0x70, 0x90,
    0x87, 0x70, 0x60, 0x07, 0x76, 0x28, 0x07, 0x76, 0xf8, 0x05, 0x76, 0x78, 0x87, 0x77, 0x80, 0x87,
    0x5f, 0x08, 0x87, 0x71, 0x18, 0x87, 0x72, 0x98, 0x87, 0x79, 0x98, 0x81, 0x2c, 0xee, 0xf0, 0x0e,
    0xee, 0xe0, 0x0e, 0xf5, 0xc0, 0x0e, 0xec, 0x30, 0x03, 0x62, 0xc8, 0xa1, 0x1c, 0xe4, 0xa1, 0x1c,
    0xcc, 0xa1, 0x1c, 0xe4, 0xa1, 0x1c, 0xdc, 0x61, 0x1c, 0xca, 0x21, 0x1c, 0xc4, 0x81, 0x1d, 0xca,
    0x61, 0x06, 0xd6, 0x90, 0x43, 0x39, 0xc8, 0x43, 0x39, 0x98, 0x43, 0x39, 0xc8, 0x43, 0x39, 0xb8,
    0xc3, 0x38, 0x94, 0x43, 0x38, 0x88, 0x03, 0x3b, 0x94, 0xc3, 0x2f, 0xbc, 0x83, 0x3c, 0xfc, 0x82,
    0x3b, 0xd4, 0x03, 0x3b, 0xb0, 0xc3, 0x8c, 0xc8, 0x21, 0x07, 0x7c, 0x70, 0x03, 0x72, 0x10, 0x87,
    0x73, 0x70, 0x03, 0x7b, 0x08, 0x07, 0x79, 0x60, 0x87, 0x70, 0xc8, 0x87, 0x77, 0xa8, 0x07, 0x7a,
    0x98, 0x81, 0x3c, 0xe4, 0x80, 0x0f, 0x6e, 0x40, 0x0f, 0xe5, 0xd0, 0x0e, 0xf0, 0x00, 0x00, 0x00,
    0x71, 0x20, 0x00, 0x00, 0x0b, 0x00, 0x00, 0x00, 0x16, 0x30, 0x0d, 0x97, 0xef, 0x3c, 0xfe, 0xe2,
    0x00, 0x83, 0xd8, 0x3c, 0xd4, 0xe4, 0x17, 0xb7, 0x6d, 0x02, 0xd5, 0x70, 0xf9, 0xce, 0xe3, 0x4b,
    0x93, 0x13, 0x11, 0x28, 0x35, 0x3d, 0xd4, 0xe4, 0x17, 0xb7, 0x6d, 0x00, 0x04, 0x03, 0x20, 0x0d,
    0x00, 0x00, 0x00, 0x00, 0x00, 0x00, 0x00, 0x00, 0x48, 0x41, 0x53, 0x48, 0x14, 0x00, 0x00, 0x00,
    0x00, 0x00, 0x00, 0x00, 0x78, 0x2a, 0x0a, 0x46, 0xa2, 0xb1, 0x71, 0x37, 0xfd, 0x56, 0x6b, 0x2a,
    0xf0, 0xc9, 0xe8, 0xf5, 0x44, 0x58, 0x49, 0x4c, 0x18, 0x05, 0x00, 0x00, 0x60, 0x00, 0x01, 0x00,
    0x46, 0x01, 0x00, 0x00, 0x44, 0x58, 0x49, 0x4c, 0x00, 0x01, 0x00, 0x00, 0x10, 0x00, 0x00, 0x00,
    0x00, 0x05, 0x00, 0x00, 0x42, 0x43, 0xc0, 0xde, 0x21, 0x0c, 0x00, 0x00, 0x3d, 0x01, 0x00, 0x00,
    0x0b, 0x82, 0x20, 0x00, 0x02, 0x00, 0x00, 0x00, 0x13, 0x00, 0x00, 0x00, 0x07, 0x81, 0x23, 0x91,
    0x41, 0xc8, 0x04, 0x49, 0x06, 0x10, 0x32, 0x39, 0x92, 0x01, 0x84, 0x0c, 0x25, 0x05, 0x08, 0x19,
    0x1e, 0x04, 0x8b, 0x62, 0x80, 0x10, 0x45, 0x02, 0x42, 0x92, 0x0b, 0x42, 0x84, 0x10, 0x32, 0x14,
    0x38, 0x08, 0x18, 0x4b, 0x0a, 0x32, 0x42, 0x88, 0x48, 0x90, 0x14, 0x20, 0x43, 0x46, 0x88, 0xa5,
    0x00, 0x19, 0x32, 0x42, 0xe4, 0x48, 0x0e, 0x90, 0x11, 0x22, 0xc4, 0x50, 0x41, 0x51, 0x81, 0x8c,
    0xe1, 0x83, 0xe5, 0x8a, 0x04, 0x21, 0x46, 0x06, 0x51, 0x18, 0x00, 0x00, 0x06, 0x00, 0x00, 0x00,
    0x1b, 0x8c, 0xe0, 0xff, 0xff, 0xff, 0xff, 0x07, 0x40, 0x02, 0xa8, 0x0d, 0x84, 0xf0, 0xff, 0xff,
    0xff, 0xff, 0x03, 0x20, 0x01, 0x00, 0x00, 0x00, 0x49, 0x18, 0x00, 0x00, 0x02, 0x00, 0x00, 0x00,
    0x13, 0x82, 0x60, 0x42, 0x20, 0x00, 0x00, 0x00, 0x89, 0x20, 0x00, 0x00, 0x0f, 0x00, 0x00, 0x00,
    0x32, 0x22, 0x08, 0x09, 0x20, 0x64, 0x85, 0x04, 0x13, 0x22, 0xa4, 0x84, 0x04, 0x13, 0x22, 0xe3,
    0x84, 0xa1, 0x90, 0x14, 0x12, 0x4c, 0x88, 0x8c, 0x0b, 0x84, 0x84, 0x4c, 0x10, 0x30, 0x23, 0x00,
    0x25, 0x00, 0x8a, 0x19, 0x80, 0x39, 0x02, 0x30, 0x98, 0x23, 0x40, 0x8a, 0x31, 0x44, 0x54, 0x44,
    0x56, 0x0c, 0x20, 0xa2, 0x1a, 0xc2, 0x81, 0x80, 0x44, 0x20, 0x00, 0x00, 0x13, 0x14, 0x72, 0xc0,
    0x87, 0x74, 0x60, 0x87, 0x36, 0x68, 0x87, 0x79, 0x68, 0x03, 0x72, 0xc0, 0x87, 0x0d, 0xaf, 0x50,
    0x0e, 0x6d, 0xd0, 0x0e, 0x7a, 0x50, 0x0e, 0x6d, 0x00, 0x0f, 0x7a, 0x30, 0x07, 0x72, 0xa0, 0x07,
    0x73, 0x20, 0x07, 0x6d, 0x90, 0x0e, 0x71, 0xa0, 0x07, 0x73, 0x20, 0x07, 0x6d, 0x90, 0x0e, 0x78,
    0xa0, 0x07, 0x73, 0x20, 0x07, 0x6d, 0x90, 0x0e, 0x71, 0x60, 0x07, 0x7a, 0x30, 0x07, 0x72, 0xd0,
    0x06, 0xe9, 0x30, 0x07, 0x72, 0xa0, 0x07, 0x73, 0x20, 0x07, 0x6d, 0x90, 0x0e, 0x76, 0x40, 0x07,
    0x7a, 0x60, 0x07, 0x74, 0xd0, 0x06, 0xe6, 0x10, 0x07, 0x76, 0xa0, 0x07, 0x73, 0x20, 0x07, 0x6d,
    0x60, 0x0e, 0x73, 0x20, 0x07, 0x7a, 0x30, 0x07, 0x72, 0xd0, 0x06, 0xe6, 0x60, 0x07, 0x74, 0xa0,
    0x07, 0x76, 0x40, 0x07, 0x6d, 0xe0, 0x0e, 0x78, 0xa0, 0x07, 0x71, 0x60, 0x07, 0x7a, 0x30, 0x07,
    0x72, 0xa0, 0x07, 0x76, 0x40, 0x07, 0x43, 0x9e, 0x00, 0x00, 0x00, 0x00, 0x00, 0x00, 0x00, 0x00,
    0x00, 0x00, 0x00, 0x86, 0x3c, 0x06, 0x10, 0x00, 0x01, 0x00, 0x00, 0x00, 0x00, 0x00, 0x00, 0x00,
    0x0c, 0x79, 0x10, 0x20, 0x00, 0x04, 0x00, 0x00, 0x00, 0x00, 0x00, 0x00, 0x00, 0xc8, 0x02, 0x01,
    0x0c, 0x00, 0x00, 0x00, 0x32, 0x1e, 0x98, 0x10, 0x19, 0x11, 0x4c, 0x90, 0x8c, 0x09, 0x26, 0x47,
    0xc6, 0x04, 0x43, 0xa2, 0x12, 0x18, 0x01, 0x28, 0x87, 0x62, 0x28, 0x83, 0xf2, 0xa0, 0x2a, 0x89,
    0x11, 0x80, 0x22, 0x28, 0x83, 0x42, 0xa0, 0x1d, 0x0b, 0x31, 0x8c, 0x40, 0x00, 0x00, 0x08, 0x0c,
    0x00, 0x00, 0x00, 0x00, 0x79, 0x18, 0x00, 0x00, 0x4a, 0x00, 0x00, 0x00, 0x1a, 0x03, 0x4c, 0x90,
    0x46, 0x02, 0x13, 0x44, 0x8f, 0x0c, 0x6f, 0xec, 0xed, 0x4d, 0x0c, 0x24, 0xc6, 0xe5, 0xc6, 0x45,
    0x66, 0x06, 0x06, 0xc7, 0x25, 0xc6, 0x06, 0x04, 0xa5, 0x46, 0x86, 0x2c, 0x2c, 0xe6, 0xa6, 0x4c,
    0x26, 0x27, 0x65, 0x43, 0x10, 0x4c, 0x10, 0x88, 0x61, 0x82, 0x40, 0x10, 0x1b, 0x84, 0x81, 0x98,
    0x20, 0x10, 0xc5, 0x06, 0x61, 0x30, 0x28, 0xd8, 0xcd, 0x4d, 0x10, 0x08, 0x63, 0xc3, 0x80, 0x24,
    0xc4, 0x04, 0x61, 0x71, 0x36, 0x04, 0xcb, 0x04, 0x41, 0x00, 0x48, 0xb4, 0x85, 0xa5, 0xb9, 0x11,
    0xa1, 0x2a, 0xc2, 0x1a, 0x7a, 0x7a, 0x92, 0x22, 0x9a, 0x20, 0x14, 0xc9, 0x04, 0xa1, 0x50, 0x36,
    0x04, 0xc4, 0x04, 0xa1, 0x58, 0x26, 0x08, 0xc4, 0xb1, 0x41, 0xa0, 0xa8, 0x0d, 0x0b, 0xf1, 0x40,
    0x91, 0x14, 0x0d, 0x13, 0x11, 0x55, 0x1b, 0x82, 0x61, 0xc3, 0x32, 0x3c, 0x50, 0x74, 0x45, 0xc3,
    0x34, 0x44, 0xd5, 0x06, 0xc1, 0xc2, 0xb8, 0x4c, 0x59, 0x7d, 0x41, 0xbd, 0xcd, 0xa5, 0xd1, 0xa5,
    0xbd, 0xb9, 0x4d, 0x10, 0x0a, 0x66, 0x82, 0x50, 0x34, 0x13, 0x04, 0x02, 0xd9, 0x20, 0x50, 0xdd,
    0x86, 0x85, 0xd0, 0xa0, 0x4d, 0xe2, 0x06, 0x8e, 0x88, 0xbc, 0x0d, 0xcb, 0xf0, 0x40, 0x91, 0x34,
    0x0d, 0xd3, 0x10, 0x55, 0x1b, 0x84, 0x0f, 0x0c, 0x36, 0x0c, 0x59, 0x18, 0x00, 0x1b, 0x8a, 0xc6,
    0x11, 0x03, 0x00, 0xa8, 0xc2, 0xc6, 0x66, 0xd7, 0xe6, 0x92, 0x46, 0x56, 0xe6, 0x46, 0x37, 0x25,
    0x08, 0xaa, 0x90, 0xe1, 0xb9, 0xd8, 0x95, 0xc9, 0xcd, 0xa5, 0xbd, 0xb9, 0x4d, 0x09, 0x88, 0x26,
    0x64, 0x78, 0x2e, 0x76, 0x61, 0x6c, 0x76, 0x65, 0x72, 0x53, 0x02, 0xa3, 0x0e, 0x19, 0x9e, 0xcb,
    0x1c, 0x5a, 0x18, 0x59, 0x99, 0x5c, 0xd3, 0x1b, 0x59, 0x19, 0xdb, 0x94, 0x20, 0xa9, 0x43, 0x86,
    0xe7, 0x62, 0x97, 0x56, 0x76, 0x97, 0x44, 0x36, 0x45, 0x17, 0x46, 0x57, 0x36, 0x25, 0x58, 0xea,
    0x90, 0xe1, 0xb9, 0x94, 0xb9, 0xd1, 0xc9, 0xe5, 0x41, 0xbd, 0xa5, 0xb9, 0xd1, 0xcd, 0x4d, 0x09,
    0xc4, 0x00, 0x00, 0x00, 0x79, 0x18, 0x00, 0x00, 0x4c, 0x00, 0x00, 0x00, 0x33, 0x08, 0x80, 0x1c,
    0xc4, 0xe1, 0x1c, 0x66, 0x14, 0x01, 0x3d, 0x88, 0x43, 0x38, 0x84, 0xc3, 0x8c, 0x42, 0x80, 0x07,
    0x79, 0x78, 0x07, 0x73, 0x98, 0x71, 0x0c, 0xe6, 0x00, 0x0f, 0xed, 0x10, 0x0e, 0xf4, 0x80, 0x0e,
    0x33, 0x0c, 0x42, 0x1e, 0xc2, 0xc1, 0x1d, 0xce, 0xa1, 0x1c, 0x66, 0x30, 0x05, 0x3d, 0x88, 0x43,
    0x38, 0x84, 0x83, 0x1b, 0xcc, 0x03, 0x3d, 0xc8, 0x43, 0x3d, 0x8c, 0x03, 0x3d, 0xcc, 0x78, 0x8c,
    0x74, 0x70, 0x07, 0x7b, 0x08, 0x07, 0x79, 0x48, 0x87, 0x70, 0x70, 0x07, 0x7a, 0x70, 0x03, 0x76,
    0x78, 0x87, 0x70, 0x20, 0x87, 0x19, 0xcc, 0x11, 0x0e, 0xec, 0x90, 0x0e, 0xe1, 0x30, 0x0f, 0x6e,
    0x30, 0x0f, 0xe3, 0xf0, 0x0e, 0xf0, 0x50, 0x0e, 0x33, 0x10, 0xc4, 0x1d, 0xde, 0x21, 0x1c, 0xd8,
    0x21, 0x1d, 0xc2, 0x61, 0x1e, 0x66, 0x30, 0x89, 0x3b, 0xbc, 0x83, 0x3b, 0xd0, 0x43, 0x39, 0xb4,
    0x03, 0x3c, 0xbc, 0x83, 0x3c, 0x84, 0x03, 0x3b, 0xcc, 0xf0, 0x14, 0x76, 0x60, 0x07, 0x7b, 0x68,
    0x07, 0x37, 0x68, 0x87, 0x72, 0x68, 0x07, 0x37, 0x80, 0x87, 0x70, 0x90, 0x87, 0x70, 0x60, 0x07,
    0x76, 0x28, 0x07, 0x76, 0xf8, 0x05, 0x76, 0x78, 0x87, 0x77, 0x80, 0x87, 0x5f, 0x08, 0x87, 0x71,
    0x18, 0x87, 0x72, 0x98, 0x87, 0x79, 0x98, 0x81, 0x2c, 0xee, 0xf0, 0x0e, 0xee, 0xe0, 0x0e, 0xf5,
    0xc0, 0x0e, 0xec, 0x30, 0x03, 0x62, 0xc8, 0xa1, 0x1c, 0xe4, 0xa1, 0x1c, 0xcc, 0xa1, 0x1c, 0xe4,
    0xa1, 0x1c, 0xdc, 0x61, 0x1c, 0xca, 0x21, 0x1c, 0xc4, 0x81, 0x1d, 0xca, 0x61, 0x06, 0xd6, 0x90,
    0x43, 0x39, 0xc8, 0x43, 0x39, 0x98, 0x43, 0x39, 0xc8, 0x43, 0x39, 0xb8, 0xc3, 0x38, 0x94, 0x43,
    0x38, 0x88, 0x03, 0x3b, 0x94, 0xc3, 0x2f, 0xbc, 0x83, 0x3c, 0xfc, 0x82, 0x3b, 0xd4, 0x03, 0x3b,
    0xb0, 0xc3, 0x8c, 0xc8, 0x21, 0x07, 0x7c, 0x70, 0x03, 0x72, 0x10, 0x87, 0x73, 0x70, 0x03, 0x7b,
    0x08, 0x07, 0x79, 0x60, 0x87, 0x70, 0xc8, 0x87, 0x77, 0xa8, 0x07, 0x7a, 0x98, 0x81, 0x3c, 0xe4,
    0x80, 0x0f, 0x6e, 0x40, 0x0f, 0xe5, 0xd0, 0x0e, 0xf0, 0x00, 0x00, 0x00, 0x71, 0x20, 0x00, 0x00,
    0x0b, 0x00, 0x00, 0x00, 0x16, 0x30, 0x0d, 0x97, 0xef, 0x3c, 0xfe, 0xe2, 0x00, 0x83, 0xd8, 0x3c,
    0xd4, 0xe4, 0x17, 0xb7, 0x6d, 0x02, 0xd5, 0x70, 0xf9, 0xce, 0xe3, 0x4b, 0x93, 0x13, 0x11, 0x28,
    0x35, 0x3d, 0xd4, 0xe4, 0x17, 0xb7, 0x6d, 0x00, 0x04, 0x03, 0x20, 0x0d, 0x00, 0x00, 0x00, 0x00,
    0x61, 0x20, 0x00, 0x00, 0x26, 0x00, 0x00, 0x00, 0x13, 0x04, 0x41, 0x2c, 0x10, 0x00, 0x00, 0x00,
    0x05, 0x00, 0x00, 0x00, 0x54, 0x25, 0x40, 0x34, 0x03, 0x50, 0x0a, 0x85, 0x40, 0x33, 0x46, 0x00,
    0x82, 0x20, 0x88, 0x7f, 0x23, 0x00, 0x00, 0x00, 0x23, 0x06, 0x09, 0x00, 0x82, 0x60, 0x60, 0x50,
    0x83, 0x14, 0x2d, 0xc5, 0x88, 0x41, 0x02, 0x80, 0x20, 0x18, 0x18, 0x15, 0x31, 0x49, 0x87, 0x31,
    0x62, 0x90, 0x00, 0x20, 0x08, 0x06, 0x86, 0x55, 0x4c, 0x53, 0x73, 0x8c, 0x18, 0x24, 0x00, 0x08,
    0x82, 0x81, 0x71, 0x19, 0x14, 0x95, 0x20, 0x23, 0x06, 0x09, 0x00, 0x82, 0x60, 0x80, 0x5c, 0x48,
    0x55, 0x3d, 0xc2, 0x88, 0x41, 0x02, 0x80, 0x20, 0x18, 0x20, 0x17, 0x52, 0x55, 0x4a, 0x30, 0x62,
    0x90, 0x00, 0x20, 0x08, 0x06, 0xc8, 0x85, 0x54, 0x95, 0x53, 0x8c, 0x18, 0x24, 0x00, 0x08, 0x82,
    0x01, 0x72, 0x21, 0x55, 0xd5, 0x18, 0x23, 0x06, 0x09, 0x00, 0x82, 0x60, 0x80, 0x5c, 0x88, 0x55,
    0x3d, 0xc4, 0x88, 0x41, 0x02, 0x80, 0x20, 0x18, 0x20, 0x17, 0x62, 0x55, 0xca, 0x80, 0x00, 0x00,
    0x00, 0x00, 0x00, 0x00
};
static const unsigned int game_hud_vertex_dxil_size = 3060;

static const unsigned char game_hud_pixel_dxil[] = {
    0x44, 0x58, 0x42, 0x43, 0x1c, 0xb9, 0x24, 0x44, 0x0c, 0x06, 0x46, 0xfa, 0xd9, 0x1c, 0xfa, 0xea,
    0x77, 0x19, 0x39, 0x4b, 0x01, 0x00, 0x00, 0x00, 0x10, 0x12, 0x00, 0x00, 0x07, 0x00, 0x00, 0x00,
    0x3c, 0x00, 0x00, 0x00, 0x4c, 0x00, 0x00, 0x00, 0xb4, 0x00, 0x00, 0x00, 0xf0, 0x00, 0x00, 0x00,
    0xe8, 0x01, 0x00, 0x00, 0xa4, 0x09, 0x00, 0x00, 0xc0, 0x09, 0x00, 0x00, 0x53, 0x46, 0x49, 0x30,
    0x08, 0x00, 0x00, 0x00, 0x00, 0x00, 0x00, 0x00, 0x00, 0x00, 0x00, 0x00, 0x49, 0x53, 0x47, 0x31,
    0x60, 0x00, 0x00, 0x00, 0x02, 0x00, 0x00, 0x00, 0x08, 0x00, 0x00, 0x00, 0x00, 0x00, 0x00, 0x00,
    0x48, 0x00, 0x00, 0x00, 0x00, 0x00, 0x00, 0x00, 0x01, 0x00, 0x00, 0x00, 0x03, 0x00, 0x00, 0x00,
    0x00, 0x00, 0x00, 0x00, 0x0f, 0x00, 0x00, 0x00, 0x00, 0x00, 0x00, 0x00, 0x00, 0x00, 0x00, 0x00,
    0x54, 0x00, 0x00, 0x00, 0x00, 0x00, 0x00, 0x00, 0x00, 0x00, 0x00, 0x00, 0x03, 0x00, 0x00, 0x00,
    0x01, 0x00, 0x00, 0x00, 0x03, 0x03, 0x00, 0x00, 0x00, 0x00, 0x00, 0x00, 0x53, 0x56, 0x5f, 0x50,
    0x6f, 0x73, 0x69, 0x74, 0x69, 0x6f, 0x6e, 0x00, 0x54, 0x45, 0x58, 0x43, 0x4f, 0x4f, 0x52, 0x44,
    0x00, 0x00, 0x00, 0x00, 0x4f, 0x53, 0x47, 0x31, 0x34, 0x00, 0x00, 0x00, 0x01, 0x00, 0x00, 0x00,
    0x08, 0x00, 0x00, 0x00, 0x00, 0x00, 0x00, 0x00, 0x28, 0x00, 0x00, 0x00, 0x00, 0x00, 0x00, 0x00,
    0x40, 0x00, 0x00, 0x00, 0x03, 0x00, 0x00, 0x00, 0x00, 0x00, 0x00, 0x00, 0x0f, 0x00, 0x00, 0x00,
    0x00, 0x00, 0x00, 0x00, 0x53, 0x56, 0x5f, 0x54, 0x61, 0x72, 0x67, 0x65, 0x74, 0x00, 0x00, 0x00,
    0x50, 0x53, 0x56, 0x30, 0xf0, 0x00, 0x00, 0x00, 0x30, 0x00, 0x00, 0x00, 0x00, 0x00, 0x00, 0x00,
    0x00, 0x00, 0x00, 0x00, 0x00, 0x00, 0x00, 0x00, 0x00, 0x00, 0x00, 0x00, 0x00, 0x00, 0x00, 0x00,
    0xff, 0xff, 0xff, 0xff, 0x00, 0x00, 0x00, 0x00, 0x02, 0x01, 0x00, 0x02, 0x01, 0x00, 0x00, 0x00,
    0x00, 0x00, 0x00, 0x00, 0x00, 0x00, 0x00, 0x00, 0x00, 0x00, 0x00, 0x00, 0x03, 0x00, 0x00, 0x00,
    0x18, 0x00, 0x00, 0x00, 0x02, 0x00, 0x00, 0x00, 0x03, 0x00, 0x00, 0x00, 0x00, 0x00, 0x00, 0x00,
    0x00, 0x00, 0x00, 0x00, 0x0d, 0x00, 0x00, 0x00, 0x00, 0x00, 0x00, 0x00, 0x01, 0x00, 0x00, 0x00,
    0x02, 0x00, 0x00, 0x00, 0x00, 0x00, 0x00, 0x00, 0x00, 0x00, 0x00, 0x00, 0x0e, 0x00, 0x00, 0x00,
    0x00, 0x00, 0x00, 0x00, 0x03, 0x00, 0x00, 0x00, 0x02, 0x00, 0x00, 0x00, 0x00, 0x00, 0x00, 0x00,
    0x00, 0x00, 0x00, 0x00, 0x02, 0x00, 0x00, 0x00, 0x00, 0x00, 0x00, 0x00, 0x0c, 0x00, 0x00, 0x00,
    0x00, 0x54, 0x45, 0x58, 0x43, 0x4f, 0x4f, 0x52, 0x44, 0x00, 0x00, 0x00, 0x01, 0x00, 0x00, 0x00,
    0x00, 0x00, 0x00, 0x00, 0x10, 0x00, 0x00, 0x00, 0x00, 0x00, 0x00, 0x00, 0x00, 0x00, 0x00, 0x00,
    0x01, 0x00, 0x44, 0x03, 0x03, 0x04, 0x00, 0x00, 0x01, 0x00, 0x00, 0x00, 0x00, 0x00, 0x00, 0x00,
    0x01, 0x01, 0x42, 0x00, 0x03, 0x02, 0x00, 0x00, 0x00, 0x00, 0x00, 0x00, 0x00, 0x00, 0x00, 0x00,
    0x01, 0x00, 0x44, 0x10, 0x03, 0x00, 0x00, 0x00, 0x00, 0x00, 0x00, 0x00, 0x00, 0x00, 0x00, 0x00,
    0x00, 0x00, 0x00, 0x00, 0x00, 0x00, 0x00, 0x00, 0x0f, 0x00, 0x00, 0x00, 0x0f, 0x00, 0x00, 0x00,
    0x00, 0x00, 0x00, 0x00, 0x00, 0x00, 0x00, 0x00, 0x53, 0x54, 0x41, 0x54, 0xb4, 0x07, 0x00, 0x00,
    0x60, 0x00, 0x00, 0x00, 0xed, 0x01, 0x00, 0x00, 0x44, 0x58, 0x49, 0x4c, 0x00, 0x01, 0x00, 0x00,
    0x10, 0x00, 0x00, 0x00, 0x9c, 0x07, 0x00, 0x00, 0x42, 0x43, 0xc0, 0xde, 0x21, 0x0c, 0x00, 0x00,
    0xe4, 0x01, 0x00, 0x00, 0x0b, 0x82, 0x20, 0x00, 0x02, 0x00, 0x00, 0x00, 0x13, 0x00, 0x00, 0x00,
    0x07, 0x81, 0x23, 0x91, 0x41, 0xc8, 0x04, 0x49, 0x06, 0x10, 0x32, 0x39, 0x92, 0x01, 0x84, 0x0c,
    0x25, 0x05, 0x08, 0x19, 0x1e, 0x04, 0x8b, 0x62, 0x80, 0x18, 0x45, 0x02, 0x42, 0x92, 0x0b, 0x42,
    0xc4, 0x10, 0x32, 0x14, 0x38, 0x08, 0x18, 0x4b, 0x0a, 0x32, 0x62, 0x88, 0x48, 0x90, 0x14, 0x20,
    0x43, 0x46, 0x88, 0xa5, 0x00, 0x19, 0x32, 0x42, 0xe4, 0x48, 0x0e, 0x90, 0x11, 0x23, 0xc4, 0x50,
    0x41, 0x51, 0x81, 0x8c, 0xe1, 0x83, 0xe5, 0x8a, 0x04, 0x31, 0x46, 0x06, 0x51, 0x18, 0x00, 0x00,
    0x08, 0x00, 0x00, 0x00, 0x1b, 0x8c, 0xe0, 0xff, 0xff, 0xff, 0xff, 0x07, 0x40, 0x02, 0xa8, 0x0d,
    0x84, 0xf0, 0xff, 0xff, 0xff, 0xff, 0x03, 0x20, 0x6d, 0x30, 0x86, 0xff, 0xff, 0xff, 0xff, 0x1f,
    0x00, 0x09, 0xa8, 0x00, 0x49, 0x18, 0x00, 0x00, 0x03, 0x00, 0x00, 0x00, 0x13, 0x82, 0x60, 0x42,
    0x20, 0x4c, 0x08, 0x06, 0x00, 0x00, 0x00, 0x00, 0x89, 0x20, 0x00, 0x00, 0x55, 0x00, 0x00, 0x00,
    0x32, 0x22, 0x88, 0x09, 0x20, 0x64, 0x85, 0x04, 0x13, 0x23, 0xa4, 0x84, 0x04, 0x13, 0x23, 0xe3,
    0x84, 0xa1, 0x90, 0x14, 0x12, 0x4c, 0x8c, 0x8c, 0x0b, 0x84, 0xc4, 0x4c, 0x10, 0x98, 0xc1, 0x08,
    0x40, 0x09, 0x00, 0x0a, 0x66, 0x00, 0xe6, 0x08, 0xc0, 0x60, 0x8e, 0x00, 0x29, 0xc6, 0x40, 0x10,
    0x44, 0x41, 0x90, 0x51, 0x0c, 0x80, 0x20, 0x88, 0x62, 0x20, 0x64, 0x8e, 0x20, 0x28, 0x03, 0x40,
    0x28, 0xb4, 0x14, 0x63, 0x20, 0x86, 0x61, 0x18, 0xa8, 0x29, 0xc3, 0x40, 0x0c, 0xf4, 0xdc, 0x34,
    0x5c, 0xfe, 0x84, 0x3d, 0x84, 0xe4, 0xaf, 0x84, 0xb4, 0x12, 0x93, 0x5f, 0xdc, 0x36, 0x2a, 0x86,
    0x61, 0x18, 0x08, 0x2a, 0xee, 0x19, 0x2e, 0x7f, 0xc2, 0x1e, 0x42, 0xf2, 0x43, 0xa0, 0x19, 0x16,
    0x02, 0x05, 0x52, 0x61, 0x22, 0x62, 0x9a, 0x86, 0x61, 0x18, 0x08, 0x82, 0x18, 0x88, 0x3a, 0x6a,
    0xb8, 0xfc, 0x09, 0x7b, 0x08, 0xc9, 0xe7, 0x36, 0xaa, 0x58, 0x89, 0xc9, 0x2f, 0x6e, 0x1b, 0x11,
    0xc3, 0x30, 0x0c, 0x85, 0xb0, 0x88, 0x89, 0xa0, 0xab, 0x18, 0x13, 0x51, 0x10, 0x84, 0x42, 0xd9,
    0x40, 0xc0, 0x30, 0x02, 0x31, 0xcc, 0xd4, 0x06, 0xe3, 0xc0, 0x0e, 0xe1, 0x30, 0x0f, 0xf3, 0xe0,
    0x06, 0xb4, 0x50, 0x0e, 0xf8, 0x40, 0x0f, 0xf5, 0x20, 0x0f, 0xe5, 0x20, 0x07, 0xa4, 0xc0, 0x07,
    0xf6, 0x50, 0x0e, 0xe3, 0x40, 0x0f, 0xef, 0x20, 0x0f, 0x7c, 0x60, 0x0e, 0xec, 0xf0, 0x0e, 0xe1,
    0x40, 0x0f, 0x6c, 0x00, 0x06, 0x74, 0xe0, 0x07, 0x60, 0xe0, 0x07, 0x7a, 0xa0, 0x07, 0xed, 0x90,
    0x0e, 0xf0, 0x30, 0x0f, 0xbf, 0x40, 0x0f, 0xf9, 0x00, 0x0f, 0xe5, 0x80, 0x02, 0x62, 0x26, 0x31,
    0x18, 0x07, 0x76, 0x08, 0x87, 0x79, 0x98, 0x07, 0x37, 0xa0, 0x85, 0x72, 0xc0, 0x07, 0x7a, 0xa8,
    0x07, 0x79, 0x28, 0x07, 0x39, 0x20, 0x05, 0x3e, 0xb0, 0x87, 0x72, 0x18, 0x07, 0x7a, 0x78, 0x07,
    0x79, 0xe0, 0x03, 0x73, 0x60, 0x87, 0x77, 0x08, 0x07, 0x7a, 0x60, 0x03, 0x30, 0xa0, 0x03, 0x3f,
    0x00, 0x03, 0x3f, 0x40, 0x02, 0xd7, 0x91, 0x37, 0x8c, 0x30, 0x0c, 0x07, 0x85, 0x6e, 0x97, 0x22,
    0x17, 0xb1, 0xb8, 0x0d, 0x52, 0x38, 0x11, 0x23, 0x21, 0x61, 0x00, 0x29, 0xbc, 0x49, 0x9a, 0x22,
    0x4a, 0x98, 0x7c, 0x16, 0x60, 0x9e, 0x85, 0x88, 0xd8, 0x09, 0x98, 0x08, 0x14, 0x10, 0x34, 0x26,
    0x02, 0x01, 0x00, 0x00, 0x13, 0x14, 0x72, 0xc0, 0x87, 0x74, 0x60, 0x87, 0x36, 0x68, 0x87, 0x79,
    0x68, 0x03, 0x72, 0xc0, 0x87, 0x0d, 0xaf, 0x50, 0x0e, 0x6d, 0xd0, 0x0e, 0x7a, 0x50, 0x0e, 0x6d,
    0x00, 0x0f, 0x7a, 0x30, 0x07, 0x72, 0xa0, 0x07, 0x73, 0x20, 0x07, 0x6d, 0x90, 0x0e, 0x71, 0xa0,
    0x07, 0x73, 0x20, 0x07, 0x6d, 0x90, 0x0e, 0x78, 0xa0, 0x07, 0x73, 0x20, 0x07, 0x6d, 0x90, 0x0e,
    0x71, 0x60, 0x07, 0x7a, 0x30, 0x07, 0x72, 0xd0, 0x06, 0xe9, 0x30, 0x07, 0x72, 0xa0, 0x07, 0x73,
    0x20, 0x07, 0x6d, 0x90, 0x0e, 0x76, 0x40, 0x07, 0x7a, 0x60, 0x07, 0x74, 0xd0, 0x06, 0xe6, 0x10,
    0x07, 0x76, 0xa0, 0x07, 0x73, 0x20, 0x07, 0x6d, 0x60, 0x0e, 0x73, 0x20, 0x07, 0x7a, 0x30, 0x07,
    0x72, 0xd0, 0x06, 0xe6, 0x60, 0x07, 0x74, 0xa0, 0x07, 0x76, 0x40, 0x07, 0x6d, 0xe0, 0x0e, 0x78,
    0xa0, 0x07, 0x71, 0x60, 0x07, 0x7a, 0x30, 0x07, 0x72, 0xa0, 0x07, 0x76, 0x40, 0x07, 0x43, 0x9e,
    0x00, 0x08, 0x00, 0x00, 0x00, 0x00, 0x00, 0x00, 0x00, 0x00, 0x00, 0x86, 0x3c, 0x06, 0x10, 0x00,
    0x01, 0x00, 0x00, 0x00, 0x00, 0x00, 0x00, 0x00, 0x0c, 0x79, 0x10, 0x20, 0x00, 0x04, 0x00, 0x00,
    0x00, 0x00, 0x00, 0x00, 0x00, 0x18, 0xf2, 0x2c, 0x40, 0x00, 0x08, 0x00, 0x00, 0x00, 0x00, 0x00,
    0x00, 0x00, 0x30, 0xe4, 0x69, 0x80, 0x00, 0x08, 0x00, 0x00, 0x00, 0x00, 0x00, 0x00, 0x00, 0x60,
    0xc8, 0xf3, 0x00, 0x01, 0x10, 0x00, 0x00, 0x00, 0x00, 0x00, 0x00, 0x00, 0xc0, 0x90, 0x87, 0x02,
    0x02, 0x60, 0x00, 0x00, 0x00, 0x00, 0x00, 0x00, 0x00, 0x80, 0x21, 0xcf, 0x05, 0x04, 0xc0, 0x00,
    0x00, 0x00, 0x00, 0x00, 0x00, 0x00, 0x00, 0x43, 0x9e, 0x0c, 0x08, 0x80, 0x01, 0x00, 0x00, 0x00,
    0x00, 0x00, 0x00, 0x00, 0xb2, 0x40, 0x00, 0x00, 0x12, 0x00, 0x00, 0x00, 0x32, 0x1e, 0x98, 0x18,
    0x19, 0x11, 0x4c, 0x90, 0x8c, 0x09, 0x26, 0x47, 0xc6, 0x04, 0x43, 0x22, 0x4a, 0x60, 0x04, 0xa0,
    0x18, 0x8a, 0xa0, 0x24, 0xca, 0xa0, 0x40, 0xca, 0xa1, 0x10, 0xca, 0xa3, 0x34, 0xca, 0x89, 0x8a,
    0x92, 0x28, 0x83, 0x42, 0x18, 0x01, 0x28, 0x82, 0x02, 0x21, 0xa5, 0x06, 0xe8, 0x9b, 0x01, 0xa0,
    0x70, 0x06, 0x80, 0xc4, 0x19, 0x00, 0x22, 0x67, 0x00, 0xa8, 0x1c, 0x0b, 0x31, 0x08, 0x00, 0x00,
    0x80, 0xe7, 0x01, 0x00, 0x79, 0x18, 0x00, 0x00, 0x9b, 0x00, 0x00, 0x00, 0x1a, 0x03, 0x4c, 0x90,
    0x46, 0x02, 0x13, 0x44, 0x8f, 0x0c, 0x6f, 0xec, 0xed, 0x4d, 0x0c, 0x24, 0xc6, 0xe5, 0xc6, 0x45,
    0x66, 0x06, 0x06, 0xc7, 0x25, 0xc6, 0x06, 0x04, 0xa5, 0x46, 0x86, 0x2c, 0x2c, 0xe6, 0xa6, 0x4c,
    0x26, 0x27, 0x65, 0x43, 0x10, 0x4c, 0x10, 0x88, 0x64, 0x82, 0x40, 0x28, 0x1b, 0x84, 0x81, 0xd8,
    0x20, 0x10, 0x04, 0x05, 0xb8, 0xb9, 0x09, 0x02, 0xb1, 0x6c, 0x18, 0x0e, 0x84, 0x98, 0x20, 0x7c,
    0x1c, 0x15, 0xb4, 0x3a, 0x32, 0xaa, 0x32, 0x3c, 0xba, 0x3a, 0xb9, 0xb2, 0x09, 0x02, 0xc1, 0x4c,
    0x10, 0x88, 0x66, 0x83, 0x40, 0x34, 0x1b, 0x12, 0x42, 0x59, 0x18, 0x62, 0x60, 0x08, 0x67, 0x43,
    0xf0, 0x4c, 0x10, 0xc4, 0xc0, 0x23, 0x84, 0x54, 0x45, 0x04, 0x95, 0x86, 0x57, 0xc6, 0x56, 0xe5,
    0x96, 0x66, 0xf6, 0x26, 0xd7, 0x36, 0x37, 0x41, 0x20, 0x9c, 0x09, 0x02, 0xf1, 0x6c, 0x40, 0x88,
    0x48, 0x9a, 0x88, 0x81, 0x02, 0x36, 0x04, 0xd5, 0x04, 0x81, 0x0c, 0x3e, 0x2a, 0x68, 0x75, 0x64,
    0x53, 0x61, 0x6d, 0x70, 0x6c, 0x65, 0x72, 0x1b, 0x10, 0xe2, 0xc2, 0x18, 0x62, 0x20, 0x80, 0x0d,
    0x41, 0xb6, 0x81, 0x80, 0x00, 0x4b, 0x9b, 0x20, 0x84, 0x41, 0xc7, 0xc5, 0x2e, 0xed, 0x6c, 0x8a,
    0x4e, 0xae, 0xcc, 0xed, 0x8c, 0x0e, 0x6d, 0x82, 0x40, 0x40, 0x13, 0x04, 0x65, 0xdb, 0x80, 0x20,
    0xdd, 0x44, 0x78, 0x4d, 0xf3, 0x91, 0xf8, 0x82, 0x0b, 0x23, 0x9b, 0x20, 0x10, 0xd1, 0x06, 0x03,
    0x09, 0x83, 0x49, 0x0c, 0xbc, 0x66, 0xc3, 0x40, 0x81, 0xc1, 0x18, 0x6c, 0x18, 0x08, 0x8e, 0x0c,
    0x26, 0x08, 0x02, 0xb0, 0x01, 0xd8, 0x30, 0x10, 0x67, 0x70, 0x06, 0x1b, 0x02, 0x34, 0xd8, 0x30,
    0x0c, 0x66, 0x90, 0x06, 0x13, 0x84, 0x32, 0x00, 0x83, 0x0d, 0xc1, 0x1a, 0x90, 0x68, 0x0b, 0x4b,
    0x73, 0xe3, 0x32, 0x65, 0xf5, 0x05, 0xf5, 0x36, 0x97, 0x46, 0x97, 0xf6, 0xe6, 0x36, 0x41, 0x28,
    0xaa, 0x09, 0x42, 0x61, 0x6d, 0x08, 0x88, 0x09, 0x42, 0x71, 0x4d, 0x10, 0x0a, 0x6c, 0xc3, 0x42,
    0xb8, 0xc1, 0x1b, 0xc0, 0x41, 0x1c, 0xc8, 0xc1, 0x20, 0x07, 0xc4, 0x1c, 0x00, 0x44, 0xa8, 0x8a,
    0xb0, 0x86, 0x9e, 0x9e, 0xa4, 0x88, 0x26, 0x08, 0x45, 0xb6, 0x41, 0x98, 0xa6, 0x0d, 0xcb, 0x50,
    0x07, 0x6f, 0x30, 0x07, 0x71, 0x60, 0x07, 0x83, 0x1d, 0x0c, 0x73, 0x70, 0x07, 0x1b, 0x04, 0x3a,
    0xc0, 0x03, 0x26, 0x53, 0x56, 0x5f, 0x54, 0x61, 0x72, 0x67, 0x65, 0x74, 0x13, 0x84, 0x42, 0x9b,
    0x20, 0x10, 0xd2, 0x06, 0x61, 0xe2, 0x83, 0x0d, 0x0b, 0xa1, 0x07, 0x6f, 0xb0, 0x07, 0x71, 0x30,
    0x07, 0x83, 0x1c, 0x10, 0x73, 0xd0, 0x07, 0x1b, 0x02, 0x3f, 0xd8, 0x30, 0xe4, 0xc1, 0x1f, 0x00,
    0x1b, 0x0a, 0x33, 0x68, 0x03, 0x50, 0xd8, 0x00, 0x22, 0x62, 0x72, 0x61, 0x6e, 0x63, 0x68, 0x65,
    0x73, 0x34, 0xcc, 0xd8, 0xde, 0xc2, 0xe8, 0xe6, 0x26, 0x08, 0xc4, 0xc4, 0x22, 0xcd, 0x6d, 0x8e,
    0x6e, 0x6e, 0x82, 0x40, 0x50, 0x34, 0xe6, 0xd2, 0xce, 0xbe, 0xd8, 0xc8, 0x68, 0xcc, 0xa5, 0x9d,
    0x7d, 0xcd, 0xd1, 0x11, 0xa1, 0x2b, 0xc3, 0xfb, 0x72, 0x7b, 0x93, 0x6b, 0xdb, 0xc0, 0x88, 0x02,
    0x33, 0x0a, 0xa4, 0x50, 0x0a, 0xa6, 0x70, 0x0a, 0x0c, 0x2a, 0x88, 0x41, 0x2a, 0x0c, 0x55, 0xd8,
    0xd8, 0xec, 0xda, 0x5c, 0xd2, 0xc8, 0xca, 0xdc, 0xe8, 0xa6, 0x04, 0x41, 0x15, 0x32, 0x3c, 0x17,
    0xbb, 0x32, 0xb9, 0xb9, 0xb4, 0x37, 0xb7, 0x29, 0x01, 0xd1, 0x84, 0x0c, 0xcf, 0xc5, 0x2e, 0x8c,
    0xcd, 0xae, 0x4c, 0x6e, 0x4a, 0x50, 0xd4, 0x21, 0xc3, 0x73, 0x99, 0x43, 0x0b, 0x23, 0x2b, 0x93,
    0x6b, 0x7a, 0x23, 0x2b, 0x63, 0x9b, 0x12, 0x20, 0x65, 0xc8, 0xf0, 0x5c, 0xe4, 0xca, 0xe6, 0xde,
    0xea, 0xe4, 0xc6, 0xca, 0xe6, 0xa6, 0x04, 0x5a, 0x25, 0x32, 0x3c, 0x17, 0xba, 0x3c, 0xb8, 0xb2,
    0x20, 0x37, 0xb7, 0x37, 0xba, 0x30, 0xba, 0xb4, 0x37, 0xb7, 0xb9, 0x29, 0x02, 0x19, 0xa4, 0x41,
    0x1d, 0x32, 0x3c, 0x17, 0xbb, 0xb4, 0xb2, 0xbb, 0x24, 0xb2, 0x29, 0xba, 0x30, 0xba, 0xb2, 0x29,
    0xc1, 0x1a, 0xd4, 0x21, 0xc3, 0x73, 0x29, 0x73, 0xa3, 0x93, 0xcb, 0x83, 0x7a, 0x4b, 0x73, 0xa3,
    0x9b, 0x9b, 0x12, 0x80, 0x42, 0x17, 0x32, 0x3c, 0x97, 0xb1, 0xb7, 0x3a, 0x37, 0xba, 0x32, 0xb9,
    0xb9, 0x29, 0x41, 0x2a, 0x00, 0x00, 0x00, 0x00, 0x79, 0x18, 0x00, 0x00, 0x51, 0x00, 0x00, 0x00,
    0x33, 0x08, 0x80, 0x1c, 0xc4, 0xe1, 0x1c, 0x66, 0x14, 0x01, 0x3d, 0x88, 0x43, 0x38, 0x84, 0xc3,
    0x8c, 0x42, 0x80, 0x07, 0x79, 0x78, 0x07, 0x73, 0x98, 0x71, 0x0c, 0xe6, 0x00, 0x0f, 0xed, 0x10,
    0x0e, 0xf4, 0x80, 0x0e, 0x33, 0x0c, 0x42, 0x1e, 0xc2, 0xc1, 0x1d, 0xce, 0xa1, 0x1c, 0x66, 0x30,
    0x05, 0x3d, 0x88, 0x43, 0x38, 0x84, 0x83, 0x1b, 0xcc, 0x03, 0x3d, 0xc8, 0x43, 0x3d, 0x8c, 0x03,
    0x3d, 0xcc, 0x78, 0x8c, 0x74, 0x70, 0x07, 0x7b, 0x08, 0x07, 0x79, 0x48, 0x87, 0x70, 0x70, 0x07,
    0x7a, 0x70, 0x03, 0x76, 0x78, 0x87, 0x70, 0x20, 0x87, 0x19, 0xcc, 0x11, 0x0e, 0xec, 0x90, 0x0e,
    0xe1, 0x30, 0x0f, 0x6e, 0x30, 0x0f, 0xe3, 0xf0, 0x0e, 0xf0, 0x50, 0x0e, 0x33, 0x10, 0xc4, 0x1d,
    0xde, 0x21, 0x1c, 0xd8, 0x21, 0x1d, 0xc2, 0x61, 0x1e, 0x66, 0x30, 0x89, 0x3b, 0xbc, 0x83, 0x3b,
    0xd0, 0x43, 0x39, 0xb4, 0x03, 0x3c, 0xbc, 0x83, 0x3c, 0x84, 0x03, 0x3b, 0xcc, 0xf0, 0x14, 0x76,
    0x60, 0x07, 0x7b, 0x68, 0x07, 0x37, 0x68, 0x87, 0x72, 0x68, 0x07, 0x37, 0x80, 0x87, 0x70, 0x90,
    0x87, 0x70, 0x60, 0x07, 0x76, 0x28, 0x07, 0x76, 0xf8, 0x05, 0x76, 0x78, 0x87, 0x77, 0x80, 0x87,
    0x5f, 0x08, 0x87, 0x71, 0x18, 0x87, 0x72, 0x98, 0x87, 0x79, 0x98, 0x81, 0x2c, 0xee, 0xf0, 0x0e,
    0xee, 0xe0, 0x0e, 0xf5, 0xc0, 0x0e, 0xec, 0x30, 0x03, 0x62, 0xc8, 0xa1, 0x1c, 0xe4, 0xa1, 0x1c,
    0xcc, 0xa1, 0x1c, 0xe4, 0xa1, 0x1c, 0xdc, 0x61, 0x1c, 0xca, 0x21, 0x1c, 0xc4, 0x81, 0x1d, 0xca,
    0x61, 0x06, 0xd6, 0x90, 0x43, 0x39, 0xc8, 0x43, 0x39, 0x98, 0x43, 0x39, 0xc8, 0x43, 0x39, 0xb8,
    0xc3, 0x38, 0x94, 0x43, 0x38, 0x88, 0x03, 0x3b, 0x94, 0xc3, 0x2f, 0xbc, 0x83, 0x3c, 0xfc, 0x82,
    0x3b, 0xd4, 0x03, 0x3b, 0xb0, 0xc3, 0x0c, 0xc4, 0x21, 0x07, 0x7c, 0x70, 0x03, 0x7a, 0x28, 0x87,
    0x76, 0x80, 0x87, 0x19, 0xd1, 0x43, 0x0e, 0xf8, 0xe0, 0x06, 0xe4, 0x20, 0x0e, 0xe7, 0xe0, 0x06,
    0xf6, 0x10, 0x0e, 0xf2, 0xc0, 0x0e, 0xe1, 0x90, 0x0f, 0xef, 0x50, 0x0f, 0xf4, 0x30, 0x83, 0x81,
    0xc8, 0x01, 0x1f, 0xdc, 0x40, 0x1c, 0xe4, 0xa1, 0x1c, 0xc2, 0x61, 0x1d, 0xdc, 0x40, 0x1c, 0xe4,
    0x01, 0x00, 0x00, 0x00, 0x71, 0x20, 0x00, 0x00, 0x21, 0x00, 0x00, 0x00, 0x76, 0xb0, 0x0d, 0x97,
    0xef, 0x3c, 0xbe, 0x10, 0x50, 0x45, 0x41, 0x44, 0xa5, 0x03, 0x0c, 0x25, 0x61, 0x00, 0x02, 0xe6,
    0x17, 0xb7, 0x6d, 0x08, 0xd2, 0x70, 0xf9, 0xce, 0xe3, 0x0b, 0x11, 0x01, 0x4c, 0x44, 0x08, 0x34,
    0xc3, 0x42, 0xd8, 0x40, 0x33, 0x5c, 0xbe, 0xf3, 0xf8, 0x03, 0x22, 0x09, 0x40, 0x34, 0x18, 0x81,
    0x33, 0x5c, 0xbe, 0xf3, 0xf8, 0x83, 0x33, 0xd9, 0x7e, 0x71, 0xdb, 0x16, 0x30, 0x0d, 0x97, 0xef,
    0x3c, 0xfe, 0xe2, 0x00, 0x83, 0xd8, 0x3c, 0xd4, 0xe4, 0x17, 0xb7, 0x6d, 0x06, 0xd0, 0x70, 0xf9,
    0xce, 0xe3, 0x4b, 0x00, 0xf3, 0x2c, 0x84, 0x5f, 0xdc, 0xb6, 0x09, 0x54, 0xc3, 0xe5, 0x3b, 0x8f,
    0x2f, 0x4d, 0x4e, 0x44, 0xa0, 0xd4, 0xf4, 0x50, 0x93, 0x5f, 0xdc, 0xb6, 0x15, 0x3c, 0xc3, 0xe5,
    0x3b, 0x8f, 0x4f, 0x35, 0x40, 0x84, 0xf9, 0xc5, 0x6d, 0x1b, 0x00, 0xc1, 0x00, 0x48, 0x03, 0x00,
    0x00, 0x00, 0x00, 0x00, 0x48, 0x41, 0x53, 0x48, 0x14, 0x00, 0x00, 0x00, 0x00, 0x00, 0x00, 0x00,
    0xe0, 0xfe, 0x47, 0xc6, 0x9b, 0x2b, 0xe4, 0xec, 0x64, 0x39, 0x04, 0x68, 0x5b, 0x83, 0x66, 0x78,
    0x44, 0x58, 0x49, 0x4c, 0x48, 0x08, 0x00, 0x00, 0x60, 0x00, 0x00, 0x00, 0x12, 0x02, 0x00, 0x00,
    0x44, 0x58, 0x49, 0x4c, 0x00, 0x01, 0x00, 0x00, 0x10, 0x00, 0x00, 0x00, 0x30, 0x08, 0x00, 0x00,
    0x42, 0x43, 0xc0, 0xde, 0x21, 0x0c, 0x00, 0x00, 0x09, 0x02, 0x00, 0x00, 0x0b, 0x82, 0x20, 0x00,
    0x02, 0x00, 0x00, 0x00, 0x13, 0x00, 0x00, 0x00, 0x07, 0x81, 0x23, 0x91, 0x41, 0xc8, 0x04, 0x49,
    0x06, 0x10, 0x32, 0x39, 0x92, 0x01, 0x84, 0x0c, 0x25, 0x05, 0x08, 0x19, 0x1e, 0x04, 0x8b, 0x62,
    0x80, 0x18, 0x45, 0x02, 0x42, 0x92, 0x0b, 0x42, 0xc4, 0x10, 0x32, 0x14, 0x38, 0x08, 0x18, 0x4b,
    0x0a, 0x32, 0x62, 0x88, 0x48, 0x90, 0x14, 0x20, 0x43, 0x46, 0x88, 0xa5, 0x00, 0x19, 0x32, 0x42,
    0xe4, 0x48, 0x0e, 0x90, 0x11, 0x23, 0xc4, 0x50, 0x41, 0x51, 0x81, 0x8c, 0xe1, 0x83, 0xe5, 0x8a,
    0x04, 0x31, 0x46, 0x06, 0x51, 0x18, 0x00, 0x00, 0x08, 0x00, 0x00, 0x00, 0x1b, 0x8c, 0xe0, 0xff,
    0xff, 0xff, 0xff, 0x07, 0x40, 0x02, 0xa8, 0x0d, 0x84, 0xf0, 0xff, 0xff, 0xff, 0xff, 0x03, 0x20,
    0x6d, 0x30, 0x86, 0xff, 0xff, 0xff, 0xff, 0x1f, 0x00, 0x09, 0xa8, 0x00, 0x49, 0x18, 0x00, 0x00,
    0x03, 0x00, 0x00, 0x00, 0x13, 0x82, 0x60, 0x42, 0x20, 0x4c, 0x08, 0x06, 0x00, 0x00, 0x00, 0x00,
    0x89, 0x20, 0x00, 0x00, 0x55, 0x00, 0x00, 0x00, 0x32, 0x22, 0x88, 0x09, 0x20, 0x64, 0x85, 0x04,
    0x13, 0x23, 0xa4, 0x84, 0x04, 0x13, 0x23, 0xe3, 0x84, 0xa1, 0x90, 0x14, 0x12, 0x4c, 0x8c, 0x8c,
    0x0b, 0x84, 0xc4, 0x4c, 0x10, 0x9c, 0xc1, 0x08, 0x40, 0x09, 0x00, 0x0a, 0x66, 0x00, 0xe6, 0x08,
    0xc0, 0x60, 0x8e, 0x00, 0x29, 0xc6, 0x40, 0x10, 0x44, 0x41, 0x90, 0x51, 0x0c, 0x80, 0x20, 0x88,
    0x62, 0x20, 0x64, 0x8e, 0x20, 0x28, 0x03, 0x40, 0x28, 0xb4, 0x14, 0x63, 0x20, 0x86, 0x61, 0x18,
    0xa8, 0x29, 0xc3, 0x40, 0x0c, 0xf4, 0xdc, 0x34, 0x5c, 0xfe, 0x84, 0x3d, 0x84, 0xe4, 0xaf, 0x84,
    0xb4, 0x12, 0x93, 0x5f, 0xdc, 0x36, 0x2a, 0x86, 0x61, 0x18, 0x08, 0x2a, 0xee, 0x19, 0x2e, 0x7f,
    0xc2, 0x1e, 0x42, 0xf2, 0x43, 0xa0, 0x19, 0x16, 0x02, 0x05, 0x52, 0x61, 0x22, 0x62, 0x9a, 0x86,
    0x61, 0x18, 0x08, 0x82, 0x18, 0x88, 0x3a, 0x6a, 0xb8, 0xfc, 0x09, 0x7b, 0x08, 0xc9, 0xe7, 0x36,
    0xaa, 0x58, 0x89, 0xc9, 0x2f, 0x6e, 0x1b, 0x11, 0xc3, 0x30, 0x0c, 0x85, 0xb0, 0x88, 0x89, 0xa0,
    0xab, 0x18, 0x13, 0x51, 0x10, 0x84, 0x42, 0xd9, 0x40, 0xc0, 0x30, 0x02, 0x31, 0xcc, 0xd4, 0x06,
    0xe3, 0xc0, 0x0e, 0xe1, 0x30, 0x0f, 0xf3, 0xe0, 0x06, 0xb4, 0x50, 0x0e, 0xf8, 0x40, 0x0f, 0xf5,
    0x20, 0x0f, 0xe5, 0x20, 0x07, 0xa4, 0xc0, 0x07, 0xf6, 0x50, 0x0e, 0xe3, 0x40, 0x0f, 0xef, 0x20,
    0x0f, 0x7c, 0x60, 0x0e, 0xec, 0xf0, 0x0e, 0xe1, 0x40, 0x0f, 0x6c, 0x00, 0x06, 0x74, 0xe0, 0x07,
    0x60, 0xe0, 0x07, 0x7a, 0xa0, 0x07, 0xed, 0x90, 0x0e, 0xf0, 0x30, 0x0f, 0xbf, 0x40, 0x0f, 0xf9,
    0x00, 0x0f, 0xe5, 0x80, 0x02, 0x62, 0x26, 0x31, 0x18, 0x07, 0x76, 0x08, 0x87, 0x79, 0x98, 0x07,
    0x37, 0xa0, 0x85, 0x72, 0xc0, 0x07, 0x7a, 0xa8, 0x07, 0x79, 0x28, 0x07, 0x39, 0x20, 0x05, 0x3e,
    0xb0, 0x87, 0x72, 0x18, 0x07, 0x7a, 0x78, 0x07, 0x79, 0xe0, 0x03, 0x73, 0x60, 0x87, 0x77, 0x08,
    0x07, 0x7a, 0x60, 0x03, 0x30, 0xa0, 0x03, 0x3f, 0x00, 0x03, 0x3f, 0x40, 0x02, 0xd7, 0x91, 0x37,
    0x8c, 0x30, 0x0c, 0x07, 0x85, 0x6e, 0x97, 0x22, 0x17, 0xb1, 0xb8, 0x0d, 0x52, 0x38, 0x11, 0x23,
    0x21, 0x61, 0x00, 0x29, 0xbc, 0x49, 0x9a, 0x22, 0x4a, 0x98, 0x7c, 0x16, 0x60, 0x9e, 0x85, 0x88,
    0xd8, 0x09, 0x98, 0x08, 0x14, 0x10, 0x34, 0x26, 0x02, 0x31, 0x05, 0x00, 0x13, 0x14, 0x72, 0xc0,
    0x87, 0x74, 0x60, 0x87, 0x36, 0x68, 0x87, 0x79, 0x68, 0x03, 0x72, 0xc0, 0x87, 0x0d, 0xaf, 0x50,
    0x0e, 0x6d, 0xd0, 0x0e, 0x7a, 0x50, 0x0e, 0x6d, 0x00, 0x0f, 0x7a, 0x30, 0x07, 0x72, 0xa0, 0x07,
    0x73, 0x20, 0x07, 0x6d, 0x90, 0x0e, 0x71, 0xa0, 0x07, 0x73, 0x20, 0x07, 0x6d, 0x90, 0x0e, 0x78,
    0xa0, 0x07, 0x73, 0x20, 0x07, 0x6d, 0x90, 0x0e, 0x71, 0x60, 0x07, 0x7a, 0x30, 0x07, 0x72, 0xd0,
    0x06, 0xe9, 0x30, 0x07, 0x72, 0xa0, 0x07, 0x73, 0x20, 0x07, 0x6d, 0x90, 0x0e, 0x76, 0x40, 0x07,
    0x7a, 0x60, 0x07, 0x74, 0xd0, 0x06, 0xe6, 0x10, 0x07, 0x76, 0xa0, 0x07, 0x73, 0x20, 0x07, 0x6d,
    0x60, 0x0e, 0x73, 0x20, 0x07, 0x7a, 0x30, 0x07, 0x72, 0xd0, 0x06, 0xe6, 0x60, 0x07, 0x74, 0xa0,
    0x07, 0x76, 0x40, 0x07, 0x6d, 0xe0, 0x0e, 0x78, 0xa0, 0x07, 0x71, 0x60, 0x07, 0x7a, 0x30, 0x07,
    0x72, 0xa0, 0x07, 0x76, 0x40, 0x07, 0x43, 0x9e, 0x00, 0x00, 0x00, 0x00, 0x00, 0x00, 0x00, 0x00,
    0x00, 0x00, 0x00, 0x86, 0x3c, 0x06, 0x10, 0x00, 0x01, 0x00, 0x00, 0x00, 0x00, 0x00, 0x00, 0x00,
    0x0c, 0x79, 0x10, 0x20, 0x00, 0x04, 0x00, 0x00, 0x00, 0x00, 0x00, 0x00, 0x00, 0x18, 0xf2, 0x2c,
    0x40, 0x00, 0x08, 0x00, 0x00, 0x00, 0x00, 0x00, 0x00, 0x00, 0x30, 0xe4, 0x69, 0x80, 0x00, 0x08,
    0x00, 0x00, 0x00, 0x00, 0x00, 0x00, 0x00, 0x60, 0xc8, 0xf3, 0x00, 0x01, 0x10, 0x00, 0x00, 0x00,
    0x00, 0x00, 0x00, 0x00, 0xc0, 0x90, 0x87, 0x02, 0x02, 0x60, 0x00, 0x00, 0x00, 0x00, 0x00, 0x00,
    0x00, 0x80, 0x21, 0xcf, 0x05, 0x04, 0xc0, 0x00, 0x00, 0x00, 0x00, 0x00, 0x00, 0x00, 0x00, 0x43,
    0x9e, 0x0c, 0x08, 0x80, 0x01, 0x00, 0x00, 0x00, 0x00, 0x00, 0x00, 0x00, 0xb2, 0x40, 0x00, 0x00,
    0x10, 0x00, 0x00, 0x00, 0x32, 0x1e, 0x98, 0x14, 0x19, 0x11, 0x4c, 0x90, 0x8c, 0x09, 0x26, 0x47,
    0xc6, 0x04, 0x43, 0x22, 0x4a, 0x60, 0x04, 0xa0, 0x1c, 0x8a, 0xa1, 0x08, 0x4a, 0xa2, 0x0c, 0x0a,
    0xa4, 0x3c, 0xa8, 0x28, 0x89, 0x32, 0x28, 0x84, 0x11, 0x80, 0x22, 0x28, 0x10, 0xfa, 0x66, 0x00,
    0x48, 0x9c, 0x01, 0x20, 0x72, 0x06, 0x80, 0xca, 0xb1, 0x10, 0x83, 0x00, 0x00, 0x00, 0x78, 0x1e,
    0x00, 0x00, 0x00, 0x00, 0x79, 0x18, 0x00, 0x00, 0x63, 0x00, 0x00, 0x00, 0x1a, 0x03, 0x4c, 0x90,
    0x46, 0x02, 0x13, 0x44, 0x8f, 0x0c, 0x6f, 0xec, 0xed, 0x4d, 0x0c, 0x24, 0xc6, 0xe5, 0xc6, 0x45,
    0x66, 0x06, 0x06, 0xc7, 0x25, 0xc6, 0x06, 0x04, 0xa5, 0x46, 0x86, 0x2c, 0x2c, 0xe6, 0xa6, 0x4c,
    0x26, 0x27, 0x65, 0x43, 0x10, 0x4c, 0x10, 0x88, 0x64, 0x82, 0x40, 0x28, 0x1b, 0x84, 0x81, 0x98,
    0x20, 0x10, 0xcb, 0x06, 0x61, 0x30, 0x28, 0xc0, 0xcd, 0x4d, 0x10, 0x08, 0x66, 0xc3, 0x80, 0x24,
    0xc4, 0x04, 0xe1, 0xc3, 0x08, 0x4c, 0x10, 0x88, 0x66, 0x82, 0x40, 0x38, 0x1b, 0x04, 0xc2, 0xd9,
    0x90, 0x10, 0x0b, 0xd3, 0x10, 0x43, 0x43, 0x3c, 0x1b, 0x02, 0x68, 0x82, 0x20, 0x06, 0xd9, 0x04,
    0x81, 0x78, 0x26, 0x08, 0x04, 0xb4, 0x01, 0x21, 0x24, 0x66, 0x22, 0x06, 0x0a, 0xd8, 0x10, 0x54,
    0x13, 0x04, 0x32, 0xd0, 0x36, 0x20, 0xc4, 0xc5, 0x34, 0xc4, 0x40, 0x00, 0x1b, 0x02, 0x6c, 0x03,
    0x11, 0x01, 0x56, 0x36, 0x41, 0x28, 0x83, 0x6d, 0x43, 0xb0, 0x4d, 0x10, 0x04, 0x80, 0x44, 0x5b,
    0x58, 0x9a, 0x1b, 0x97, 0x29, 0xab, 0x2f, 0xa8, 0xb7, 0xb9, 0x34, 0xba, 0xb4, 0x37, 0xb7, 0x09,
    0x42, 0x21, 0x4d, 0x10, 0x8a, 0x69, 0x43, 0x40, 0x4c, 0x10, 0x0a, 0x6a, 0x82, 0x50, 0x54, 0x1b,
    0x16, 0xe2, 0x03, 0x83, 0x30, 0x10, 0x83, 0x31, 0x18, 0xc6, 0x80, 0x20, 0x03, 0x80, 0x08, 0x55,
    0x11, 0xd6, 0xd0, 0xd3, 0x93, 0x14, 0xd1, 0x04, 0xa1, 0xb0, 0x36, 0x08, 0xd3, 0xb4, 0x61, 0x19,
    0xcc, 0x00, 0x0c, 0xc8, 0x40, 0x0c, 0xce, 0x60, 0x38, 0x83, 0x81, 0x0c, 0xd0, 0x60, 0x83, 0x50,
    0x06, 0x69, 0xc0, 0x64, 0xca, 0xea, 0x8b, 0x2a, 0x4c, 0xee, 0xac, 0x8c, 0x6e, 0x82, 0x50, 0x5c,
    0x13, 0x04, 0x22, 0xda, 0x20, 0x4c, 0x6d, 0xb0, 0x61, 0x21, 0xd6, 0x00, 0x0c, 0xd8, 0x40, 0x0c,
    0xc8, 0x60, 0x18, 0x03, 0x82, 0x0c, 0xdc, 0x60, 0x43, 0xf0, 0x06, 0x1b, 0x06, 0x35, 0x80, 0x03,
    0x60, 0x43, 0xd1, 0x79, 0x71, 0xa0, 0x01, 0x55, 0xd8, 0xd8, 0xec, 0xda, 0x5c, 0xd2, 0xc8, 0xca,
    0xdc, 0xe8, 0xa6, 0x04, 0x41, 0x15, 0x32, 0x3c, 0x17, 0xbb, 0x32, 0xb9, 0xb9, 0xb4, 0x37, 0xb7,
    0x29, 0x01, 0xd1, 0x84, 0x0c, 0xcf, 0xc5, 0x2e, 0x8c, 0xcd, 0xae, 0x4c, 0x6e, 0x4a, 0x60, 0xd4,
    0x21, 0xc3, 0x73, 0x99, 0x43, 0x0b, 0x23, 0x2b, 0x93, 0x6b, 0x7a, 0x23, 0x2b, 0x63, 0x9b, 0x12,
    0x24, 0x65, 0xc8, 0xf0, 0x5c, 0xe4, 0xca, 0xe6, 0xde, 0xea, 0xe4, 0xc6, 0xca, 0xe6, 0xa6, 0x04,
    0x59, 0x1d, 0x32, 0x3c, 0x17, 0xbb, 0xb4, 0xb2, 0xbb, 0x24, 0xb2, 0x29, 0xba, 0x30, 0xba, 0xb2,
    0x29, 0xc1, 0x56, 0x87, 0x0c, 0xcf, 0xa5, 0xcc, 0x8d, 0x4e, 0x2e, 0x0f, 0xea, 0x2d, 0xcd, 0x8d,
    0x6e, 0x6e, 0x4a, 0x10, 0x07, 0x00, 0x00, 0x00, 0x79, 0x18, 0x00, 0x00, 0x51, 0x00, 0x00, 0x00,
    0x33, 0x08, 0x80, 0x1c, 0xc4, 0xe1, 0x1c, 0x66, 0x14, 0x01, 0x3d, 0x88, 0x43, 0x38, 0x84, 0xc3,
    0x8c, 0x42, 0x80, 0x07, 0x79, 0x78, 0x07, 0x73, 0x98, 0x71, 0x0c, 0xe6, 0x00, 0x0f, 0xed, 0x10,
    0x0e, 0xf4, 0x80, 0x0e, 0x33, 0x0c, 0x42, 0x1e, 0xc2, 0xc1, 0x1d, 0xce, 0xa1, 0x1c, 0x66, 0x30,
    0x05, 0x3d, 0x88, 0x43, 0x38, 0x84, 0x83, 0x1b, 0xcc, 0x03, 0x3d, 0xc8, 0x43, 0x3d, 0x8c, 0x03,
    0x3d, 0xcc, 0x78, 0x8c, 0x74, 0x70, 0x07, 0x7b, 0x08, 0x07, 0x79, 0x48, 0x87, 0x70, 0x70, 0x07,
    0x7a, 0x70, 0x03, 0x76, 0x78, 0x87, 0x70, 0x20, 0x87, 0x19, 0xcc, 0x11, 0x0e, 0xec, 0x90, 0x0e,
    0xe1, 0x30, 0x0f, 0x6e, 0x30, 0x0f, 0xe3, 0xf0, 0x0e, 0xf0, 0x50, 0x0e, 0x33, 0x10, 0xc4, 0x1d,
    0xde, 0x21, 0x1c, 0xd8, 0x21, 0x1d, 0xc2, 0x61, 0x1e, 0x66, 0x30, 0x89, 0x3b, 0xbc, 0x83, 0x3b,
    0xd0, 0x43, 0x39, 0xb4, 0x03, 0x3c, 0xbc, 0x83, 0x3c, 0x84, 0x03, 0x3b, 0xcc, 0xf0, 0x14, 0x76,
    0x60, 0x07, 0x7b, 0x68, 0x07, 0x37, 0x68, 0x87, 0x72, 0x68, 0x07, 0x37, 0x80, 0x87, 0x70, 0x90,
    0x87, 0x70, 0x60, 0x07, 0x76, 0x28, 0x07, 0x76, 0xf8, 0x05, 0x76, 0x78, 0x87, 0x77, 0x80, 0x87,
    0x5f, 0x08, 0x87, 0x71, 0x18, 0x87, 0x72, 0x98, 0x87, 0x79, 0x98, 0x81, 0x2c, 0xee, 0xf0, 0x0e,
    0xee, 0xe0, 0x0e, 0xf5, 0xc0, 0x0e, 0xec, 0x30, 0x03, 0x62, 0xc8, 0xa1, 0x1c, 0xe4, 0xa1, 0x1c,
    0xcc, 0xa1, 0x1c, 0xe4, 0xa1, 0x1c, 0xdc, 0x61, 0x1c, 0xca, 0x21, 0x1c, 0xc4, 0x81, 0x1d, 0xca,
    0x61, 0x06, 0xd6, 0x90, 0x43, 0x39, 0xc8, 0x43, 0x39, 0x98, 0x43, 0x39, 0xc8, 0x43, 0x39, 0xb8,
    0xc3, 0x38, 0x94, 0x43, 0x38, 0x88, 0x03, 0x3b, 0x94, 0xc3, 0x2f, 0xbc, 0x83, 0x3c, 0xfc, 0x82,
    0x3b, 0xd4, 0x03, 0x3b, 0xb0, 0xc3, 0x0c, 0xc4, 0x21, 0x07, 0x7c, 0x70, 0x03, 0x7a, 0x28, 0x87,
    0x76, 0x80, 0x87, 0x19, 0xd1, 0x43, 0x0e, 0xf8, 0xe0, 0x06, 0xe4, 0x20, 0x0e, 0xe7, 0xe0, 0x06,
    0xf6, 0x10, 0x0e, 0xf2, 0xc0, 0x0e, 0xe1, 0x90, 0x0f, 0xef, 0x50, 0x0f, 0xf4, 0x30, 0x83, 0x81,
    0xc8, 0x01, 0x1f, 0xdc, 0x40, 0x1c, 0xe4, 0xa1, 0x1c, 0xc2, 0x61, 0x1d, 0xdc, 0x40, 0x1c, 0xe4,
    0x01, 0x00, 0x00, 0x00, 0x71, 0x20, 0x00, 0x00, 0x21, 0x00, 0x00, 0x00, 0x76, 0xb0, 0x0d, 0x97,
    0xef, 0x3c, 0xbe, 0x10, 0x50, 0x45, 0x41, 0x44, 0xa5, 0x03, 0x0c, 0x25, 0x61, 0x00, 0x02, 0xe6,
    0x17, 0xb7, 0x6d, 0x08, 0xd2, 0x70, 0xf9, 0xce, 0xe3, 0x0b, 0x11, 0x01, 0x4c, 0x44, 0x08, 0x34,
    0xc3, 0x42, 0xd8, 0x40, 0x33, 0x5c, 0xbe, 0xf3, 0xf8, 0x03, 0x22, 0x09, 0x40, 0x34, 0x18, 0x81,
    0x33, 0x5c, 0xbe, 0xf3, 0xf8, 0x83, 0x33, 0xd9, 0x7e, 0x71, 0xdb, 0x16, 0x30, 0x0d, 0x97, 0xef,
    0x3c, 0xfe, 0xe2, 0x00, 0x83, 0xd8, 0x3c, 0xd4, 0xe4, 0x17, 0xb7, 0x6d, 0x06, 0xd0, 0x70, 0xf9,
    0xce, 0xe3, 0x4b, 0x00, 0xf3, 0x2c, 0x84, 0x5f, 0xdc, 0xb6, 0x09, 0x54, 0xc3, 0xe5, 0x3b, 0x8f,
    0x2f, 0x4d, 0x4e, 0x44, 0xa0, 0xd4, 0xf4, 0x50, 0x93, 0x5f, 0xdc, 0xb6, 0x15, 0x3c, 0xc3, 0xe5,
    0x3b, 0x8f, 0x4f, 0x35, 0x40, 0x84, 0xf9, 0xc5, 0x6d, 0x1b, 0x00, 0xc1, 0x00, 0x48, 0x03, 0x00,
    0x61, 0x20, 0x00, 0x00, 0x5d, 0x00, 0x00, 0x00, 0x13, 0x04, 0x45, 0x2c, 0x10, 0x00, 0x00, 0x00,
    0x0e, 0x00, 0x00, 0x00, 0xa4, 0xd4, 0xc0, 0x08, 0x00, 0x15, 0x25, 0x40, 0x44, 0x91, 0x06, 0x14,
    0x5e, 0xd9, 0x95, 0x42, 0xc9, 0xcd, 0x00, 0x14, 0x42, 0xb1, 0xd1, 0x30, 0x46, 0x00, 0x82, 0x20,
    0x08, 0x7f, 0x63, 0x04, 0x20, 0x08, 0x82, 0xf8, 0x37, 0x46, 0x00, 0x82, 0x20, 0x88, 0xff, 0xc2,
    0x18, 0x01, 0x08, 0x82, 0x20, 0x08, 0x06, 0x33, 0x00, 0x23, 0x00, 0x00, 0x23, 0x06, 0x09, 0x00,
    0x82, 0x60, 0x90, 0x95, 0x81, 0x82, 0x8d, 0xc1, 0x18, 0x40, 0x23, 0x06, 0x09, 0x00, 0x82, 0x60,
    0x90, 0x99, 0xc1, 0xb2, 0x91, 0x01, 0x19, 0x44, 0x23, 0x06, 0x09, 0x00, 0x82, 0x60, 0x90, 0x9d,
    0x01, 0x93, 0x95, 0x41, 0x19, 0x48, 0x23, 0x06, 0x09, 0x00, 0x82, 0x60, 0x60, 0xbc, 0xc1, 0x72,
    0x06, 0x66, 0xb0, 0x31, 0x23, 0x06, 0x09, 0x00, 0x82, 0x60, 0x60, 0xc0, 0x01, 0x83, 0x06, 0x67,
    0x30, 0x35, 0x26, 0x20, 0xf2, 0x31, 0x21, 0x91, 0x8f, 0x09, 0x0b, 0x7c, 0x4c, 0x60, 0xe0, 0x33,
    0x62, 0x90, 0x00, 0x20, 0x08, 0x06, 0x8d, 0x1c, 0x40, 0x42, 0x20, 0x04, 0x23, 0x06, 0x07, 0x00,
    0x82, 0x60, 0x70, 0xc1, 0x81, 0x85, 0xb4, 0xc1, 0x68, 0x42, 0x00, 0x58, 0x30, 0xc8, 0x67, 0xc4,
    0xc0, 0x00, 0x40, 0x10, 0x0c, 0x9e, 0x3a, 0x78, 0x83, 0xc0, 0xa6, 0x20, 0x3e, 0x23, 0x06, 0x0f,
    0x00, 0x82, 0x60, 0x40, 0xd9, 0x01, 0xf7, 0x38, 0xcc, 0x12, 0x45, 0x72, 0x20, 0x07, 0x58, 0x34,
    0x9a, 0x10, 0x0c, 0xc3, 0x11, 0xc1, 0x45, 0x7c, 0xb3, 0x0c, 0xc1, 0x10, 0x0c, 0x47, 0x1c, 0x93,
    0xf2, 0xcd, 0x32, 0x10, 0x42, 0x30, 0x62, 0x60, 0x00, 0x20, 0x08, 0x06, 0x4b, 0x1f, 0x84, 0x01,
    0x19, 0xcc, 0x12, 0x10, 0xa3, 0x09, 0x84, 0x30, 0x9a, 0x50, 0x04, 0xa3, 0x09, 0x06, 0x60, 0x01,
    0x22, 0x1f, 0x1b, 0x12, 0xf9, 0x58, 0xa1, 0xc8, 0x67, 0x96, 0x80, 0x18, 0xe8, 0x18, 0x8c, 0x81,
    0x0e, 0x02, 0x3a, 0x10, 0x06, 0x3a, 0x06, 0x63, 0xb0, 0x83, 0xc0, 0x0e, 0x84, 0x81, 0x8e, 0xc1,
    0x18, 0xf0, 0x20, 0xc0, 0x03, 0x61, 0xa0, 0x63, 0xc0, 0x06, 0x2f, 0xf0, 0x84, 0x11, 0x83, 0x04,
    0x00, 0x41, 0x30, 0x40, 0x50, 0x01, 0x0d, 0x40, 0x01, 0x14, 0xea, 0x80, 0x18, 0x31, 0x48, 0x00,
    0x10, 0x04, 0x03, 0x04, 0x15, 0xd0, 0x00, 0x14, 0x40, 0x81, 0x0d, 0x86, 0x11, 0x83, 0x04, 0x00,
    0x41, 0x30, 0x40, 0x50, 0x01, 0x0d, 0x40, 0x01, 0x14, 0xe8, 0x40, 0x18, 0x31, 0x48, 0x00, 0x10,
    0x04, 0x03, 0x04, 0x15, 0xd0, 0x00, 0x14, 0x40, 0xe1, 0x0e, 0x02, 0x04, 0x00, 0x00, 0x00, 0x00
};
static const unsigned int game_hud_pixel_dxil_size = 4624;

static const unsigned char game_particle_vertex_dxil[] = {
    0x44, 0x58, 0x42, 0x43, 0x0d, 0x8a, 0x02, 0xf7, 0x6d, 0xd2, 0x1b, 0xd0, 0x54, 0xe7, 0x24, 0xdd,
    0x29, 0x29, 0x2f, 0x57, 0x01, 0x00, 0x00, 0x00, 0x38, 0x0c, 0x00, 0x00, 0x07, 0x00, 0x00, 0x00,
    0x3c, 0x00, 0x00, 0x00, 0x4c, 0x00, 0x00, 0x00, 0xa8, 0x00, 0x00, 0x00, 0x10, 0x01, 0x00, 0x00,
    0xe0, 0x01, 0x00, 0x00, 0xc0, 0x06, 0x00, 0x00, 0xdc, 0x06, 0x00, 0x00, 0x53, 0x46, 0x49, 0x30,
    0x08, 0x00, 0x00, 0x00, 0x00, 0x00, 0x00, 0x00, 0x00, 0x00, 0x00, 0x00, 0x49, 0x53, 0x47, 0x31,
    0x54, 0x00, 0x00, 0x00, 0x02, 0x00, 0x00, 0x00, 0x08, 0x00, 0x00, 0x00, 0x00, 0x00, 0x00, 0x00,
    0x48, 0x00, 0x00, 0x00, 0x00, 0x00, 0x00, 0x00, 0x00, 0x00, 0x00, 0x00, 0x03, 0x00, 0x00, 0x00,
    0x00, 0x00, 0x00, 0x00, 0x07, 0x07, 0x00, 0x00, 0x00, 0x00, 0x00, 0x00, 0x00, 0x00, 0x00, 0x00,
    0x48, 0x00, 0x00, 0x00, 0x01, 0x00, 0x00, 0x00, 0x00, 0x00, 0x00, 0x00, 0x03, 0x00, 0x00, 0x00,
    0x01, 0x00, 0x00, 0x00, 0x0f, 0x0f, 0x00, 0x00, 0x00, 0x00, 0x00, 0x00, 0x54, 0x45, 0x58, 0x43,
    0x4f, 0x4f, 0x52, 0x44, 0x00, 0x00, 0x00, 0x00, 0x4f, 0x53, 0x47, 0x31, 0x60, 0x00, 0x00, 0x00,
    0x02, 0x00, 0x00, 0x00, 0x08, 0x00, 0x00, 0x00, 0x00, 0x00, 0x00, 0x00, 0x48, 0x00, 0x00, 0x00,
    0x00, 0x00, 0x00, 0x00, 0x01, 0x00, 0x00, 0x00, 0x03, 0x00, 0x00, 0x00, 0x00, 0x00, 0x00, 0x00,
    0x0f, 0x00, 0x00, 0x00, 0x00, 0x00, 0x00, 0x00, 0x00, 0x00, 0x00, 0x00, 0x54, 0x00, 0x00, 0x00,
    0x00, 0x00, 0x00, 0x00, 0x00, 0x00, 0x00, 0x00, 0x03, 0x00, 0x00, 0x00, 0x01, 0x00, 0x00, 0x00,
    0x0f, 0x00, 0x00, 0x00, 0x00, 0x00, 0x00, 0x00, 0x53, 0x56, 0x5f, 0x50, 0x6f, 0x73, 0x69, 0x74,
    0x69, 0x6f, 0x6e, 0x00, 0x54, 0x45, 0x58, 0x43, 0x4f, 0x4f, 0x52, 0x44, 0x00, 0x00, 0x00, 0x00,
    0x50, 0x53, 0x56, 0x30, 0xc8, 0x00, 0x00, 0x00, 0x30, 0x00, 0x00, 0x00, 0x01, 0x00, 0x00, 0x00,
    0x00, 0x00, 0x00, 0x00, 0x00, 0x00, 0x00, 0x00, 0x00, 0x00, 0x00, 0x00, 0x00, 0x00, 0x00, 0x00,
    0xff, 0xff, 0xff, 0xff, 0x01, 0x00, 0x00, 0x00, 0x02, 0x02, 0x00, 0x02, 0x02, 0x00, 0x00, 0x00,
    0x00, 0x00, 0x00, 0x00, 0x00, 0x00, 0x00, 0x00, 0x00, 0x00, 0x00, 0x00, 0x00, 0x00, 0x00, 0x00,
    0x1c, 0x00, 0x00, 0x00, 0x00, 0x54, 0x45, 0x58, 0x43, 0x4f, 0x4f, 0x52, 0x44, 0x00, 0x54, 0x45,
    0x58, 0x43, 0x4f, 0x4f, 0x52, 0x44, 0x00, 0x54, 0x45, 0x58, 0x43, 0x4f, 0x4f, 0x52, 0x44, 0x00,
    0x02, 0x00, 0x00, 0x00, 0x00, 0x00, 0x00, 0x00, 0x01, 0x00, 0x00, 0x00, 0x10, 0x00, 0x00, 0x00,
    0x01, 0x00, 0x00, 0x00, 0x00, 0x00, 0x00, 0x00, 0x01, 0x00, 0x43, 0x00, 0x03, 0x00, 0x00, 0x00,
    0x0a, 0x00, 0x00, 0x00, 0x01, 0x00, 0x00, 0x00, 0x01, 0x01, 0x44, 0x00, 0x03, 0x00, 0x00, 0x00,
    0x00, 0x00, 0x00, 0x00, 0x00, 0x00, 0x00, 0x00, 0x01, 0x00, 0x44, 0x03, 0x03, 0x04, 0x00, 0x00,
    0x13, 0x00, 0x00, 0x00, 0x00, 0x00, 0x00, 0x00, 0x01, 0x01, 0x44, 0x00, 0x03, 0x02, 0x00, 0x00,
    0x01, 0x00, 0x00, 0x00, 0x02, 0x00, 0x00, 0x00, 0x04, 0x00, 0x00, 0x00, 0x00, 0x00, 0x00, 0x00,
    0x10, 0x00, 0x00, 0x00, 0x20, 0x00, 0x00, 0x00, 0x40, 0x00, 0x00, 0x00, 0x80, 0x00, 0x00, 0x00,
    0x53, 0x54, 0x41, 0x54, 0xd8, 0x04, 0x00, 0x00, 0x60, 0x00, 0x01, 0x00, 0x36, 0x01, 0x00, 0x00,
    0x44, 0x58, 0x49, 0x4c, 0x00, 0x01, 0x00, 0x00, 0x10, 0x00, 0x00, 0x00, 0xc0, 0x04, 0x00, 0x00,
    0x42, 0x43, 0xc0, 0xde, 0x21, 0x0c, 0x00, 0x00, 0x2d, 0x01, 0x00, 0x00, 0x0b, 0x82, 0x20, 0x00,
    0x02, 0x00, 0x00, 0x00, 0x13, 0x00, 0x00, 0x00, 0x07, 0x81, 0x23, 0x91, 0x41, 0xc8, 0x04, 0x49,
    0x06, 0x10, 0x32, 0x39, 0x92, 0x01, 0x84, 0x0c, 0x25, 0x05, 0x08, 0x19, 0x1e, 0x04, 0x8b, 0x62,
    0x80, 0x10, 0x45, 0x02, 0x42, 0x92, 0x0b, 0x42, 0x84, 0x10, 0x32, 0x14, 0x38, 0x08, 0x18, 0x4b,
    0x0a, 0x32, 0x42, 0x88, 0x48, 0x90, 0x14, 0x20, 0x43, 0x46, 0x88, 0xa5, 0x00, 0x19, 0x32, 0x42,
    0xe4, 0x48, 0x0e, 0x90, 0x11, 0x22, 0xc4, 0x50, 0x41, 0x51, 0x81, 0x8c, 0xe1, 0x83, 0xe5, 0x8a,
    0x04, 0x21, 0x46, 0x06, 0x51, 0x18, 0x00, 0x00, 0x06, 0x00, 0x00, 0x00, 0x1b, 0x8c, 0xe0, 0xff,
    0xff, 0xff, 0xff, 0x07, 0x40, 0x02, 0xa8, 0x0d, 0x84, 0xf0, 0xff, 0xff, 0xff, 0xff, 0x03, 0x20,
    0x01, 0x00, 0x00, 0x00, 0x49, 0x18, 0x00, 0x00, 0x02, 0x00, 0x00, 0x00, 0x13, 0x82, 0x60, 0x42,
    0x20, 0x00, 0x00, 0x00, 0x89, 0x20, 0x00, 0x00, 0x0f, 0x00, 0x00, 0x00, 0x32, 0x22, 0x08, 0x09,
    0x20, 0x64, 0x85, 0x04, 0x13, 0x22, 0xa4, 0x84, 0x04, 0x13, 0x22, 0xe3, 0x84, 0xa1, 0x90, 0x14,
    0x12, 0x4c, 0x88, 0x8c, 0x0b, 0x84, 0x84, 0x4c, 0x10, 0x30, 0x23, 0x00, 0x25, 0x00, 0x8a, 0x19,
    0x80, 0x39, 0x02, 0x30, 0x98, 0x23, 0x40, 0x8a, 0x31, 0x44, 0x54, 0x44, 0x56, 0x0c, 0x20, 0xa2,
    0x1a, 0xc2, 0x81, 0x80, 0x54, 0x20, 0x00, 0x00, 0x13, 0x14, 0x72, 0xc0, 0x87, 0x74, 0x60, 0x87,
    0x36, 0x68, 0x87, 0x79, 0x68, 0x03, 0x72, 0xc0, 0x87, 0x0d, 0xaf, 0x50, 0x0e, 0x6d, 0xd0, 0x0e,
    0x7a, 0x50, 0x0e, 0x6d, 0x00, 0x0f, 0x7a, 0x30, 0x07, 0x72, 0xa0, 0x07, 0x73, 0x20, 0x07, 0x6d,
    0x90, 0x0e, 0x71, 0xa0, 0x07, 0x73, 0x20, 0x07, 0x6d, 0x90, 0x0e, 0x78, 0xa0, 0x07, 0x73, 0x20,
    0x07, 0x6d, 0x90, 0x0e, 0x71, 0x60, 0x07, 0x7a, 0x30, 0x07, 0x72, 0xd0, 0x06, 0xe9, 0x30, 0x07,
    0x72, 0xa0, 0x07, 0x73, 0x20, 0x07, 0x6d, 0x90, 0x0e, 0x76, 0x40, 0x07, 0x7a, 0x60, 0x07, 0x74,
    0xd0, 0x06, 0xe6, 0x10, 0x07, 0x76, 0xa0, 0x07, 0x73, 0x20, 0x07, 0x6d, 0x60, 0x0e, 0x73, 0x20,
    0x07, 0x7a, 0x30, 0x07, 0x72, 0xd0, 0x06, 0xe6, 0x60, 0x07, 0x74, 0xa0, 0x07, 0x76, 0x40, 0x07,
    0x6d, 0xe0, 0x0e, 0x78, 0xa0, 0x07, 0x71, 0x60, 0x07, 0x7a, 0x30, 0x07, 0x72, 0xa0, 0x07, 0x76,
    0x40, 0x07, 0x43, 0x9e, 0x00, 0x08, 0x00, 0x00, 0x00, 0x00, 0x00, 0x00, 0x00, 0x00, 0x00, 0x86,
    0x3c, 0x06, 0x10, 0x00, 0x01, 0x00, 0x00, 0x00, 0x00, 0x00, 0x00, 0x00, 0x0c, 0x79, 0x10, 0x20,
    0x00, 0x04, 0x00, 0x00, 0x00, 0x00, 0x00, 0x00, 0x00, 0xc8, 0x02, 0x01, 0x0d, 0x00, 0x00, 0x00,
    0x32, 0x1e, 0x98, 0x14, 0x19, 0x11, 0x4c, 0x90, 0x8c, 0x09, 0x26, 0x47, 0xc6, 0x04, 0x43, 0xa2,
    0x12, 0x18, 0x01, 0x28, 0x86, 0x32, 0x28, 0x87, 0xf2, 0x28, 0x90, 0x82, 0xa0, 0x2a, 0x89, 0x11,
    0x80, 0x32, 0x28, 0x84, 0x22, 0xa0, 0x1d, 0x4b, 0x41, 0x90, 0x40, 0x20, 0x00, 0x08, 0x0c, 0x40,
    0x01, 0x24, 0x00, 0x00, 0x79, 0x18, 0x00, 0x00, 0x61, 0x00, 0x00, 0x00, 0x1a, 0x03, 0x4c, 0x90,
    0x46, 0x02, 0x13, 0x44, 0x8f, 0x0c, 0x6f, 0xec, 0xed, 0x4d, 0x0c, 0x24, 0xc6, 0xe5, 0xc6, 0x45,
    0x66, 0x06, 0x06, 0xc7, 0x25, 0xc6, 0x06, 0x04, 0xa5, 0x46, 0x86, 0x2c, 0x2c, 0xe6, 0xa6, 0x4c,
    0x26, 0x27, 0x65, 0x43, 0x10, 0x4c, 0x10, 0x88, 0x61, 0x82, 0x40, 0x10, 0x1b, 0x84, 0x81, 0xd8,
    0x20, 0x10, 0x04, 0x05, 0xbb, 0xb9, 0x09, 0x02, 0x51, 0x6c, 0x18, 0x0e, 0x84, 0x98, 0x20, 0x08,
    0xc0, 0x06, 0x60, 0xc3, 0x40, 0x2c, 0xcb, 0x86, 0x80, 0xd9, 0x30, 0x0c, 0x4a, 0x33, 0x41, 0x58,
    0xa0, 0x0d, 0xc1, 0x43, 0xa2, 0x2d, 0x2c, 0xcd, 0x8d, 0x08, 0x55, 0x11, 0xd6, 0xd0, 0xd3, 0x93,
    0x14, 0xd1, 0x04, 0xa1, 0x58, 0x26, 0x08, 0x05, 0xb3, 0x21, 0x20, 0x26, 0x08, 0x45, 0x33, 0x41,
    0x20, 0x8c, 0x09, 0x02, 0x71, 0x6c, 0x10, 0x2e, 0x6c, 0xc3, 0x42, 0x48, 0x13, 0x55, 0x51, 0x83,
    0x45, 0x50, 0xd9, 0x86, 0x60, 0x98, 0x20, 0x14, 0xce, 0x04, 0x81, 0x40, 0x36, 0x08, 0x57, 0xb7,
    0x61, 0x19, 0xa4, 0x89, 0xda, 0xa8, 0x81, 0x1b, 0x28, 0x6f, 0x83, 0xa0, 0x7d, 0x5c, 0xa6, 0xac,
    0xbe, 0xa0, 0xde, 0xe6, 0xd2, 0xe8, 0xd2, 0xde, 0xdc, 0x36, 0x2c, 0x44, 0x18, 0x4c, 0x56, 0xc5,
    0x0d, 0x1c, 0x41, 0x79, 0x13, 0x84, 0xe2, 0xd9, 0xb0, 0x0c, 0xd2, 0x44, 0x55, 0x63, 0x30, 0x70,
    0x03, 0xe5, 0x6d, 0x10, 0xc4, 0x80, 0x0c, 0x36, 0x0c, 0x60, 0x50, 0x06, 0xc0, 0x86, 0x42, 0x89,
    0xcc, 0x00, 0x00, 0x58, 0xa4, 0xb9, 0xcd, 0xd1, 0xcd, 0x4d, 0x10, 0x88, 0x84, 0xc6, 0x5c, 0xda,
    0xd9, 0x17, 0x1b, 0x19, 0x8d, 0xb9, 0xb4, 0xb3, 0xaf, 0x39, 0xba, 0x09, 0x02, 0xa1, 0x6c, 0x30,
    0xd0, 0x20, 0x0d, 0xd4, 0x00, 0x5b, 0x03, 0x36, 0xa8, 0xc2, 0xc6, 0x66, 0xd7, 0xe6, 0x92, 0x46,
    0x56, 0xe6, 0x46, 0x37, 0x25, 0x08, 0xaa, 0x90, 0xe1, 0xb9, 0xd8, 0x95, 0xc9, 0xcd, 0xa5, 0xbd,
    0xb9, 0x4d, 0x09, 0x88, 0x26, 0x64, 0x78, 0x2e, 0x76, 0x61, 0x6c, 0x76, 0x65, 0x72, 0x53, 0x82,
    0xa2, 0x0e, 0x19, 0x9e, 0xcb, 0x1c, 0x5a, 0x18, 0x59, 0x99, 0x5c, 0xd3, 0x1b, 0x59, 0x19, 0xdb,
    0x94, 0x00, 0xa9, 0x44, 0x86, 0xe7, 0x42, 0x97, 0x07, 0x57, 0x16, 0xe4, 0xe6, 0xf6, 0x46, 0x17,
    0x46, 0x97, 0xf6, 0xe6, 0x36, 0x37, 0x25, 0x68, 0xea, 0x90, 0xe1, 0xb9, 0xd8, 0xa5, 0x95, 0xdd,
    0x25, 0x91, 0x4d, 0xd1, 0x85, 0xd1, 0x95, 0x4d, 0x09, 0x9e, 0x3a, 0x64, 0x78, 0x2e, 0x65, 0x6e,
    0x74, 0x72, 0x79, 0x50, 0x6f, 0x69, 0x6e, 0x74, 0x73, 0x53, 0x02, 0x33, 0xe8, 0x42, 0x86, 0xe7,
    0x32, 0xf6, 0x56, 0xe7, 0x46, 0x57, 0x26, 0x37, 0x37, 0x25, 0x60, 0x03, 0x00, 0x00, 0x00, 0x00,
    0x79, 0x18, 0x00, 0x00, 0x4c, 0x00, 0x00, 0x00, 0x33, 0x08, 0x80, 0x1c, 0xc4, 0xe1, 0x1c, 0x66,
    0x14, 0x01, 0x3d, 0x88, 0x43, 0x38, 0x84, 0xc3, 0x8c, 0x42, 0x80, 0x07, 0x79, 0x78, 0x07, 0x73,
    0x98, 0x71, 0x0c, 0xe6, 0x00, 0x0f, 0xed, 0x10, 0x0e, 0xf4, 0x80, 0x0e, 0x33, 0x0c, 0x42, 0x1e,
    0xc2, 0xc1, 0x1d, 0xce, 0xa1, 0x1c, 0x66, 0x30, 0x05, 0x3d, 0x88, 0x43, 0x38, 0x84, 0x83, 0x1b,
    0xcc, 0x03, 0x3d, 0xc8, 0x43, 0x3d, 0x8c, 0x03, 0x3d, 0xcc, 0x78, 0x8c, 0x74, 0x70, 0x07, 0x7b,
    0x08, 0x07, 0x79, 0x48, 0x87, 0x70, 0x70, 0x07, 0x7a, 0x70, 0x03, 0x76, 0x78, 0x87, 0x70, 0x20,
    0x87, 0x19, 0xcc, 0x11, 0x0e, 0xec, 0x90, 0x0e, 0xe1, 0x30, 0x0f, 0x6e, 0x30, 0x0f, 0xe3, 0xf0,
    0x0e, 0xf0, 0x50, 0x0e, 0x33, 0x10, 0xc4, 0x1d, 0xde, 0x21, 0x1c, 0xd8, 0x21, 0x1d, 0xc2, 0x61,
    0x1e, 0x66, 0x30, 0x89, 0x3b, 0xbc, 0x83, 0x3b, 0xd0, 0x43, 0x39, 0xb4, 0x03, 0x3c, 0xbc, 0x83,
    0x3c, 0x84, 0x03, 0x3b, 0xcc, 0xf0, 0x14, 0x76, 0x60, 0x07, 0x7b, 0x68, 0x07, 0x37, 0x68, 0x87,
    0x72, 0x68, 0x07, 0x37, 0x80, 0x87, 0x70, 0x90, 0x87, 0x70, 0x60, 0x07, 0x76, 0x28, 0x07, 0x76,
    0xf8, 0x05, 0x76, 0x78, 0x87, 0x77, 0x80, 0x87, 0x5f, 0x08, 0x87, 0x71, 0x18, 0x87, 0x72, 0x98,
    0x87, 0x79, 0x98, 0x81, 0x2c, 0xee, 0xf0, 0x0e, 0xee, 0xe0, 0x0e, 0xf5, 0xc0, 0x0e, 0xec, 0x30,
    0x03, 0x62, 0xc8, 0xa1, 0x1c, 0xe4, 0xa1, 0x1c, 0xcc, 0xa1, 0x1c, 0xe4, 0xa1, 0x1c, 0xdc, 0x61,
    0x1c, 0xca, 0x21, 0x1c, 0xc4, 0x81, 0x1d, 0xca, 0x61, 0x06, 0xd6, 0x90, 0x43, 0x39, 0xc8, 0x43,
    0x39, 0x98, 0x43, 0x39, 0xc8, 0x43, 0x39, 0xb8, 0xc3, 0x38, 0x94, 0x43, 0x38, 0x88, 0x03, 0x3b,
    0x94, 0xc3, 0x2f, 0xbc, 0x83, 0x3c, 0xfc, 0x82, 0x3b, 0xd4, 0x03, 0x3b, 0xb0, 0xc3, 0x8c, 0xc8,
    0x21, 0x07, 0x7c, 0x70, 0x03, 0x72, 0x10, 0x87, 0x73, 0x70, 0x03, 0x7b, 0x08, 0x07, 0x79, 0x60,
    0x87, 0x70, 0xc8, 0x87, 0x77, 0xa8, 0x07, 0x7a, 0x98, 0x81, 0x3c, 0xe4, 0x80, 0x0f, 0x6e, 0x40,
    0x0f, 0xe5, 0xd0, 0x0e, 0xf0, 0x00, 0x00, 0x00, 0x71, 0x20, 0x00, 0x00, 0x0b, 0x00, 0x00, 0x00,
    0x16, 0x30, 0x0d, 0x97, 0xef, 0x3c, 0xfe, 0xe2, 0x00, 0x83, 0xd8, 0x3c, 0xd4, 0xe4, 0x17, 0xb7,
    0x6d, 0x02, 0xd5, 0x70, 0xf9, 0xce, 0xe3, 0x4b, 0x93, 0x13, 0x11, 0x28, 0x35, 0x3d, 0xd4, 0xe4,
    0x17, 0xb7, 0x6d, 0x00, 0x04, 0x03, 0x20, 0x0d, 0x00, 0x00, 0x00, 0x00, 0x00, 0x00, 0x00, 0x00,
    0x48, 0x41, 0x53, 0x48, 0x14, 0x00, 0x00, 0x00, 0x00, 0x00, 0x00, 0x00, 0x38, 0x31, 0x82, 0xb7,
    0xc0, 0x31, 0x74, 0x2e, 0x19, 0xbe, 0x62, 0x34, 0x2a, 0x2b, 0xf7, 0x54, 0x44, 0x58, 0x49, 0x4c,
    0x54, 0x05, 0x00, 0x00, 0x60, 0x00, 0x01, 0x00, 0x55, 0x01, 0x00, 0x00, 0x44, 0x58, 0x49, 0x4c,
    0x00, 0x01, 0x00, 0x00, 0x10, 0x00, 0x00, 0x00, 0x3c, 0x05, 0x00, 0x00, 0x42, 0x43, 0xc0, 0xde,
    0x21, 0x0c, 0x00, 0x00, 0x4c, 0x01, 0x00, 0x00, 0x0b, 0x82, 0x20, 0x00, 0x02, 0x00, 0x00, 0x00,
    0x13, 0x00, 0x00, 0x00, 0x07, 0x81, 0x23, 0x91, 0x41, 0xc8, 0x04, 0x49, 0x06, 0x10, 0x32, 0x39,
    0x92, 0x01, 0x84, 0x0c, 0x25, 0x05, 0x08, 0x19, 0x1e, 0x04, 0x8b, 0x62, 0x80, 0x10, 0x45, 0x02,
    0x42, 0x92, 0x0b, 0x42, 0x84, 0x10, 0x32, 0x14, 0x38, 0x08, 0x18, 0x4b, 0x0a, 0x32, 0x42, 0x88,
    0x48, 0x90, 0x14, 0x20, 0x43, 0x46, 0x88, 0xa5, 0x00, 0x19, 0x32, 0x42, 0xe4, 0x48, 0x0e, 0x90,
    0x11, 0x22, 0xc4, 0x50, 0x41, 0x51, 0x81, 0x8c, 0xe1, 0x83, 0xe5, 0x8a, 0x04, 0x21, 0x46, 0x06,
    0x51, 0x18, 0x00, 0x00, 0x06, 0x00, 0x00, 0x00, 0x1b, 0x8c, 0xe0, 0xff, 0xff, 0xff, 0xff, 0x07,
    0x40, 0x02, 0xa8, 0x0d, 0x84, 0xf0, 0xff, 0xff, 0xff, 0xff, 0x03, 0x20, 0x01, 0x00, 0x00, 0x00,
    0x49, 0x18, 0x00, 0x00, 0x02, 0x00, 0x00, 0x00, 0x13, 0x82, 0x60, 0x42, 0x20, 0x00, 0x00, 0x00,
    0x89, 0x20, 0x00, 0x00, 0x0f, 0x00, 0x00, 0x00, 0x32, 0x22, 0x08, 0x09, 0x20, 0x64, 0x85, 0x04,
    0x13, 0x22, 0xa4, 0x84, 0x04, 0x13, 0x22, 0xe3, 0x84, 0xa1, 0x90, 0x14, 0x12, 0x4c, 0x88, 0x8c,
    0x0b, 0x84, 0x84, 0x4c, 0x10, 0x30, 0x23, 0x00, 0x25, 0x00, 0x8a, 0x19, 0x80, 0x39, 0x02, 0x30,
    0x98, 0x23, 0x40, 0x8a, 0x31, 0x44, 0x54, 0x44, 0x56, 0x0c, 0x20, 0xa2, 0x1a, 0xc2, 0x81, 0x80,
    0x54, 0x20, 0x00, 0x00, 0x13, 0x14, 0x72, 0xc0, 0x87, 0x74, 0x60, 0x87, 0x36, 0x68, 0x87, 0x79,
    0x68, 0x03, 0x72, 0xc0, 0x87, 0x0d, 0xaf, 0x50, 0x0e, 0x6d, 0xd0, 0x0e, 0x7a, 0x50, 0x0e, 0x6d,
    0x00, 0x0f, 0x7a, 0x30, 0x07, 0x72, 0xa0, 0x07, 0x73, 0x20, 0x07, 0x6d, 0x90, 0x0e, 0x71, 0xa0,
    0x07, 0x73, 0x20, 0x07, 0x6d, 0x90, 0x0e, 0x78, 0xa0, 0x07, 0x73, 0x20, 0x07, 0x6d, 0x90, 0x0e,
    0x71, 0x60, 0x07, 0x7a, 0x30, 0x07, 0x72, 0xd0, 0x06, 0xe9, 0x30, 0x07, 0x72, 0xa0, 0x07, 0x73,
    0x20, 0x07, 0x6d, 0x90, 0x0e, 0x76, 0x40, 0x07, 0x7a, 0x60, 0x07, 0x74, 0xd0, 0x06, 0xe6, 0x10,
    0x07, 0x76, 0xa0, 0x07, 0x73, 0x20, 0x07, 0x6d, 0x60, 0x0e, 0x73, 0x20, 0x07, 0x7a, 0x30, 0x07,
    0x72, 0xd0, 0x06, 0xe6, 0x60, 0x07, 0x74, 0xa0, 0x07, 0x76, 0x40, 0x07, 0x6d, 0xe0, 0x0e, 0x78,
    0xa0, 0x07, 0x71, 0x60, 0x07, 0x7a, 0x30, 0x07, 0x72, 0xa0, 0x07, 0x76, 0x40, 0x07, 0x43, 0x9e,
    0x00, 0x00, 0x00, 0x00, 0x00, 0x00, 0x00, 0x00, 0x00, 0x00, 0x00, 0x86, 0x3c, 0x06, 0x10, 0x00,
    0x01, 0x00, 0x00, 0x00, 0x00, 0x00, 0x00, 0x00, 0x0c, 0x79, 0x10, 0x20, 0x00, 0x04, 0x00, 0x00,
    0x00, 0x00, 0x00, 0x00, 0x00, 0xc8, 0x02, 0x01, 0x0c, 0x00, 0x00, 0x00, 0x32, 0x1e, 0x98, 0x10,
    0x19, 0x11, 0x4c, 0x90, 0x8c, 0x09, 0x26, 0x47, 0xc6, 0x04, 0x43, 0xa2, 0x12, 0x18, 0x01, 0x28,
    0x87, 0x62, 0x28, 0x83, 0xf2, 0xa0, 0x2a, 0x89, 0x11, 0x80, 0x32, 0x28, 0x84, 0x22, 0xa0, 0x1d,
    0x4b, 0x41, 0x90, 0x40, 0x20, 0x00, 0x08, 0x0c, 0x40, 0x01, 0x24, 0x00, 0x79, 0x18, 0x00, 0x00,
    0x4a, 0x00, 0x00, 0x00, 0x1a, 0x03, 0x4c, 0x90, 0x46, 0x02, 0x13, 0x44, 0x8f, 0x0c, 0x6f, 0xec,
    0xed, 0x4d, 0x0c, 0x24, 0xc6, 0xe5, 0xc6, 0x45, 0x66, 0x06, 0x06, 0xc7, 0x25, 0xc6, 0x06, 0x04,
    0xa5, 0x46, 0x86, 0x2c, 0x2c, 0xe6, 0xa6, 0x4c, 0x26, 0x27, 0x65, 0x43, 0x10, 0x4c, 0x10, 0x88,
    0x61, 0x82, 0x40, 0x10, 0x1b, 0x84, 0x81, 0x98, 0x20, 0x10, 0xc5, 0x06, 0x61, 0x30, 0x28, 0xd8,
    0xcd, 0x4d, 0x10, 0x08, 0x63, 0xc3, 0x80, 0x24, 0xc4, 0x04, 0x61, 0x71, 0x36, 0x04, 0xcb, 0x04,
    0x41, 0x00, 0x48, 0xb4, 0x85, 0xa5, 0xb9, 0x11, 0xa1, 0x2a, 0xc2, 0x1a, 0x7a, 0x7a, 0x92, 0x22,
    0x9a, 0x20, 0x14, 0xc9, 0x04, 0xa1, 0x50, 0x36, 0x04, 0xc4, 0x04, 0xa1, 0x58, 0x26, 0x08, 0xc4,
    0xb1, 0x41, 0xa0, 0x8c, 0x0d, 0x0b, 0xf1, 0x40, 0x91, 0x14, 0x0d, 0x13, 0x11, 0x55, 0x1b, 0x82,
    0x61, 0x82, 0x50, 0x30, 0x13, 0x04, 0x02, 0xd9, 0x20, 0x50, 0xd9, 0x86, 0x65, 0x78, 0xa0, 0xe8,
    0x8a, 0x06, 0x6c, 0x88, 0xb4, 0x0d, 0x82, 0xb5, 0x71, 0x99, 0xb2, 0xfa, 0x82, 0x7a, 0x9b, 0x4b,
    0xa3, 0x4b, 0x7b, 0x73, 0xdb, 0xb0, 0x10, 0x1d, 0x34, 0x49, 0xd8, 0x80, 0x11, 0x91, 0x36, 0x41,
    0x28, 0x9a, 0x0d, 0xcb, 0xf0, 0x40, 0x91, 0xf4, 0x0d, 0xd8, 0x10, 0x69, 0x1b, 0x04, 0x0f, 0x0c,
    0x36, 0x0c, 0x5c, 0x18, 0x00, 0x1b, 0x8a, 0xc6, 0x11, 0x03, 0x00, 0xa8, 0xc2, 0xc6, 0x66, 0xd7,
    0xe6, 0x92, 0x46, 0x56, 0xe6, 0x46, 0x37, 0x25, 0x08, 0xaa, 0x90, 0xe1, 0xb9, 0xd8, 0x95, 0xc9,
    0xcd, 0xa5, 0xbd, 0xb9, 0x4d, 0x09, 0x88, 0x26, 0x64, 0x78, 0x2e, 0x76, 0x61, 0x6c, 0x76, 0x65,
    0x72, 0x53, 0x02, 0xa3, 0x0e, 0x19, 0x9e, 0xcb, 0x1c, 0x5a, 0x18, 0x59, 0x99, 0x5c, 0xd3, 0x1b,
    0x59, 0x19, 0xdb, 0x94, 0x20, 0xa9, 0x43, 0x86, 0xe7, 0x62, 0x97, 0x56, 0x76, 0x97, 0x44, 0x36,
    0x45, 0x17, 0x46, 0x57, 0x36, 0x25, 0x58, 0xea, 0x90, 0xe1, 0xb9, 0x94, 0xb9, 0xd1, 0xc9, 0xe5,
    0x41, 0xbd, 0xa5, 0xb9, 0xd1, 0xcd, 0x4d, 0x09, 0xc4, 0x00, 0x00, 0x00, 0x79, 0x18, 0x00, 0x00,
    0x4c, 0x00, 0x00, 0x00, 0x33, 0x08, 0x80, 0x1c, 0xc4, 0xe1, 0x1c, 0x66, 0x14, 0x01, 0x3d, 0x88,
    0x43, 0x38, 0x84, 0xc3, 0x8c, 0x42, 0x80, 0x07, 0x79, 0x78, 0x07, 0x73, 0x98, 0x71, 0x0c, 0xe6,
    0x00, 0x0f, 0xed, 0x10, 0x0e, 0xf4, 0x80, 0x0e, 0x33, 0x0c, 0x42, 0x1e, 0xc2, 0xc1, 0x1d, 0xce,
    0xa1, 0x1c, 0x66, 0x30, 0x05, 0x3d, 0x88, 0x43, 0x38, 0x84, 0x83, 0x1b, 0xcc, 0x03, 0x3d, 0xc8,
    0x43, 0x3d, 0x8c, 0x03, 0x3d, 0xcc, 0x78, 0x8c, 0x74, 0x70, 0x07, 0x7b, 0x08, 0x07, 0x79, 0x48,
    0x87, 0x70, 0x70, 0x07, 0x7a, 0x70, 0x03, 0x76, 0x78, 0x87, 0x70, 0x20, 0x87, 0x19, 0xcc, 0x11,
    0x0e, 0xec, 0x90, 0x0e, 0xe1, 0x30, 0x0f, 0x6e, 0x30, 0x0f, 0xe3, 0xf0, 0x0e, 0xf0, 0x50, 0x0e,
    0x33, 0x10, 0xc4, 0x1d, 0xde, 0x21, 0x1c, 0xd8, 0x21, 0x1d, 0xc2, 0x61, 0x1e, 0x66, 0x30, 0x89,
    0x3b, 0xbc, 0x83, 0x3b, 0xd0, 0x43, 0x39, 0xb4, 0x03, 0x3c, 0xbc, 0x83, 0x3c, 0x84, 0x03, 0x3b,
    0xcc, 0xf0, 0x14, 0x76, 0x60, 0x07, 0x7b, 0x68, 0x07, 0x37, 0x68, 0x87, 0x72, 0x68, 0x07, 0x37,
    0x80, 0x87, 0x70, 0x90, 0x87, 0x70, 0x60, 0x07, 0x76, 0x28, 0x07, 0x76, 0xf8, 0x05, 0x76, 0x78,
    0x87, 0x77, 0x80, 0x87, 0x5f, 0x08, 0x87, 0x71, 0x18, 0x87, 0x72, 0x98, 0x87, 0x79, 0x98, 0x81,
    0x2c, 0xee, 0xf0, 0x0e, 0xee, 0xe0, 0x0e, 0xf5, 0xc0, 0x0e, 0xec, 0x30, 0x03, 0x62, 0xc8, 0xa1,
    0x1c, 0xe4, 0xa1, 0x1c, 0xcc, 0xa1, 0x1c, 0xe4, 0xa1, 0x1c, 0xdc, 0x61, 0x1c, 0xca, 0x21, 0x1c,
    0xc4, 0x81, 0x1d, 0xca, 0x61, 0x06, 0xd6, 0x90, 0x43, 0x39, 0xc8, 0x43, 0x39, 0x98, 0x43, 0x39,
    0xc8, 0x43, 0x39, 0xb8, 0xc3, 0x38, 0x94, 0x43, 0x38, 0x88, 0x03, 0x3b, 0x94, 0xc3, 0x2f, 0xbc,
    0x83, 0x3c, 0xfc, 0x82, 0x3b, 0xd4, 0x03, 0x3b, 0xb0, 0xc3, 0x8c, 0xc8, 0x21, 0x07, 0x7c, 0x70,
    0x03, 0x72, 0x10, 0x87, 0x73, 0x70, 0x03, 0x7b, 0x08, 0x07, 0x79, 0x60, 0x87, 0x70, 0xc8, 0x87,
    0x77, 0xa8, 0x07, 0x7a, 0x98, 0x81, 0x3c, 0xe4, 0x80, 0x0f, 0x6e, 0x40, 0x0f, 0xe5, 0xd0, 0x0e,
    0xf0, 0x00, 0x00, 0x00, 0x71, 0x20, 0x00, 0x00, 0x0b, 0x00, 0x00, 0x00, 0x16, 0x30, 0x0d, 0x97,
    0xef, 0x3c, 0xfe, 0xe2, 0x00, 0x83, 0xd8, 0x3c, 0xd4, 0xe4, 0x17, 0xb7, 0x6d, 0x02, 0xd5, 0x70,
    0xf9, 0xce, 0xe3, 0x4b, 0x93, 0x13, 0x11, 0x28, 0x35, 0x3d, 0xd4, 0xe4, 0x17, 0xb7, 0x6d, 0x00,
    0x04, 0x03, 0x20, 0x0d, 0x00, 0x00, 0x00, 0x00, 0x61, 0x20, 0x00, 0x00, 0x35, 0x00, 0x00, 0x00,
    0x13, 0x04, 0x41, 0x2c, 0x10, 0x00, 0x00, 0x00, 0x05, 0x00, 0x00, 0x00, 0x54, 0x25, 0x40, 0x54,
    0x0a, 0x85, 0x30, 0x03, 0x40, 0x33, 0x46, 0x00, 0x82, 0x20, 0x88, 0x7f, 0x00, 0x00, 0x00, 0x00,
    0x23, 0x06, 0x09, 0x00, 0x82, 0x60, 0x60, 0x4c, 0x43, 0x04, 0x29, 0xc2, 0x88, 0x41, 0x02, 0x80,
    0x20, 0x18, 0x18, 0x14, 0x21, 0x45, 0xc6, 0x30, 0x62, 0x90, 0x00, 0x20, 0x08, 0x06, 0x46, 0x55,
    0x4c, 0x52, 0x42, 0x8c, 0x18, 0x24, 0x00, 0x08, 0x82, 0x81, 0x61, 0x19, 0xd4, 0xc4, 0x14, 0x23,
    0x06, 0x09, 0x00, 0x82, 0x60, 0x60, 0x5c, 0x07, 0x45, 0x39, 0xc6, 0x88, 0x41, 0x02, 0x80, 0x20,
    0x18, 0x18, 0x18, 0x52, 0x55, 0xca, 0x31, 0x62, 0x90, 0x00, 0x20, 0x08, 0x06, 0x46, 0x96, 0x58,
    0x56, 0x83, 0x8c, 0x18, 0x24, 0x00, 0x08, 0x82, 0x01, 0x92, 0x2d, 0xd7, 0x15, 0x0d, 0x23, 0x06,
    0x09, 0x00, 0x82, 0x60, 0x80, 0x64, 0xcb, 0x75, 0x31, 0xc2, 0x88, 0x41, 0x02, 0x80, 0x20, 0x18,
    0x20, 0xd9, 0x72, 0x5d, 0x4e, 0x30, 0x62, 0x90, 0x00, 0x20, 0x08, 0x06, 0x48, 0xb6, 0x5c, 0x17,
    0x84, 0x8c, 0x18, 0x24, 0x00, 0x08, 0x82, 0x01, 0x92, 0x2d, 0xd8, 0x15, 0x1d, 0x23, 0x06, 0x09,
    0x00, 0x82, 0x60, 0x80, 0x64, 0x0b, 0x76, 0x31, 0xc6, 0x88, 0x41, 0x02, 0x80, 0x20, 0x18, 0x20,
    0xd9, 0x82, 0x5d, 0x4e, 0x31, 0x62, 0x90, 0x00, 0x20, 0x08, 0x06, 0x48, 0xb6, 0x60, 0x17, 0x44,
    0x20, 0x00, 0x00, 0x00, 0x00, 0x00, 0x00, 0x00
};
static const unsigned int game_particle_vertex_dxil_size = 3128;

static const unsigned char game_particle_pixel_dxil[] = {
    0x44, 0x58, 0x42, 0x43, 0xce, 0x65, 0x13, 0x51, 0xf6, 0x9d, 0x9d, 0x35, 0x5d, 0x27, 0x9e, 0x84,
    0xd3, 0x91, 0x60, 0x69, 0x01, 0x00, 0x00, 0x00, 0x8c, 0x0b, 0x00, 0x00, 0x07, 0x00, 0x00, 0x00,
    0x3c, 0x00, 0x00, 0x00, 0x4c, 0x00, 0x00, 0x00, 0xb4, 0x00, 0x00, 0x00, 0xf0, 0x00, 0x00, 0x00,
    0x9c, 0x01, 0x00, 0x00, 0x74, 0x06, 0x00, 0x00, 0x90, 0x06, 0x00, 0x00, 0x53, 0x46, 0x49, 0x30,
    0x08, 0x00, 0x00, 0x00, 0x00, 0x00, 0x00, 0x00, 0x00, 0x00, 0x00, 0x00, 0x49, 0x53, 0x47, 0x31,
    0x60, 0x00, 0x00, 0x00, 0x02, 0x00, 0x00, 0x00, 0x08, 0x00, 0x00, 0x00, 0x00, 0x00, 0x00, 0x00,
    0x48, 0x00, 0x00, 0x00, 0x00, 0x00, 0x00, 0x00, 0x01, 0x00, 0x00, 0x00, 0x03, 0x00, 0x00, 0x00,
    0x00, 0x00, 0x00, 0x00, 0x0f, 0x00, 0x00, 0x00, 0x00, 0x00, 0x00, 0x00, 0x00, 0x00, 0x00, 0x00,
    0x54, 0x00, 0x00, 0x00, 0x00, 0x00, 0x00, 0x00, 0x00, 0x00, 0x00, 0x00, 0x03, 0x00, 0x00, 0x00,
    0x01, 0x00, 0x00, 0x00, 0x0f, 0x0f, 0x00, 0x00, 0x00, 0x00, 0x00, 0x00, 0x53, 0x56, 0x5f, 0x50,
    0x6f, 0x73, 0x69, 0x74, 0x69, 0x6f, 0x6e, 0x00, 0x54, 0x45, 0x58, 0x43, 0x4f, 0x4f, 0x52, 0x44,
    0x00, 0x00, 0x00, 0x00, 0x4f, 0x53, 0x47, 0x31, 0x34, 0x00, 0x00, 0x00, 0x01, 0x00, 0x00, 0x00,
    0x08, 0x00, 0x00, 0x00, 0x00, 0x00, 0x00, 0x00, 0x28, 0x00, 0x00, 0x00, 0x00, 0x00, 0x00, 0x00,
    0x40, 0x00, 0x00, 0x00, 0x03, 0x00, 0x00, 0x00, 0x00, 0x00, 0x00, 0x00, 0x0f, 0x00, 0x00, 0x00,
    0x00, 0x00, 0x00, 0x00, 0x53, 0x56, 0x5f, 0x54, 0x61, 0x72, 0x67, 0x65, 0x74, 0x00, 0x00, 0x00,
    0x50, 0x53, 0x56, 0x30, 0xa4, 0x00, 0x00, 0x00, 0x30, 0x00, 0x00, 0x00, 0x00, 0x00, 0x00, 0x00,
    0x00, 0x00, 0x00, 0x00, 0x00, 0x00, 0x00, 0x00, 0x00, 0x00, 0x00, 0x00, 0x00, 0x00, 0x00, 0x00,
    0xff, 0xff, 0xff, 0xff, 0x00, 0x00, 0x00, 0x00, 0x02, 0x01, 0x00, 0x02, 0x01, 0x00, 0x00, 0x00,
    0x00, 0x00, 0x00, 0x00, 0x00, 0x00, 0x00, 0x00, 0x00, 0x00, 0x00, 0x00, 0x00, 0x00, 0x00, 0x00,
    0x0c, 0x00, 0x00, 0x00, 0x00, 0x54, 0x45, 0x58, 0x43, 0x4f, 0x4f, 0x52, 0x44, 0x00, 0x00, 0x00,
    0x01, 0x00, 0x00, 0x00, 0x00, 0x00, 0x00, 0x00, 0x10, 0x00, 0x00, 0x00, 0x00, 0x00, 0x00, 0x00,
    0x00, 0x00, 0x00, 0x00, 0x01, 0x00, 0x44, 0x03, 0x03, 0x04, 0x00, 0x00, 0x01, 0x00, 0x00, 0x00,
    0x00, 0x00, 0x00, 0x00, 0x01, 0x01, 0x44, 0x00, 0x03, 0x02, 0x00, 0x00, 0x00, 0x00, 0x00, 0x00,
    0x00, 0x00, 0x00, 0x00, 0x01, 0x00, 0x44, 0x10, 0x03, 0x00, 0x00, 0x00, 0x00, 0x00, 0x00, 0x00,
    0x00, 0x00, 0x00, 0x00, 0x00, 0x00, 0x00, 0x00, 0x00, 0x00, 0x00, 0x00, 0x01, 0x00, 0x00, 0x00,
    0x02, 0x00, 0x00, 0x00, 0x04, 0x00, 0x00, 0x00, 0x08, 0x00, 0x00, 0x00, 0x53, 0x54, 0x41, 0x54,
    0xd0, 0x04, 0x00, 0x00, 0x60, 0x00, 0x00, 0x00, 0x34, 0x01, 0x00, 0x00, 0x44, 0x58, 0x49, 0x4c,
    0x00, 0x01, 0x00, 0x00, 0x10, 0x00, 0x00, 0x00, 0xb8, 0x04, 0x00, 0x00, 0x42, 0x43, 0xc0, 0xde,
    0x21, 0x0c, 0x00, 0x00, 0x2b, 0x01, 0x00, 0x00, 0x0b, 0x82, 0x20, 0x00, 0x02, 0x00, 0x00, 0x00,
    0x13, 0x00, 0x00, 0x00, 0x07, 0x81, 0x23, 0x91, 0x41, 0xc8, 0x04, 0x49, 0x06, 0x10, 0x32, 0x39,
    0x92, 0x01, 0x84, 0x0c, 0x25, 0x05, 0x08, 0x19, 0x1e, 0x04, 0x8b, 0x62, 0x80, 0x10, 0x45, 0x02,
    0x42, 0x92, 0x0b, 0x42, 0x84, 0x10, 0x32, 0x14, 0x38, 0x08, 0x18, 0x4b, 0x0a, 0x32, 0x42, 0x88,
    0x48, 0x90, 0x14, 0x20, 0x43, 0x46, 0x88, 0xa5, 0x00, 0x19, 0x32, 0x42, 0xe4, 0x48, 0x0e, 0x90,
    0x11, 0x22, 0xc4, 0x50, 0x41, 0x51, 0x81, 0x8c, 0xe1, 0x83, 0xe5, 0x8a, 0x04, 0x21, 0x46, 0x06,
    0x51, 0x18, 0x00, 0x00, 0x06, 0x00, 0x00, 0x00, 0x1b, 0x8c, 0xe0, 0xff, 0xff, 0xff, 0xff, 0x07,
    0x40, 0x02, 0xa8, 0x0d, 0x84, 0xf0, 0xff, 0xff, 0xff, 0xff, 0x03, 0x20, 0x01, 0x00, 0x00, 0x00,
    0x49, 0x18, 0x00, 0x00, 0x02, 0x00, 0x00, 0x00, 0x13, 0x82, 0x60, 0x42, 0x20, 0x00, 0x00, 0x00,
    0x89, 0x20, 0x00, 0x00, 0x0f, 0x00, 0x00, 0x00, 0x32, 0x22, 0x08, 0x09, 0x20, 0x64, 0x85, 0x04,
    0x13, 0x22, 0xa4, 0x84, 0x04, 0x13, 0x22, 0xe3, 0x84, 0xa1, 0x90, 0x14, 0x12, 0x4c, 0x88, 0x8c,
    0x0b, 0x84, 0x84, 0x4c, 0x10, 0x30, 0x23, 0x00, 0x25, 0x00, 0x8a, 0x19, 0x80, 0x39, 0x02, 0x30,
    0x98, 0x23, 0x40, 0x8a, 0x31, 0x44, 0x54, 0x44, 0x56, 0x0c, 0x20, 0xa2, 0x1a, 0xc2, 0x81, 0x80,
    0x54, 0x20, 0x00, 0x00, 0x13, 0x14, 0x72, 0xc0, 0x87, 0x74, 0x60, 0x87, 0x36, 0x68, 0x87, 0x79,
    0x68, 0x03, 0x72, 0xc0, 0x87, 0x0d, 0xaf, 0x50, 0x0e, 0x6d, 0xd0, 0x0e, 0x7a, 0x50, 0x0e, 0x6d,
    0x00, 0x0f, 0x7a, 0x30, 0x07, 0x72, 0xa0, 0x07, 0x73, 0x20, 0x07, 0x6d, 0x90, 0x0e, 0x71, 0xa0,
    0x07, 0x73, 0x20, 0x07, 0x6d, 0x90, 0x0e, 0x78, 0xa0, 0x07, 0x73, 0x20, 0x07, 0x6d, 0x90, 0x0e,
    0x71, 0x60, 0x07, 0x7a, 0x30, 0x07, 0x72, 0xd0, 0x06, 0xe9, 0x30, 0x07, 0x72, 0xa0, 0x07, 0x73,
    0x20, 0x07, 0x6d, 0x90, 0x0e, 0x76, 0x40, 0x07, 0x7a, 0x60, 0x07, 0x74, 0xd0, 0x06, 0xe6, 0x10,
    0x07, 0x76, 0xa0, 0x07, 0x73, 0x20, 0x07, 0x6d, 0x60, 0x0e, 0x73, 0x20, 0x07, 0x7a, 0x30, 0x07,
    0x72, 0xd0, 0x06, 0xe6, 0x60, 0x07, 0x74, 0xa0, 0x07, 0x76, 0x40, 0x07, 0x6d, 0xe0, 0x0e, 0x78,
    0xa0, 0x07, 0x71, 0x60, 0x07, 0x7a, 0x30, 0x07, 0x72, 0xa0, 0x07, 0x76, 0x40, 0x07, 0x43, 0x9e,
    0x00, 0x08, 0x00, 0x00, 0x00, 0x00, 0x00, 0x00, 0x00, 0x00, 0x00, 0x86, 0x3c, 0x06, 0x10, 0x00,
    0x01, 0x00, 0x00, 0x00, 0x00, 0x00, 0x00, 0x00, 0x0c, 0x79, 0x10, 0x20, 0x00, 0x04, 0x00, 0x00,
    0x00, 0x00, 0x00, 0x00, 0x00, 0xc8, 0x02, 0x01, 0x0d, 0x00, 0x00, 0x00, 0x32, 0x1e, 0x98, 0x14,
    0x19, 0x11, 0x4c, 0x90, 0x8c, 0x09, 0x26, 0x47, 0xc6, 0x04, 0x43, 0xa2, 0x12, 0x18, 0x01, 0x28,
    0x86, 0x32, 0x28, 0x8f, 0x92, 0x28, 0x04, 0xaa, 0x92, 0x28, 0x83, 0x42, 0x18, 0x01, 0x28, 0x82,
    0x02, 0xa1, 0x1d, 0x4b, 0x41, 0x08, 0x00, 0x00, 0x80, 0x40, 0x20, 0x10, 0x00, 0x00, 0x00, 0x00,
    0x79, 0x18, 0x00, 0x00, 0x5f, 0x00, 0x00, 0x00, 0x1a, 0x03, 0x4c, 0x90, 0x46, 0x02, 0x13, 0x44,
    0x8f, 0x0c, 0x6f, 0xec, 0xed, 0x4d, 0x0c, 0x24, 0xc6, 0xe5, 0xc6, 0x45, 0x66, 0x06, 0x06, 0xc7,
    0x25, 0xc6, 0x06, 0x04, 0xa5, 0x46, 0x86, 0x2c, 0x2c, 0xe6, 0xa6, 0x4c, 0x26, 0x27, 0x65, 0x43,
    0x10, 0x4c, 0x10, 0x88, 0x61, 0x82, 0x40, 0x10, 0x1b, 0x84, 0x81, 0xd8, 0x20, 0x10, 0x04, 0x05,
    0xb8, 0xb9, 0x09, 0x02, 0x51, 0x6c, 0x18, 0x0e, 0x84, 0x98, 0x20, 0x08, 0xc0, 0x06, 0x60, 0xc3,
    0x40, 0x2c, 0xcb, 0x86, 0x80, 0xd9, 0x30, 0x0c, 0x4a, 0x33, 0x41, 0x58, 0xa0, 0x0d, 0xc1, 0x43,
    0xa2, 0x2d, 0x2c, 0xcd, 0x8d, 0xcb, 0x94, 0xd5, 0x17, 0xd4, 0xdb, 0x5c, 0x1a, 0x5d, 0xda, 0x9b,
    0xdb, 0x04, 0xa1, 0x50, 0x26, 0x08, 0xc5, 0xb2, 0x21, 0x20, 0x26, 0x08, 0x05, 0x33, 0x41, 0x28,
    0x9a, 0x0d, 0x0b, 0x21, 0x4d, 0x54, 0x65, 0x0d, 0x16, 0x71, 0x01, 0x44, 0xa8, 0x8a, 0xb0, 0x86,
    0x9e, 0x9e, 0xa4, 0x88, 0x26, 0x08, 0x85, 0x33, 0x41, 0x20, 0x8c, 0x09, 0x02, 0x71, 0x6c, 0x10,
    0x36, 0x6e, 0xc3, 0x32, 0x64, 0xd3, 0x55, 0x69, 0x83, 0x35, 0x5c, 0xdd, 0x06, 0x01, 0xf3, 0x98,
    0x4c, 0x59, 0x7d, 0x51, 0x85, 0xc9, 0x9d, 0x95, 0xd1, 0x4d, 0x10, 0x8a, 0x67, 0xc3, 0x42, 0x80,
    0xc1, 0x14, 0x06, 0xd5, 0x35, 0x58, 0xc4, 0xd5, 0x6d, 0x08, 0xc4, 0x60, 0xc3, 0xf0, 0x8d, 0x01,
    0xb0, 0xa1, 0x50, 0x22, 0x32, 0x00, 0x00, 0x16, 0x69, 0x6e, 0x73, 0x74, 0x73, 0x13, 0x04, 0x02,
    0xa1, 0x31, 0x97, 0x76, 0xf6, 0xc5, 0x46, 0x36, 0x41, 0x20, 0x12, 0x1a, 0x73, 0x69, 0x67, 0x5f,
    0x73, 0x74, 0x1b, 0x0c, 0x33, 0x38, 0x03, 0x34, 0x48, 0x03, 0x35, 0x48, 0x83, 0x2a, 0x6c, 0x6c,
    0x76, 0x6d, 0x2e, 0x69, 0x64, 0x65, 0x6e, 0x74, 0x53, 0x82, 0xa0, 0x0a, 0x19, 0x9e, 0x8b, 0x5d,
    0x99, 0xdc, 0x5c, 0xda, 0x9b, 0xdb, 0x94, 0x80, 0x68, 0x42, 0x86, 0xe7, 0x62, 0x17, 0xc6, 0x66,
    0x57, 0x26, 0x37, 0x25, 0x28, 0xea, 0x90, 0xe1, 0xb9, 0xcc, 0xa1, 0x85, 0x91, 0x95, 0xc9, 0x35,
    0xbd, 0x91, 0x95, 0xb1, 0x4d, 0x09, 0x90, 0x4a, 0x64, 0x78, 0x2e, 0x74, 0x79, 0x70, 0x65, 0x41,
    0x6e, 0x6e, 0x6f, 0x74, 0x61, 0x74, 0x69, 0x6f, 0x6e, 0x73, 0x53, 0x82, 0xa6, 0x0e, 0x19, 0x9e,
    0x8b, 0x5d, 0x5a, 0xd9, 0x5d, 0x12, 0xd9, 0x14, 0x5d, 0x18, 0x5d, 0xd9, 0x94, 0xe0, 0xa9, 0x43,
    0x86, 0xe7, 0x52, 0xe6, 0x46, 0x27, 0x97, 0x07, 0xf5, 0x96, 0xe6, 0x46, 0x37, 0x37, 0x25, 0x20,
    0x83, 0x2e, 0x64, 0x78, 0x2e, 0x63, 0x6f, 0x75, 0x6e, 0x74, 0x65, 0x72, 0x73, 0x53, 0x02, 0x35,
    0x00, 0x00, 0x00, 0x00, 0x79, 0x18, 0x00, 0x00, 0x4c, 0x00, 0x00, 0x00, 0x33, 0x08, 0x80, 0x1c,
    0xc4, 0xe1, 0x1c, 0x66, 0x14, 0x01, 0x3d, 0x88, 0x43, 0x38, 0x84, 0xc3, 0x8c, 0x42, 0x80, 0x07,
    0x79, 0x78, 0x07, 0x73, 0x98, 0x71, 0x0c, 0xe6, 0x00, 0x0f, 0xed, 0x10, 0x0e, 0xf4, 0x80, 0x0e,
    0x33, 0x0c, 0x42, 0x1e, 0xc2, 0xc1, 0x1d, 0xce, 0xa1, 0x1c, 0x66, 0x30, 0x05, 0x3d, 0x88, 0x43,
    0x38, 0x84, 0x83, 0x1b, 0xcc, 0x03, 0x3d, 0xc8, 0x43, 0x3d, 0x8c, 0x03, 0x3d, 0xcc, 0x78, 0x8c,
    0x74, 0x70, 0x07, 0x7b, 0x08, 0x07, 0x79, 0x48, 0x87, 0x70, 0x70, 0x07, 0x7a, 0x70, 0x03, 0x76,
    0x78, 0x87, 0x70, 0x20, 0x87, 0x19, 0xcc, 0x11, 0x0e, 0xec, 0x90, 0x0e, 0xe1, 0x30, 0x0f, 0x6e,
    0x30, 0x0f, 0xe3, 0xf0, 0x0e, 0xf0, 0x50, 0x0e, 0x33, 0x10, 0xc4, 0x1d, 0xde, 0x21, 0x1c, 0xd8,
    0x21, 0x1d, 0xc2, 0x61, 0x1e, 0x66, 0x30, 0x89, 0x3b, 0xbc, 0x83, 0x3b, 0xd0, 0x43, 0x39, 0xb4,
    0x03, 0x3c, 0xbc, 0x83, 0x3c, 0x84, 0x03, 0x3b, 0xcc, 0xf0, 0x14, 0x76, 0x60, 0x07, 0x7b, 0x68,
    0x07, 0x37, 0x68, 0x87, 0x72, 0x68, 0x07, 0x37, 0x80, 0x87, 0x70, 0x90, 0x87, 0x70, 0x60, 0x07,
    0x76, 0x28, 0x07, 0x76, 0xf8, 0x05, 0x76, 0x78, 0x87, 0x77, 0x80, 0x87, 0x5f, 0x08, 0x87, 0x71,
    0x18, 0x87, 0x72, 0x98, 0x87, 0x79, 0x98, 0x81, 0x2c, 0xee, 0xf0, 0x0e, 0xee, 0xe0, 0x0e, 0xf5,
    0xc0, 0x0e, 0xec, 0x30, 0x03, 0x62, 0xc8, 0xa1, 0x1c, 0xe4, 0xa1, 0x1c, 0xcc, 0xa1, 0x1c, 0xe4,
    0xa1, 0x1c, 0xdc, 0x61, 0x1c, 0xca, 0x21, 0x1c, 0xc4, 0x81, 0x1d, 0xca, 0x61, 0x06, 0xd6, 0x90,
    0x43, 0x39, 0xc8, 0x43, 0x39, 0x98, 0x43, 0x39, 0xc8, 0x43, 0x39, 0xb8, 0xc3, 0x38, 0x94, 0x43,
    0x38, 0x88, 0x03, 0x3b, 0x94, 0xc3, 0x2f, 0xbc, 0x83, 0x3c, 0xfc, 0x82, 0x3b, 0xd4, 0x03, 0x3b,
    0xb0, 0xc3, 0x0c, 0xc4, 0x21, 0x07, 0x7c, 0x70, 0x03, 0x7a, 0x28, 0x87, 0x76, 0x80, 0x87, 0x19,
    0xd1, 0x43, 0x0e, 0xf8, 0xe0, 0x06, 0xe4, 0x20, 0x0e, 0xe7, 0xe0, 0x06, 0xf6, 0x10, 0x0e, 0xf2,
    0xc0, 0x0e, 0xe1, 0x90, 0x0f, 0xef, 0x50, 0x0f, 0xf4, 0x00, 0x00, 0x00, 0x71, 0x20, 0x00, 0x00,
    0x0b, 0x00, 0x00, 0x00, 0x16, 0x30, 0x0d, 0x97, 0xef, 0x3c, 0xfe, 0xe2, 0x00, 0x83, 0xd8, 0x3c,
    0xd4, 0xe4, 0x17, 0xb7, 0x6d, 0x02, 0xd5, 0x70, 0xf9, 0xce, 0xe3, 0x4b, 0x93, 0x13, 0x11, 0x28,
    0x35, 0x3d, 0xd4, 0xe4, 0x17, 0xb7, 0x6d, 0x00, 0x04, 0x03, 0x20, 0x0d, 0x00, 0x00, 0x00, 0x00,
    0x00, 0x00, 0x00, 0x00, 0x48, 0x41, 0x53, 0x48, 0x14, 0x00, 0x00, 0x00, 0x00, 0x00, 0x00, 0x00,
    0x38, 0xff, 0x75, 0x1a, 0xf3, 0x6c, 0x92, 0xf6, 0x6f, 0xf9, 0x32, 0xdd, 0x4c, 0x5c, 0x7f, 0x27,
    0x44, 0x58, 0x49, 0x4c, 0xf4, 0x04, 0x00, 0x00, 0x60, 0x00, 0x00, 0x00, 0x3d, 0x01, 0x00, 0x00,
    0x44, 0x58, 0x49, 0x4c, 0x00, 0x01, 0x00, 0x00, 0x10, 0x00, 0x00, 0x00, 0xdc, 0x04, 0x00, 0x00,
    0x42, 0x43, 0xc0, 0xde, 0x21, 0x0c, 0x00, 0x00, 0x34, 0x01, 0x00, 0x00, 0x0b, 0x82, 0x20, 0x00,
    0x02, 0x00, 0x00, 0x00, 0x13, 0x00, 0x00, 0x00, 0x07, 0x81, 0x23, 0x91, 0x41, 0xc8, 0x04, 0x49,
    0x06, 0x10, 0x32, 0x39, 0x92, 0x01, 0x84, 0x0c, 0x25, 0x05, 0x08, 0x19, 0x1e, 0x04, 0x8b, 0x62,
    0x80, 0x10, 0x45, 0x02, 0x42, 0x92, 0x0b, 0x42, 0x84, 0x10, 0x32, 0x14, 0x38, 0x08, 0x18, 0x4b,
    0x0a, 0x32, 0x42, 0x88, 0x48, 0x90, 0x14, 0x20, 0x43, 0x46, 0x88, 0xa5, 0x00, 0x19, 0x32, 0x42,
    0xe4, 0x48, 0x0e, 0x90, 0x11, 0x22, 0xc4, 0x50, 0x41, 0x51, 0x81, 0x8c, 0xe1, 0x83, 0xe5, 0x8a,
    0x04, 0x21, 0x46, 0x06, 0x51, 0x18, 0x00, 0x00, 0x06, 0x00, 0x00, 0x00, 0x1b, 0x8c, 0xe0, 0xff,
    0xff, 0xff, 0xff, 0x07, 0x40, 0x02, 0xa8, 0x0d, 0x84, 0xf0, 0xff, 0xff, 0xff, 0xff, 0x03, 0x20,
    0x01, 0x00, 0x00, 0x00, 0x49, 0x18, 0x00, 0x00, 0x02, 0x00, 0x00, 0x00, 0x13, 0x82, 0x60, 0x42,
    0x20, 0x00, 0x00, 0x00, 0x89, 0x20, 0x00, 0x00, 0x0f, 0x00, 0x00, 0x00, 0x32, 0x22, 0x08, 0x09,
    0x20, 0x64, 0x85, 0x04, 0x13, 0x22, 0xa4, 0x84, 0x04, 0x13, 0x22, 0xe3, 0x84, 0xa1, 0x90, 0x14,
    0x12, 0x4c, 0x88, 0x8c, 0x0b, 0x84, 0x84, 0x4c, 0x10, 0x30, 0x23, 0x00, 0x25, 0x00, 0x8a, 0x19,
    0x80, 0x39, 0x02, 0x30, 0x98, 0x23, 0x40, 0x8a, 0x31, 0x44, 0x54, 0x44, 0x56, 0x0c, 0x20, 0xa2,
    0x1a, 0xc2, 0x81, 0x80, 0x54, 0x20, 0x00, 0x00, 0x13, 0x14, 0x72, 0xc0, 0x87, 0x74, 0x60, 0x87,
    0x36, 0x68, 0x87, 0x79, 0x68, 0x03, 0x72, 0xc0, 0x87, 0x0d, 0xaf, 0x50, 0x0e, 0x6d, 0xd0, 0x0e,
    0x7a, 0x50, 0x0e, 0x6d, 0x00, 0x0f, 0x7a, 0x30, 0x07, 0x72, 0xa0, 0x07, 0x73, 0x20, 0x07, 0x6d,
    0x90, 0x0e, 0x71, 0xa0, 0x07, 0x73, 0x20, 0x07, 0x6d, 0x90, 0x0e, 0x78, 0xa0, 0x07, 0x73, 0x20,
    0x07, 0x6d, 0x90, 0x0e, 0x71, 0x60, 0x07, 0x7a, 0x30, 0x07, 0x72, 0xd0, 0x06, 0xe9, 0x30, 0x07,
    0x72, 0xa0, 0x07, 0x73, 0x20, 0x07, 0x6d, 0x90, 0x0e, 0x76, 0x40, 0x07, 0x7a, 0x60, 0x07, 0x74,
    0xd0, 0x06, 0xe6, 0x10, 0x07, 0x76, 0xa0, 0x07, 0x73, 0x20, 0x07, 0x6d, 0x60, 0x0e, 0x73, 0x20,
    0x07, 0x7a, 0x30, 0x07, 0x72, 0xd0, 0x06, 0xe6, 0x60, 0x07, 0x74, 0xa0, 0x07, 0x76, 0x40, 0x07,
    0x6d, 0xe0, 0x0e, 0x78, 0xa0, 0x07, 0x71, 0x60, 0x07, 0x7a, 0x30, 0x07, 0x72, 0xa0, 0x07, 0x76,
    0x40, 0x07, 0x43, 0x9e, 0x00, 0x00, 0x00, 0x00, 0x00, 0x00, 0x00, 0x00, 0x00, 0x00, 0x00, 0x86,
    0x3c, 0x06, 0x10, 0x00, 0x01, 0x00, 0x00, 0x00, 0x00, 0x00, 0x00, 0x00, 0x0c, 0x79, 0x10, 0x20,
    0x00, 0x04, 0x00, 0x00, 0x00, 0x00, 0x00, 0x00, 0x00, 0xc8, 0x02, 0x01, 0x0c, 0x00, 0x00, 0x00,
    0x32, 0x1e, 0x98, 0x14, 0x19, 0x11, 0x4c, 0x90, 0x8c, 0x09, 0x26, 0x47, 0xc6, 0x04, 0x43, 0xa2,
    0x12, 0x18, 0x01, 0x28, 0x87, 0x62, 0x28, 0x83, 0xf2, 0xa0, 0x2a, 0x89, 0x32, 0x28, 0x84, 0x11,
    0x80, 0x22, 0x28, 0x10, 0xda, 0xb1, 0x14, 0x84, 0x00, 0x00, 0x00, 0x08, 0x04, 0x02, 0x01, 0x00,
    0x79, 0x18, 0x00, 0x00, 0x49, 0x00, 0x00, 0x00, 0x1a, 0x03, 0x4c, 0x90, 0x46, 0x02, 0x13, 0x44,
    0x8f, 0x0c, 0x6f, 0xec, 0xed, 0x4d, 0x0c, 0x24, 0xc6, 0xe5, 0xc6, 0x45, 0x66, 0x06, 0x06, 0xc7,
    0x25, 0xc6, 0x06, 0x04, 0xa5, 0x46, 0x86, 0x2c, 0x2c, 0xe6, 0xa6, 0x4c, 0x26, 0x27, 0x65, 0x43,
    0x10, 0x4c, 0x10, 0x88, 0x61, 0x82, 0x40, 0x10, 0x1b, 0x84, 0x81, 0x98, 0x20, 0x10, 0xc5, 0x06,
    0x61, 0x30, 0x28, 0xc0, 0xcd, 0x4d, 0x10, 0x08, 0x63, 0xc3, 0x80, 0x24, 0xc4, 0x04, 0x61, 0x79,
    0x36, 0x04, 0xcb, 0x04, 0x41, 0x00, 0x48, 0xb4, 0x85, 0xa5, 0xb9, 0x71, 0x99, 0xb2, 0xfa, 0x82,
    0x7a, 0x9b, 0x4b, 0xa3, 0x4b, 0x7b, 0x73, 0x9b, 0x20, 0x14, 0xc9, 0x04, 0xa1, 0x50, 0x36, 0x04,
    0xc4, 0x04, 0xa1, 0x58, 0x26, 0x08, 0x05, 0xb3, 0x61, 0x21, 0x1e, 0x28, 0x92, 0xa6, 0x61, 0x22,
    0x28, 0x80, 0x08, 0x55, 0x11, 0xd6, 0xd0, 0xd3, 0x93, 0x14, 0xd1, 0x04, 0xa1, 0x68, 0x26, 0x08,
    0xc4, 0x31, 0x41, 0x20, 0x90, 0x0d, 0x02, 0x96, 0x6d, 0x58, 0x06, 0x0b, 0xa2, 0xa4, 0x6b, 0x98,
    0x06, 0x4a, 0xdb, 0x20, 0x54, 0x1b, 0x93, 0x29, 0xab, 0x2f, 0xaa, 0x30, 0xb9, 0xb3, 0x32, 0xba,
    0x09, 0x42, 0xe1, 0x6c, 0x58, 0x88, 0x0e, 0xf2, 0x24, 0x6a, 0x98, 0x08, 0x4a, 0xdb, 0x10, 0x7c,
    0x1b, 0x06, 0x0e, 0x0c, 0x80, 0x0d, 0x45, 0xe3, 0x84, 0x01, 0x00, 0x54, 0x61, 0x63, 0xb3, 0x6b,
    0x73, 0x49, 0x23, 0x2b, 0x73, 0xa3, 0x9b, 0x12, 0x04, 0x55, 0xc8, 0xf0, 0x5c, 0xec, 0xca, 0xe4,
    0xe6, 0xd2, 0xde, 0xdc, 0xa6, 0x04, 0x44, 0x13, 0x32, 0x3c, 0x17, 0xbb, 0x30, 0x36, 0xbb, 0x32,
    0xb9, 0x29, 0x81, 0x51, 0x87, 0x0c, 0xcf, 0x65, 0x0e, 0x2d, 0x8c, 0xac, 0x4c, 0xae, 0xe9, 0x8d,
    0xac, 0x8c, 0x6d, 0x4a, 0x90, 0xd4, 0x21, 0xc3, 0x73, 0xb1, 0x4b, 0x2b, 0xbb, 0x4b, 0x22, 0x9b,
    0xa2, 0x0b, 0xa3, 0x2b, 0x9b, 0x12, 0x2c, 0x75, 0xc8, 0xf0, 0x5c, 0xca, 0xdc, 0xe8, 0xe4, 0xf2,
    0xa0, 0xde, 0xd2, 0xdc, 0xe8, 0xe6, 0xa6, 0x04, 0x61, 0x00, 0x00, 0x00, 0x79, 0x18, 0x00, 0x00,
    0x4c, 0x00, 0x00, 0x00, 0x33, 0x08, 0x80, 0x1c, 0xc4, 0xe1, 0x1c, 0x66, 0x14, 0x01, 0x3d, 0x88,
    0x43, 0x38, 0x84, 0xc3, 0x8c, 0x42, 0x80, 0x07, 0x79, 0x78, 0x07, 0x73, 0x98, 0x71, 0x0c, 0xe6,
    0x00, 0x0f, 0xed, 0x10, 0x0e, 0xf4, 0x80, 0x0e, 0x33, 0x0c, 0x42, 0x1e, 0xc2, 0xc1, 0x1d, 0xce,
    0xa1, 0x1c, 0x66, 0x30, 0x05, 0x3d, 0x88, 0x43, 0x38, 0x84, 0x83, 0x1b, 0xcc, 0x03, 0x3d, 0xc8,
    0x43, 0x3d, 0x8c, 0x03, 0x3d, 0xcc, 0x78, 0x8c, 0x74, 0x70, 0x07, 0x7b, 0x08, 0x07, 0x79, 0x48,
    0x87, 0x70, 0x70, 0x07, 0x7a, 0x70, 0x03, 0x76, 0x78, 0x87, 0x70, 0x20, 0x87, 0x19, 0xcc, 0x11,
    0x0e, 0xec, 0x90, 0x0e, 0xe1, 0x30, 0x0f, 0x6e, 0x30, 0x0f, 0xe3, 0xf0, 0x0e, 0xf0, 0x50, 0x0e,
    0x33, 0x10, 0xc4, 0x1d, 0xde, 0x21, 0x1c, 0xd8, 0x21, 0x1d, 0xc2, 0x61, 0x1e, 0x66, 0x30, 0x89,
    0x3b, 0xbc, 0x83, 0x3b, 0xd0, 0x43, 0x39, 0xb4, 0x03, 0x3c, 0xbc, 0x83, 0x3c, 0x84, 0x03, 0x3b,
    0xcc, 0xf0, 0x14, 0x76, 0x60, 0x07, 0x7b, 0x68, 0x07, 0x37, 0x68, 0x87, 0x72, 0x68, 0x07, 0x37,
    0x80, 0x87, 0x70, 0x90, 0x87, 0x70, 0x60, 0x07, 0x76, 0x28, 0x07, 0x76, 0xf8, 0x05, 0x76, 0x78,
    0x87, 0x77, 0x80, 0x87, 0x5f, 0x08, 0x87, 0x71, 0x18, 0x87, 0x72, 0x98, 0x87, 0x79, 0x98, 0x81,
    0x2c, 0xee, 0xf0, 0x0e, 0xee, 0xe0, 0x0e, 0xf5, 0xc0, 0x0e, 0xec, 0x30, 0x03, 0x62, 0xc8, 0xa1,
    0x1c, 0xe4, 0xa1, 0x1c, 0xcc, 0xa1, 0x1c, 0xe4, 0xa1, 0x1c, 0xdc, 0x61, 0x1c, 0xca, 0x21, 0x1c,
    0xc4, 0x81, 0x1d, 0xca, 0x61, 0x06, 0xd6, 0x90, 0x43, 0x39, 0xc8, 0x43, 0x39, 0x98, 0x43, 0x39,
    0xc8, 0x43, 0x39, 0xb8, 0xc3, 0x38, 0x94, 0x43, 0x38, 0x88, 0x03, 0x3b, 0x94, 0xc3, 0x2f, 0xbc,
    0x83, 0x3c, 0xfc, 0x82, 0x3b, 0xd4, 0x03, 0x3b, 0xb0, 0xc3, 0x0c, 0xc4, 0x21, 0x07, 0x7c, 0x70,
    0x03, 0x7a, 0x28, 0x87, 0x76, 0x80, 0x87, 0x19, 0xd1, 0x43, 0x0e, 0xf8, 0xe0, 0x06, 0xe4, 0x20,
    0x0e, 0xe7, 0xe0, 0x06, 0xf6, 0x10, 0x0e, 0xf2, 0xc0, 0x0e, 0xe1, 0x90, 0x0f, 0xef, 0x50, 0x0f,
    0xf4, 0x00, 0x00, 0x00, 0x71, 0x20, 0x00, 0x00, 0x0b, 0x00, 0x00, 0x00, 0x16, 0x30, 0x0d, 0x97,
    0xef, 0x3c, 0xfe, 0xe2, 0x00, 0x83, 0xd8, 0x3c, 0xd4, 0xe4, 0x17, 0xb7, 0x6d, 0x02, 0xd5, 0x70,
    0xf9, 0xce, 0xe3, 0x4b, 0x93, 0x13, 0x11, 0x28, 0x35, 0x3d, 0xd4, 0xe4, 0x17, 0xb7, 0x6d, 0x00,
    0x04, 0x03, 0x20, 0x0d, 0x00, 0x00, 0x00, 0x00, 0x61, 0x20, 0x00, 0x00, 0x1e, 0x00, 0x00, 0x00,
    0x13, 0x04, 0x41, 0x2c, 0x10, 0x00, 0x00, 0x00, 0x03, 0x00, 0x00, 0x00, 0x44, 0x85, 0x30, 0x03,
    0x50, 0x0a, 0x54, 0x25, 0x00, 0x00, 0x00, 0x00, 0x23, 0x06, 0x09, 0x00, 0x82, 0x60, 0x60, 0x4c,
    0x44, 0x04, 0x21, 0xc3, 0x88, 0x41, 0x02, 0x80, 0x20, 0x18, 0x18, 0x54, 0x21, 0x45, 0x02, 0x31,
    0x62, 0x90, 0x00, 0x20, 0x08, 0x06, 0x46, 0x65, 0x4c, 0x52, 0x52, 0x8c, 0x18, 0x24, 0x00, 0x08,
    0x82, 0x81, 0x61, 0x1d, 0xd4, 0xd4, 0x18, 0x23, 0x06, 0x09, 0x00, 0x82, 0x60, 0x80, 0x58, 0x06,
    0x45, 0x31, 0xc4, 0x88, 0x41, 0x02, 0x80, 0x20, 0x18, 0x20, 0x96, 0x41, 0x51, 0xc5, 0x30, 0x62,
    0x90, 0x00, 0x20, 0x08, 0x06, 0x88, 0x65, 0x50, 0xd4, 0x22, 0x8c, 0x18, 0x24, 0x00, 0x08, 0x82,
    0x01, 0x62, 0x19, 0x14, 0xe5, 0x04, 0x08, 0x00, 0x00, 0x00, 0x00, 0x00
};
static const unsigned int game_particle_pixel_dxil_size = 2956;

static const unsigned char game_particle_tex_vertex_dxil[] = {
    0x44, 0x58, 0x42, 0x43, 0x10, 0xa8, 0x0d, 0x0b, 0xd8, 0xc4, 0xe3, 0x87, 0xed, 0x16, 0x10, 0xa7,
    0x26, 0x5e, 0xca, 0xf4, 0x01, 0x00, 0x00, 0x00, 0x4c, 0x0d, 0x00, 0x00, 0x07, 0x00, 0x00, 0x00,
    0x3c, 0x00, 0x00, 0x00, 0x4c, 0x00, 0x00, 0x00, 0xc8, 0x00, 0x00, 0x00, 0x50, 0x01, 0x00, 0x00,
    0x68, 0x02, 0x00, 0x00, 0x78, 0x07, 0x00, 0x00, 0x94, 0x07, 0x00, 0x00, 0x53, 0x46, 0x49, 0x30,
    0x08, 0x00, 0x00, 0x00, 0x00, 0x00, 0x00, 0x00, 0x00, 0x00, 0x00, 0x00, 0x49, 0x53, 0x47, 0x31,
    0x74, 0x00, 0x00, 0x00, 0x03, 0x00, 0x00, 0x00, 0x08, 0x00, 0x00, 0x00, 0x00, 0x00, 0x00, 0x00,
    0x68, 0x00, 0x00, 0x00, 0x00, 0x00, 0x00, 0x00, 0x00, 0x00, 0x00, 0x00, 0x03, 0x00, 0x00, 0x00,
    0x00, 0x00, 0x00, 0x00, 0x07, 0x07, 0x00, 0x00, 0x00, 0x00, 0x00, 0x00, 0x00, 0x00, 0x00, 0x00,
    0x68, 0x00, 0x00, 0x00, 0x01, 0x00, 0x00, 0x00, 0x00, 0x00, 0x00, 0x00, 0x03, 0x00, 0x00, 0x00,
    0x01, 0x00, 0x00, 0x00, 0x03, 0x03, 0x00, 0x00, 0x00, 0x00, 0x00, 0x00, 0x00, 0x00, 0x00, 0x00,
    0x68, 0x00, 0x00, 0x00, 0x02, 0x00, 0x00, 0x00, 0x00, 0x00, 0x00, 0x00, 0x03, 0x00, 0x00, 0x00,
    0x02, 0x00, 0x00, 0x00, 0x0f, 0x0f, 0x00, 0x00, 0x00, 0x00, 0x00, 0x00, 0x54, 0x45, 0x58, 0x43,
    0x4f, 0x4f, 0x52, 0x44, 0x00, 0x00, 0x00, 0x00, 0x4f, 0x53, 0x47, 0x31, 0x80, 0x00, 0x00, 0x00,
    0x03, 0x00, 0x00, 0x00, 0x08, 0x00, 0x00, 0x00, 0x00, 0x00, 0x00, 0x00, 0x68, 0x00, 0x00, 0x00,
    0x00, 0x00, 0x00, 0x00, 0x01, 0x00, 0x00, 0x00, 0x03, 0x00, 0x00, 0x00, 0x00, 0x00, 0x00, 0x00,
    0x0f, 0x00, 0x00, 0x00, 0x00, 0x00, 0x00, 0x00, 0x00, 0x00, 0x00, 0x00, 0x74, 0x00, 0x00, 0x00,
    0x00, 0x00, 0x00, 0x00, 0x00, 0x00, 0x00, 0x00, 0x03, 0x00, 0x00, 0x00, 0x01, 0x00, 0x00, 0x00,
    0x03, 0x0c, 0x00, 0x00, 0x00, 0x00, 0x00, 0x00, 0x00, 0x00, 0x00, 0x00, 0x74, 0x00, 0x00, 0x00,
    0x01, 0x00, 0x00, 0x00, 0x00, 0x00, 0x00, 0x00, 0x03, 0x00, 0x00, 0x00, 0x02, 0x00, 0x00, 0x00,
    0x0f, 0x00, 0x00, 0x00, 0x00, 0x00, 0x00, 0x00, 0x53, 0x56, 0x5f, 0x50, 0x6f, 0x73, 0x69, 0x74,
    0x69, 0x6f, 0x6e, 0x00, 0x54, 0x45, 0x58, 0x43, 0x4f, 0x4f, 0x52, 0x44, 0x00, 0x00, 0x00, 0x00,
    0x50, 0x53, 0x56, 0x30, 0x10, 0x01, 0x00, 0x00, 0x30, 0x00, 0x00, 0x00, 0x01, 0x00, 0x00, 0x00,
    0x00, 0x00, 0x00, 0x00, 0x00, 0x00, 0x00, 0x00, 0x00, 0x00, 0x00, 0x00, 0x00, 0x00, 0x00, 0x00,
    0xff, 0xff, 0xff, 0xff, 0x01, 0x00, 0x00, 0x00, 0x03, 0x03, 0x00, 0x03, 0x03, 0x00, 0x00, 0x00,
    0x00, 0x00, 0x00, 0x00, 0x00, 0x00, 0x00, 0x00, 0x00, 0x00, 0x00, 0x00, 0x00, 0x00, 0x00, 0x00,
    0x30, 0x00, 0x00, 0x00, 0x00, 0x54, 0x45, 0x58, 0x43, 0x4f, 0x4f, 0x52, 0x44, 0x00, 0x54, 0x45,
    0x58, 0x43, 0x4f, 0x4f, 0x52, 0x44, 0x00, 0x54, 0x45, 0x58, 0x43, 0x4f, 0x4f, 0x52, 0x44, 0x00,
    0x54, 0x45, 0x58, 0x43, 0x4f, 0x4f, 0x52, 0x44, 0x00, 0x54, 0x45, 0x58, 0x43, 0x4f, 0x4f, 0x52,
    0x44, 0x00, 0x00, 0x00, 0x03, 0x00, 0x00, 0x00, 0x00, 0x00, 0x00, 0x00, 0x01, 0x00, 0x00, 0x00,
    0x02, 0x00, 0x00, 0x00, 0x10, 0x00, 0x00, 0x00, 0x01, 0x00, 0x00, 0x00, 0x00, 0x00, 0x00, 0x00,
    0x01, 0x00, 0x43, 0x00, 0x03, 0x00, 0x00, 0x00, 0x0a, 0x00, 0x00, 0x00, 0x01, 0x00, 0x00, 0x00,
    0x01, 0x01, 0x42, 0x00, 0x03, 0x00, 0x00, 0x00, 0x13, 0x00, 0x00, 0x00, 0x02, 0x00, 0x00, 0x00,
    0x01, 0x02, 0x44, 0x00, 0x03, 0x00, 0x00, 0x00, 0x00, 0x00, 0x00, 0x00, 0x00, 0x00, 0x00, 0x00,
    0x01, 0x00, 0x44, 0x03, 0x03, 0x04, 0x00, 0x00, 0x1c, 0x00, 0x00, 0x00, 0x00, 0x00, 0x00, 0x00,
    0x01, 0x01, 0x42, 0x00, 0x03, 0x02, 0x00, 0x00, 0x25, 0x00, 0x00, 0x00, 0x01, 0x00, 0x00, 0x00,
    0x01, 0x02, 0x44, 0x00, 0x03, 0x02, 0x00, 0x00, 0x01, 0x00, 0x00, 0x00, 0x02, 0x00, 0x00, 0x00,
    0x04, 0x00, 0x00, 0x00, 0x00, 0x00, 0x00, 0x00, 0x10, 0x00, 0x00, 0x00, 0x20, 0x00, 0x00, 0x00,
    0x00, 0x00, 0x00, 0x00, 0x00, 0x00, 0x00, 0x00, 0x00, 0x01, 0x00, 0x00, 0x00, 0x02, 0x00, 0x00,
    0x00, 0x04, 0x00, 0x00, 0x00, 0x08, 0x00, 0x00, 0x53, 0x54, 0x41, 0x54, 0x08, 0x05, 0x00, 0x00,
    0x60, 0x00, 0x01, 0x00, 0x42, 0x01, 0x00, 0x00, 0x44, 0x58, 0x49, 0x4c, 0x00, 0x01, 0x00, 0x00,
    0x10, 0x00, 0x00, 0x00, 0xf0, 0x04, 0x00, 0x00, 0x42, 0x43, 0xc0, 0xde, 0x21, 0x0c, 0x00, 0x00,
    0x39, 0x01, 0x00, 0x00, 0x0b, 0x82, 0x20, 0x00, 0x02, 0x00, 0x00, 0x00, 0x13, 0x00, 0x00, 0x00,
    0x07, 0x81, 0x23, 0x91, 0x41, 0xc8, 0x04, 0x49, 0x06, 0x10, 0x32, 0x39, 0x92, 0x01, 0x84, 0x0c,
    0x25, 0x05, 0x08, 0x19, 0x1e, 0x04, 0x8b, 0x62, 0x80, 0x10, 0x45, 0x02, 0x42, 0x92, 0x0b, 0x42,
    0x84, 0x10, 0x32, 0x14, 0x38, 0x08, 0x18, 0x4b, 0x0a, 0x32, 0x42, 0x88, 0x48, 0x90, 0x14, 0x20,
    0x43, 0x46, 0x88, 0xa5, 0x00, 0x19, 0x32, 0x42, 0xe4, 0x48, 0x0e, 0x90, 0x11, 0x22, 0xc4, 0x50,
    0x41, 0x51, 0x81, 0x8c, 0xe1, 0x83, 0xe5, 0x8a, 0x04, 0x21, 0x46, 0x06, 0x51, 0x18, 0x00, 0x00,
    0x06, 0x00, 0x00, 0x00, 0x1b, 0x8c, 0xe0, 0xff, 0xff, 0xff, 0xff, 0x07, 0x40, 0x02, 0xa8, 0x0d,
    0x84, 0xf0, 0xff, 0xff, 0xff, 0xff, 0x03, 0x20, 0x01, 0x00, 0x00, 0x00, 0x49, 0x18, 0x00, 0x00,
    0x02, 0x00, 0x00, 0x00, 0x13, 0x82, 0x60, 0x42, 0x20, 0x00, 0x00, 0x00, 0x89, 0x20, 0x00, 0x00,
    0x0f, 0x00, 0x00, 0x00, 0x32, 0x22, 0x08, 0x09, 0x20, 0x64, 0x85, 0x04, 0x13, 0x22, 0xa4, 0x84,
    0x04, 0x13, 0x22, 0xe3, 0x84, 0xa1, 0x90, 0x14, 0x12, 0x4c, 0x88, 0x8c, 0x0b, 0x84, 0x84, 0x4c,
    0x10, 0x30, 0x23, 0x00, 0x25, 0x00, 0x8a, 0x19, 0x80, 0x39, 0x02, 0x30, 0x98, 0x23, 0x40, 0x8a,
    0x31, 0x44, 0x54, 0x44, 0x56, 0x0c, 0x20, 0xa2, 0x1a, 0xc2, 0x81, 0x80, 0x74, 0x20, 0x00, 0x00,
    0x13, 0x14, 0x72, 0xc0, 0x87, 0x74, 0x60, 0x87, 0x36, 0x68, 0x87, 0x79, 0x68, 0x03, 0x72, 0xc0,
    0x87, 0x0d, 0xaf, 0x50, 0x0e, 0x6d, 0xd0, 0x0e, 0x7a, 0x50, 0x0e, 0x6d, 0x00, 0x0f, 0x7a, 0x30,
    0x07, 0x72, 0xa0, 0x07, 0x73, 0x20, 0x07, 0x6d, 0x90, 0x0e, 0x71, 0xa0, 0x07, 0x73, 0x20, 0x07,
    0x6d, 0x90, 0x0e, 0x78, 0xa0, 0x07, 0x73, 0x20, 0x07, 0x6d, 0x90, 0x0e, 0x71, 0x60, 0x07, 0x7a,
    0x30, 0x07, 0x72, 0xd0, 0x06, 0xe9, 0x30, 0x07, 0x72, 0xa0, 0x07, 0x73, 0x20, 0x07, 0x6d, 0x90,
    0x0e, 0x76, 0x40, 0x07, 0x7a, 0x60, 0x07, 0x74, 0xd0, 0x06, 0xe6, 0x10, 0x07, 0x76, 0xa0, 0x07,
    0x73, 0x20, 0x07, 0x6d, 0x60, 0x0e, 0x73, 0x20, 0x07, 0x7a, 0x30, 0x07, 0x72, 0xd0, 0x06, 0xe6,
    0x60, 0x07, 0x74, 0xa0, 0x07, 0x76, 0x40, 0x07, 0x6d, 0xe0, 0x0e, 0x78, 0xa0, 0x07, 0x71, 0x60,
    0x07, 0x7a, 0x30, 0x07, 0x72, 0xa0, 0x07, 0x76, 0x40, 0x07, 0x43, 0x9e, 0x00, 0x08, 0x00, 0x00,
    0x00, 0x00, 0x00, 0x00, 0x00, 0x00, 0x00, 0x86, 0x3c, 0x06, 0x10, 0x00, 0x01, 0x00, 0x00, 0x00,
    0x00, 0x00, 0x00, 0x00, 0x0c, 0x79, 0x10, 0x20, 0x00, 0x04, 0x00, 0x00, 0x00, 0x00, 0x00, 0x00,
    0x00, 0xc8, 0x02, 0x01, 0x0f, 0x00, 0x00, 0x00, 0x32, 0x1e, 0x98, 0x14, 0x19, 0x11, 0x4c, 0x90,
    0x8c, 0x09, 0x26, 0x47, 0xc6, 0x04, 0x43, 0xa2, 0x12, 0x18, 0x01, 0x28, 0x86, 0x32, 0x28, 0x87,
    0x22, 0x28, 0x8f, 0x42, 0x29, 0x89, 0xa2, 0xa0, 0x2a, 0x89, 0x11, 0x80, 0x32, 0x28, 0x82, 0x42,
    0xa0, 0x1d, 0xcb, 0x61, 0x98, 0x40, 0x20, 0x00, 0x08, 0x0c, 0x00, 0x00, 0x44, 0x40, 0x08, 0x04,
    0x03, 0x10, 0x14, 0x00, 0x79, 0x18, 0x00, 0x00, 0x6b, 0x00, 0x00, 0x00, 0x1a, 0x03, 0x4c, 0x90,
    0x46, 0x02, 0x13, 0x44, 0x8f, 0x0c, 0x6f, 0xec, 0xed, 0x4d, 0x0c, 0x24, 0xc6, 0xe5, 0xc6, 0x45,
    0x66, 0x06, 0x06, 0xc7, 0x25, 0xc6, 0x06, 0x04, 0xa5, 0x46, 0x86, 0x2c, 0x2c, 0xe6, 0xa6, 0x4c,
    0x26, 0x27, 0x65, 0x43, 0x10, 0x4c, 0x10, 0x88, 0x61, 0x82, 0x40, 0x10, 0x1b, 0x84, 0x81, 0xd8,
    0x20, 0x10, 0x04, 0x05, 0xbb, 0xb9, 0x09, 0x02, 0x51, 0x6c, 0x18, 0x0e, 0x84, 0x98, 0x20, 0x08,
    0xc0, 0x06, 0x60, 0xc3, 0x40, 0x2c, 0xcb, 0x86, 0x80, 0xd9, 0x30, 0x0c, 0x4a, 0x33, 0x41, 0x58,
    0xa4, 0x0d, 0xc1, 0x43, 0xa2, 0x2d, 0x2c, 0xcd, 0x8d, 0x08, 0x55, 0x11, 0xd6, 0xd0, 0xd3, 0x93,
    0x14, 0xd1, 0x04, 0xa1, 0x68, 0x26, 0x08, 0x85, 0xb3, 0x21, 0x20, 0x26, 0x08, 0xc5, 0x33, 0x41,
    0x20, 0x8c, 0x09, 0x02, 0x71, 0x6c, 0x10, 0x2e, 0x6c, 0xc3, 0x42, 0x48, 0x13, 0x55, 0x51, 0x83,
    0x45, 0x50, 0xd9, 0x86, 0x60, 0x98, 0x20, 0x14, 0xd0, 0x06, 0xe1, 0xba, 0x36, 0x2c, 0x83, 0x34,
    0x51, 0x1b, 0x35, 0x70, 0x03, 0xd5, 0x4d, 0x10, 0x08, 0x64, 0x43, 0xf0, 0x4d, 0x10, 0x8a, 0x68,
    0x82, 0x40, 0x24, 0x1b, 0x84, 0x4b, 0x0c, 0x36, 0x2c, 0x9f, 0x34, 0x51, 0x60, 0x40, 0x0d, 0x61,
    0xf0, 0x51, 0x63, 0xb0, 0x61, 0xd0, 0x3c, 0x32, 0xe0, 0x32, 0x65, 0xf5, 0x05, 0xf5, 0x36, 0x97,
    0x46, 0x97, 0xf6, 0xe6, 0xb6, 0x61, 0x21, 0xcc, 0x60, 0xb2, 0xaa, 0x30, 0x18, 0xc2, 0x80, 0xa0,
    0xc6, 0x60, 0xc3, 0x32, 0x48, 0x13, 0x55, 0x71, 0x03, 0x37, 0x50, 0xdd, 0x86, 0xe5, 0x93, 0x26,
    0x6a, 0xe3, 0x86, 0x30, 0xf8, 0xa8, 0x31, 0xd8, 0x30, 0x9c, 0x01, 0x1a, 0xa4, 0xc1, 0x86, 0xa1,
    0x0c, 0xd4, 0x00, 0xd8, 0x50, 0x28, 0xd1, 0x1a, 0x00, 0x00, 0x8b, 0x34, 0xb7, 0x39, 0xba, 0xb9,
    0x09, 0x02, 0xa1, 0xd0, 0x98, 0x4b, 0x3b, 0xfb, 0x62, 0x23, 0x9b, 0x20, 0x10, 0x0b, 0x8d, 0xb9,
    0xb4, 0xb3, 0xaf, 0x39, 0xba, 0x09, 0x02, 0xc1, 0x6c, 0x30, 0xda, 0xc0, 0x0d, 0xde, 0x00, 0x0e,
    0xe2, 0x40, 0x0e, 0xaa, 0xb0, 0xb1, 0xd9, 0xb5, 0xb9, 0xa4, 0x91, 0x95, 0xb9, 0xd1, 0x4d, 0x09,
    0x82, 0x2a, 0x64, 0x78, 0x2e, 0x76, 0x65, 0x72, 0x73, 0x69, 0x6f, 0x6e, 0x53, 0x02, 0xa2, 0x09,
    0x19, 0x9e, 0x8b, 0x5d, 0x18, 0x9b, 0x5d, 0x99, 0xdc, 0x94, 0xa0, 0xa8, 0x43, 0x86, 0xe7, 0x32,
    0x87, 0x16, 0x46, 0x56, 0x26, 0xd7, 0xf4, 0x46, 0x56, 0xc6, 0x36, 0x25, 0x40, 0x2a, 0x91, 0xe1,
    0xb9, 0xd0, 0xe5, 0xc1, 0x95, 0x05, 0xb9, 0xb9, 0xbd, 0xd1, 0x85, 0xd1, 0xa5, 0xbd, 0xb9, 0xcd,
    0x4d, 0x09, 0x9a, 0x3a, 0x64, 0x78, 0x2e, 0x76, 0x69, 0x65, 0x77, 0x49, 0x64, 0x53, 0x74, 0x61,
    0x74, 0x65, 0x53, 0x82, 0xa7, 0x0e, 0x19, 0x9e, 0x4b, 0x99, 0x1b, 0x9d, 0x5c, 0x1e, 0xd4, 0x5b,
    0x9a, 0x1b, 0xdd, 0xdc, 0x94, 0x60, 0x0d, 0xba, 0x90, 0xe1, 0xb9, 0x8c, 0xbd, 0xd5, 0xb9, 0xd1,
    0x95, 0xc9, 0xcd, 0x4d, 0x09, 0xe4, 0x00, 0x00, 0x79, 0x18, 0x00, 0x00, 0x4c, 0x00, 0x00, 0x00,
    0x33, 0x08, 0x80, 0x1c, 0xc4, 0xe1, 0x1c, 0x66, 0x14, 0x01, 0x3d, 0x88, 0x43, 0x38, 0x84, 0xc3,
    0x8c, 0x42, 0x80, 0x07, 0x79, 0x78, 0x07, 0x73, 0x98, 0x71, 0x0c, 0xe6, 0x00, 0x0f, 0xed, 0x10,
    0x0e, 0xf4, 0x80, 0x0e, 0x33, 0x0c, 0x42, 0x1e, 0xc2, 0xc1, 0x1d, 0xce, 0xa1, 0x1c, 0x66, 0x30,
    0x05, 0x3d, 0x88, 0x43, 0x38, 0x84, 0x83, 0x1b, 0xcc, 0x03, 0x3d, 0xc8, 0x43, 0x3d, 0x8c, 0x03,
    0x3d, 0xcc, 0x78, 0x8c, 0x74, 0x70, 0x07, 0x7b, 0x08, 0x07, 0x79, 0x48, 0x87, 0x70, 0x70, 0x07,
    0x7a, 0x70, 0x03, 0x76, 0x78, 0x87, 0x70, 0x20, 0x87, 0x19, 0xcc, 0x11, 0x0e, 0xec, 0x90, 0x0e,
    0xe1, 0x30, 0x0f, 0x6e, 0x30, 0x0f, 0xe3, 0xf0, 0x0e, 0xf0, 0x50, 0x0e, 0x33, 0x10, 0xc4, 0x1d,
    0xde, 0x21, 0x1c, 0xd8, 0x21, 0x1d, 0xc2, 0x61, 0x1e, 0x66, 0x30, 0x89, 0x3b, 0xbc, 0x83, 0x3b,
    0xd0, 0x43, 0x39, 0xb4, 0x03, 0x3c, 0xbc, 0x83, 0x3c, 0x84, 0x03, 0x3b, 0xcc, 0xf0, 0x14, 0x76,
    0x60, 0x07, 0x7b, 0x68, 0x07, 0x37, 0x68, 0x87, 0x72, 0x68, 0x07, 0x37, 0x80, 0x87, 0x70, 0x90,
    0x87, 0x70, 0x60, 0x07, 0x76, 0x28, 0x07, 0x76, 0xf8, 0x05, 0x76, 0x78, 0x87, 0x77, 0x80, 0x87,
    0x5f, 0x08, 0x87, 0x71, 0x18, 0x87, 0x72, 0x98, 0x87, 0x79, 0x98, 0x81, 0x2c, 0xee, 0xf0, 0x0e,
    0xee, 0xe0, 0x0e, 0xf5, 0xc0, 0x0e, 0xec, 0x30, 0x03, 0x62, 0xc8, 0xa1, 0x1c, 0xe4, 0xa1, 0x1c,
    0xcc, 0xa1, 0x1c, 0xe4, 0xa1, 0x1c, 0xdc, 0x61, 0x1c, 0xca, 0x21, 0x1c, 0xc4, 0x81, 0x1d, 0xca,
    0x61, 0x06, 0xd6, 0x90, 0x43, 0x39, 0xc8, 0x43, 0x39, 0x98, 0x43, 0x39, 0xc8, 0x43, 0x39, 0xb8,
    0xc3, 0x38, 0x94, 0x43, 0x38, 0x88, 0x03, 0x3b, 0x94, 0xc3, 0x2f, 0xbc, 0x83, 0x3c, 0xfc, 0x82,
    0x3b, 0xd4, 0x03, 0x3b, 0xb0, 0xc3, 0x8c, 0xc8, 0x21, 0x07, 0x7c, 0x70, 0x03, 0x72, 0x10, 0x87,
    0x73, 0x70, 0x03, 0x7b, 0x08, 0x07, 0x79, 0x60, 0x87, 0x70, 0xc8, 0x87, 0x77, 0xa8, 0x07, 0x7a,
    0x98, 0x81, 0x3c, 0xe4, 0x80, 0x0f, 0x6e, 0x40, 0x0f, 0xe5, 0xd0, 0x0e, 0xf0, 0x00, 0x00, 0x00,
    0x71, 0x20, 0x00, 0x00, 0x0b, 0x00, 0x00, 0x00, 0x16, 0x30, 0x0d, 0x97, 0xef, 0x3c, 0xfe, 0xe2,
    0x00, 0x83, 0xd8, 0x3c, 0xd4, 0xe4, 0x17, 0xb7, 0x6d, 0x02, 0xd5, 0x70, 0xf9, 0xce, 0xe3, 0x4b,
    0x93, 0x13, 0x11, 0x28, 0x35, 0x3d, 0xd4, 0xe4, 0x17, 0xb7, 0x6d, 0x00, 0x04, 0x03, 0x20, 0x0d,
    0x00, 0x00, 0x00, 0x00, 0x00, 0x00, 0x00, 0x00, 0x48, 0x41, 0x53, 0x48, 0x14, 0x00, 0x00, 0x00,
    0x00, 0x00, 0x00, 0x00, 0x92, 0xc5, 0x6a, 0xc6, 0xa2, 0x91, 0x94, 0x88, 0xec, 0x7f, 0x76, 0x94,
    0x12, 0x56, 0x18, 0x8d, 0x44, 0x58, 0x49, 0x4c, 0xb0, 0x05, 0x00, 0x00, 0x60, 0x00, 0x01, 0x00,
    0x6c, 0x01, 0x00, 0x00, 0x44, 0x58, 0x49, 0x4c, 0x00, 0x01, 0x00, 0x00, 0x10, 0x00, 0x00, 0x00,
    0x98, 0x05, 0x00, 0x00, 0x42, 0x43, 0xc0, 0xde, 0x21, 0x0c, 0x00, 0x00, 0x63, 0x01, 0x00, 0x00,
    0x0b, 0x82, 0x20, 0x00, 0x02, 0x00, 0x00, 0x00, 0x13, 0x00, 0x00, 0x00, 0x07, 0x81, 0x23, 0x91,
    0x41, 0xc8, 0x04, 0x49, 0x06, 0x10, 0x32, 0x39, 0x92, 0x01, 0x84, 0x0c, 0x25, 0x05, 0x08, 0x19,
    0x1e, 0x04, 0x8b, 0x62, 0x80, 0x10, 0x45, 0x02, 0x42, 0x92, 0x0b, 0x42, 0x84, 0x10, 0x32, 0x14,
    0x38, 0x08, 0x18, 0x4b, 0x0a, 0x32, 0x42, 0x88, 0x48, 0x90, 0x14, 0x20, 0x43, 0x46, 0x88, 0xa5,
    0x00, 0x19, 0x32, 0x42, 0xe4, 0x48, 0x0e, 0x90, 0x11, 0x22, 0xc4, 0x50, 0x41, 0x51, 0x81, 0x8c,
    0xe1, 0x83, 0xe5, 0x8a, 0x04, 0x21, 0x46, 0x06, 0x51, 0x18, 0x00, 0x00, 0x06, 0x00, 0x00, 0x00,
    0x1b, 0x8c, 0xe0, 0xff, 0xff, 0xff, 0xff, 0x07, 0x40, 0x02, 0xa8, 0x0d, 0x84, 0xf0, 0xff, 0xff,
    0xff, 0xff, 0x03, 0x20, 0x01, 0x00, 0x00, 0x00, 0x49, 0x18, 0x00, 0x00, 0x02, 0x00, 0x00, 0x00,
    0x13, 0x82, 0x60, 0x42, 0x20, 0x00, 0x00, 0x00, 0x89, 0x20, 0x00, 0x00, 0x0f, 0x00, 0x00, 0x00,
    0x32, 0x22, 0x08, 0x09, 0x20, 0x64, 0x85, 0x04, 0x13, 0x22, 0xa4, 0x84, 0x04, 0x13, 0x22, 0xe3,
    0x84, 0xa1, 0x90, 0x14, 0x12, 0x4c, 0x88, 0x8c, 0x0b, 0x84, 0x84, 0x4c, 0x10, 0x30, 0x23, 0x00,
    0x25, 0x00, 0x8a, 0x19, 0x80, 0x39, 0x02, 0x30, 0x98, 0x23, 0x40, 0x8a, 0x31, 0x44, 0x54, 0x44,
    0x56, 0x0c, 0x20, 0xa2, 0x1a, 0xc2, 0x81, 0x80, 0x74, 0x20, 0x00, 0x00, 0x13, 0x14, 0x72, 0xc0,
    0x87, 0x74, 0x60, 0x87, 0x36, 0x68, 0x87, 0x79, 0x68, 0x03, 0x72, 0xc0, 0x87, 0x0d, 0xaf, 0x50,
    0x0e, 0x6d, 0xd0, 0x0e, 0x7a, 0x50, 0x0e, 0x6d, 0x00, 0x0f, 0x7a, 0x30, 0x07, 0x72, 0xa0, 0x07,
    0x73, 0x20, 0x07, 0x6d, 0x90, 0x0e, 0x71, 0xa0, 0x07, 0x73, 0x20, 0x07, 0x6d, 0x90, 0x0e, 0x78,
    0xa0, 0x07, 0x73, 0x20, 0x07, 0x6d, 0x90, 0x0e, 0x71, 0x60, 0x07, 0x7a, 0x30, 0x07, 0x72, 0xd0,
    0x06, 0xe9, 0x30, 0x07, 0x72, 0xa0, 0x07, 0x73, 0x20, 0x07, 0x6d, 0x90, 0x0e, 0x76, 0x40, 0x07,
    0x7a, 0x60, 0x07, 0x74, 0xd0, 0x06, 0xe6, 0x10, 0x07, 0x76, 0xa0, 0x07, 0x73, 0x20, 0x07, 0x6d,
    0x60, 0x0e, 0x73, 0x20, 0x07, 0x7a, 0x30, 0x07, 0x72, 0xd0, 0x06, 0xe6, 0x60, 0x07, 0x74, 0xa0,
    0x07, 0x76, 0x40, 0x07, 0x6d, 0xe0, 0x0e, 0x78, 0xa0, 0x07, 0x71, 0x60, 0x07, 0x7a, 0x30, 0x07,
    0x72, 0xa0, 0x07, 0x76, 0x40, 0x07, 0x43, 0x9e, 0x00, 0x00, 0x00, 0x00, 0x00, 0x00, 0x00, 0x00,
    0x00, 0x00, 0x00, 0x86, 0x3c, 0x06, 0x10, 0x00, 0x01, 0x00, 0x00, 0x00, 0x00, 0x00, 0x00, 0x00,
    0x0c, 0x79, 0x10, 0x20, 0x00, 0x04, 0x00, 0x00, 0x00, 0x00, 0x00, 0x00, 0x00, 0xc8, 0x02, 0x01,
    0x0e, 0x00, 0x00, 0x00, 0x32, 0x1e, 0x98, 0x14, 0x19, 0x11, 0x4c, 0x90, 0x8c, 0x09, 0x26, 0x47,
    0xc6, 0x04, 0x43, 0xa2, 0x12, 0x18, 0x01, 0x28, 0x87, 0x62, 0x28, 0x83, 0x22, 0x28, 0x0f, 0xaa,
    0x92, 0x18, 0x01, 0x28, 0x83, 0x22, 0x28, 0x04, 0xda, 0xb1, 0x1c, 0x86, 0x09, 0x04, 0x02, 0x80,
    0xc0, 0x00, 0x00, 0x40, 0x04, 0x84, 0x40, 0x30, 0x00, 0x41, 0x01, 0x00, 0x79, 0x18, 0x00, 0x00,
    0x53, 0x00, 0x00, 0x00, 0x1a, 0x03, 0x4c, 0x90, 0x46, 0x02, 0x13, 0x44, 0x8f, 0x0c, 0x6f, 0xec,
    0xed, 0x4d, 0x0c, 0x24, 0xc6, 0xe5, 0xc6, 0x45, 0x66, 0x06, 0x06, 0xc7, 0x25, 0xc6, 0x06, 0x04,
    0xa5, 0x46, 0x86, 0x2c, 0x2c, 0xe6, 0xa6, 0x4c, 0x26, 0x27, 0x65, 0x43, 0x10, 0x4c, 0x10, 0x88,
    0x61, 0x82, 0x40, 0x10, 0x1b, 0x84, 0x81, 0x98, 0x20, 0x10, 0xc5, 0x06, 0x61, 0x30, 0x28, 0xd8,
    0xcd, 0x4d, 0x10, 0x08, 0x63, 0xc3, 0x80, 0x24, 0xc4, 0x04, 0x61, 0x79, 0x36, 0x04, 0xcb, 0x04,
    0x41, 0x00, 0x48, 0xb4, 0x85, 0xa5, 0xb9, 0x11, 0xa1, 0x2a, 0xc2, 0x1a, 0x7a, 0x7a, 0x92, 0x22,
    0x9a, 0x20, 0x14, 0xca, 0x04, 0xa1, 0x58, 0x36, 0x04, 0xc4, 0x04, 0xa1, 0x60, 0x26, 0x08, 0xc4,
    0xb1, 0x41, 0xa0, 0x8c, 0x0d, 0x0b, 0xf1, 0x40, 0x91, 0x14, 0x0d, 0x13, 0x11, 0x55, 0x1b, 0x82,
    0x61, 0x82, 0x50, 0x34, 0x1b, 0x04, 0x8a, 0xda, 0xb0, 0x0c, 0x0f, 0x14, 0x5d, 0xd1, 0x80, 0x0d,
    0x51, 0x36, 0x41, 0x20, 0x90, 0x0d, 0xc1, 0x36, 0x41, 0x28, 0x9c, 0x09, 0x02, 0x91, 0x6c, 0x10,
    0x28, 0x6f, 0xc3, 0xb2, 0x3d, 0x50, 0xc4, 0x45, 0x43, 0xb7, 0x45, 0xdf, 0x86, 0xc1, 0xd2, 0xc0,
    0x80, 0xcb, 0x94, 0xd5, 0x17, 0xd4, 0xdb, 0x5c, 0x1a, 0x5d, 0xda, 0x9b, 0xdb, 0x86, 0x85, 0x10,
    0x03, 0x68, 0x92, 0xba, 0xa1, 0x23, 0xa2, 0x6f, 0xc3, 0x32, 0x3c, 0x50, 0x24, 0x61, 0x03, 0x36,
    0x44, 0xd9, 0x86, 0x65, 0x7b, 0xa0, 0xe8, 0xc2, 0x86, 0x6e, 0x8b, 0xbe, 0x0d, 0xc3, 0x18, 0x90,
    0x41, 0x19, 0x6c, 0x18, 0xc2, 0xc0, 0x0c, 0x80, 0x0d, 0x45, 0xe3, 0x9c, 0x01, 0x00, 0x54, 0x61,
    0x63, 0xb3, 0x6b, 0x73, 0x49, 0x23, 0x2b, 0x73, 0xa3, 0x9b, 0x12, 0x04, 0x55, 0xc8, 0xf0, 0x5c,
    0xec, 0xca, 0xe4, 0xe6, 0xd2, 0xde, 0xdc, 0xa6, 0x04, 0x44, 0x13, 0x32, 0x3c, 0x17, 0xbb, 0x30,
    0x36, 0xbb, 0x32, 0xb9, 0x29, 0x81, 0x51, 0x87, 0x0c, 0xcf, 0x65, 0x0e, 0x2d, 0x8c, 0xac, 0x4c,
    0xae, 0xe9, 0x8d, 0xac, 0x8c, 0x6d, 0x4a, 0x90, 0xd4, 0x21, 0xc3, 0x73, 0xb1, 0x4b, 0x2b, 0xbb,
    0x4b, 0x22, 0x9b, 0xa2, 0x0b, 0xa3, 0x2b, 0x9b, 0x12, 0x2c, 0x75, 0xc8, 0xf0, 0x5c, 0xca, 0xdc,
    0xe8, 0xe4, 0xf2, 0xa0, 0xde, 0xd2, 0xdc, 0xe8, 0xe6, 0xa6, 0x04, 0x67, 0x00, 0x00, 0x00, 0x00,
    0x79, 0x18, 0x00, 0x00, 0x4c, 0x00, 0x00, 0x00, 0x33, 0x08, 0x80, 0x1c, 0xc4, 0xe1, 0x1c, 0x66,
    0x14, 0x01, 0x3d, 0x88, 0x43, 0x38, 0x84, 0xc3, 0x8c, 0x42, 0x80, 0x07, 0x79, 0x78, 0x07, 0x73,
    0x98, 0x71, 0x0c, 0xe6, 0x00, 0x0f, 0xed, 0x10, 0x0e, 0xf4, 0x80, 0x0e, 0x33, 0x0c, 0x42, 0x1e,
    0xc2, 0xc1, 0x1d, 0xce, 0xa1, 0x1c, 0x66, 0x30, 0x05, 0x3d, 0x88, 0x43, 0x38, 0x84, 0x83, 0x1b,
    0xcc, 0x03, 0x3d, 0xc8, 0x43, 0x3d, 0x8c, 0x03, 0x3d, 0xcc, 0x78, 0x8c, 0x74, 0x70, 0x07, 0x7b,
    0x08, 0x07, 0x79, 0x48, 0x87, 0x70, 0x70, 0x07, 0x7a, 0x70, 0x03, 0x76, 0x78, 0x87, 0x70, 0x20,
    0x87, 0x19, 0xcc, 0x11, 0x0e, 0xec, 0x90, 0x0e, 0xe1, 0x30, 0x0f, 0x6e, 0x30, 0x0f, 0xe3, 0xf0,
    0x0e, 0xf0, 0x50, 0x0e, 0x33, 0x10, 0xc4, 0x1d, 0xde, 0x21, 0x1c, 0xd8, 0x21, 0x1d, 0xc2, 0x61,
    0x1e, 0x66, 0x30, 0x89, 0x3b, 0xbc, 0x83, 0x3b, 0xd0, 0x43, 0x39, 0xb4, 0x03, 0x3c, 0xbc, 0x83,
    0x3c, 0x84, 0x03, 0x3b, 0xcc, 0xf0, 0x14, 0x76, 0x60, 0x07, 0x7b, 0x68, 0x07, 0x37, 0x68, 0x87,
    0x72, 0x68, 0x07, 0x37, 0x80, 0x87, 0x70, 0x90, 0x87, 0x70, 0x60, 0x07, 0x76, 0x28, 0x07, 0x76,
    0xf8, 0x05, 0x76, 0x78, 0x87, 0x77, 0x80, 0x87, 0x5f, 0x08, 0x87, 0x71, 0x18, 0x87, 0x72, 0x98,
    0x87, 0x79, 0x98, 0x81, 0x2c, 0xee, 0xf0, 0x0e, 0xee, 0xe0, 0x0e, 0xf5, 0xc0, 0x0e, 0xec, 0x30,
    0x03, 0x62, 0xc8, 0xa1, 0x1c, 0xe4, 0xa1, 0x1c, 0xcc, 0xa1, 0x1c, 0xe4, 0xa1, 0x1c, 0xdc, 0x61,
    0x1c, 0xca, 0x21, 0x1c, 0xc4, 0x81, 0x1d, 0xca, 0x61, 0x06, 0xd6, 0x90, 0x43, 0x39, 0xc8, 0x43,
    0x39, 0x98, 0x43, 0x39, 0xc8, 0x43, 0x39, 0xb8, 0xc3, 0x38, 0x94, 0x43, 0x38, 0x88, 0x03, 0x3b,
    0x94, 0xc3, 0x2f, 0xbc, 0x83, 0x3c, 0xfc, 0x82, 0x3b, 0xd4, 0x03, 0x3b, 0xb0, 0xc3, 0x8c, 0xc8,
    0x21, 0x07, 0x7c, 0x70, 0x03, 0x72, 0x10, 0x87, 0x73, 0x70, 0x03, 0x7b, 0x08, 0x07, 0x79, 0x60,
    0x87, 0x70, 0xc8, 0x87, 0x77, 0xa8, 0x07, 0x7a, 0x98, 0x81, 0x3c, 0xe4, 0x80, 0x0f, 0x6e, 0x40,
    0x0f, 0xe5, 0xd0, 0x0e, 0xf0, 0x00, 0x00, 0x00, 0x71, 0x20, 0x00, 0x00, 0x0b, 0x00, 0x00, 0x00,
    0x16, 0x30, 0x0d, 0x97, 0xef, 0x3c, 0xfe, 0xe2, 0x00, 0x83, 0xd8, 0x3c, 0xd4, 0xe4, 0x17, 0xb7,
    0x6d, 0x02, 0xd5, 0x70, 0xf9, 0xce, 0xe3, 0x4b, 0x93, 0x13, 0x11, 0x28, 0x35, 0x3d, 0xd4, 0xe4,
    0x17, 0xb7, 0x6d, 0x00, 0x04, 0x03, 0x20, 0x0d, 0x00, 0x00, 0x00, 0x00, 0x61, 0x20, 0x00, 0x00,
    0x41, 0x00, 0x00, 0x00, 0x13, 0x04, 0x41, 0x2c, 0x10, 0x00, 0x00, 0x00, 0x05, 0x00, 0x00, 0x00,
    0x54, 0x25, 0x40, 0x54, 0x0a, 0x85, 0x30, 0x03, 0x40, 0x33, 0x46, 0x00, 0x82, 0x20, 0x88, 0x7f,
    0x00, 0x00, 0x00, 0x00, 0x23, 0x06, 0x09, 0x00, 0x82, 0x60, 0x60, 0x50, 0x43, 0x13, 0x29, 0xc2,
    0x88, 0x41, 0x02, 0x80, 0x20, 0x18, 0x18, 0x15, 0xe1, 0x48, 0xc6, 0x30, 0x62, 0x90, 0x00, 0x20,
    0x08, 0x06, 0x86, 0x55, 0x3c, 0x93, 0x42, 0x8c, 0x18, 0x24, 0x00, 0x08, 0x82, 0x81, 0x71, 0x19,
    0x10, 0xc5, 0x14, 0x23, 0x06, 0x09, 0x00, 0x82, 0x60, 0x60, 0x60, 0x87, 0x55, 0x39, 0xc6, 0x88,
    0x41, 0x02, 0x80, 0x20, 0x18, 0x18, 0x19, 0x72, 0x59, 0xca, 0x31, 0x62, 0x90, 0x00, 0x20, 0x08,
    0x06, 0x86, 0x96, 0x5c, 0x17, 0x84, 0x8c, 0x18, 0x24, 0x00, 0x08, 0x82, 0x81, 0xb1, 0x29, 0x18,
    0xc6, 0x24, 0x23, 0x06, 0x09, 0x00, 0x82, 0x60, 0x60, 0x70, 0x4b, 0x96, 0x41, 0xca, 0x88, 0x41,
    0x02, 0x80, 0x20, 0x18, 0x20, 0x5c, 0xa3, 0x69, 0xd3, 0x30, 0x62, 0x90, 0x00, 0x20, 0x08, 0x06,
    0x08, 0xd7, 0x68, 0x9a, 0x23, 0x8c, 0x18, 0x24, 0x00, 0x08, 0x82, 0x01, 0xc2, 0x35, 0x9a, 0x16,
    0x05, 0x23, 0x06, 0x09, 0x00, 0x82, 0x60, 0x80, 0x70, 0x8d, 0xa6, 0x49, 0xca, 0x88, 0x41, 0x02,
    0x80, 0x20, 0x18, 0x20, 0x5c, 0xb3, 0x69, 0x53, 0x31, 0x62, 0x90, 0x00, 0x20, 0x08, 0x06, 0x08,
    0xd7, 0x6c, 0x9a, 0x43, 0x8c, 0x18, 0x24, 0x00, 0x08, 0x82, 0x01, 0xc2, 0x35, 0x96, 0x36, 0x25,
    0x23, 0x06, 0x09, 0x00, 0x82, 0x60, 0x80, 0x70, 0x8d, 0xa5, 0x39, 0xc8, 0x88, 0x41, 0x02, 0x80,
    0x20, 0x18, 0x20, 0x5c, 0x63, 0x69, 0xd1, 0x31, 0x62, 0x90, 0x00, 0x20, 0x08, 0x06, 0x08, 0xd7,
    0x58, 0x9a, 0x64, 0x20, 0x00, 0x00, 0x00, 0x00, 0x00, 0x00, 0x00, 0x00
};
static const unsigned int game_particle_tex_vertex_dxil_size = 3404;

static const unsigned char game_particle_tex_pixel_dxil[] = {
    0x44, 0x58, 0x42, 0x43, 0xc2, 0x1f, 0xdb, 0x9d, 0x6e, 0xea, 0x59, 0xe2, 0xae, 0x8a, 0x10, 0xd8,
    0xcc, 0xcc, 0x95, 0x72, 0x01, 0x00, 0x00, 0x00, 0x88, 0x0f, 0x00, 0x00, 0x07, 0x00, 0x00, 0x00,
    0x3c, 0x00, 0x00, 0x00, 0x4c, 0x00, 0x00, 0x00, 0xd4, 0x00, 0x00, 0x00, 0x10, 0x01, 0x00, 0x00,
    0x1c, 0x02, 0x00, 0x00, 0xa4, 0x08, 0x00, 0x00, 0xc0, 0x08, 0x00, 0x00, 0x53, 0x46, 0x49, 0x30,
    0x08, 0x00, 0x00, 0x00, 0x00, 0x00, 0x00, 0x00, 0x00, 0x00, 0x00, 0x00, 0x49, 0x53, 0x47, 0x31,
    0x80, 0x00, 0x00, 0x00, 0x03, 0x00, 0x00, 0x00, 0x08, 0x00, 0x00, 0x00, 0x00, 0x00, 0x00, 0x00,
    0x68, 0x00, 0x00, 0x00, 0x00, 0x00, 0x00, 0x00, 0x01, 0x00, 0x00, 0x00, 0x03, 0x00, 0x00, 0x00,
    0x00, 0x00, 0x00, 0x00, 0x0f, 0x00, 0x00, 0x00, 0x00, 0x00, 0x00, 0x00, 0x00, 0x00, 0x00, 0x00,
    0x74, 0x00, 0x00, 0x00, 0x00, 0x00, 0x00, 0x00, 0x00, 0x00, 0x00, 0x00, 0x03, 0x00, 0x00, 0x00,
    0x01, 0x00, 0x00, 0x00, 0x03, 0x03, 0x00, 0x00, 0x00, 0x00, 0x00, 0x00, 0x00, 0x00, 0x00, 0x00,
    0x74, 0x00, 0x00, 0x00, 0x01, 0x00, 0x00, 0x00, 0x00, 0x00, 0x00, 0x00, 0x03, 0x00, 0x00, 0x00,
    0x02, 0x00, 0x00, 0x00, 0x0f, 0x08, 0x00, 0x00, 0x00, 0x00, 0x00, 0x00, 0x53, 0x56, 0x5f, 0x50,
    0x6f, 0x73, 0x69, 0x74, 0x69, 0x6f, 0x6e, 0x00, 0x54, 0x45, 0x58, 0x43, 0x4f, 0x4f, 0x52, 0x44,
    0x00, 0x00, 0x00, 0x00, 0x4f, 0x53, 0x47, 0x31, 0x34, 0x00, 0x00, 0x00, 0x01, 0x00, 0x00, 0x00,
    0x08, 0x00, 0x00, 0x00, 0x00, 0x00, 0x00, 0x00, 0x28, 0x00, 0x00, 0x00, 0x00, 0x00, 0x00, 0x00,
    0x40, 0x00, 0x00, 0x00, 0x03, 0x00, 0x00, 0x00, 0x00, 0x00, 0x00, 0x00, 0x0f, 0x00, 0x00, 0x00,
    0x00, 0x00, 0x00, 0x00, 0x53, 0x56, 0x5f, 0x54, 0x61, 0x72, 0x67, 0x65, 0x74, 0x00, 0x00, 0x00,
    0x50, 0x53, 0x56, 0x30, 0x04, 0x01, 0x00, 0x00, 0x30, 0x00, 0x00, 0x00, 0x00, 0x00, 0x00, 0x00,
    0x00, 0x00, 0x00, 0x00, 0x00, 0x00, 0x00, 0x00, 0x00, 0x00, 0x00, 0x00, 0x00, 0x00, 0x00, 0x00,
    0xff, 0xff, 0xff, 0xff, 0x00, 0x00, 0x00, 0x00, 0x03, 0x01, 0x00, 0x03, 0x01, 0x00, 0x00, 0x00,
    0x00, 0x00, 0x00, 0x00, 0x00, 0x00, 0x00, 0x00, 0x00, 0x00, 0x00, 0x00, 0x02, 0x00, 0x00, 0x00,
    0x18, 0x00, 0x00, 0x00, 0x01, 0x00, 0x00, 0x00, 0x02, 0x00, 0x00, 0x00, 0x00, 0x00, 0x00, 0x00,
    0x00, 0x00, 0x00, 0x00, 0x0e, 0x00, 0x00, 0x00, 0x00, 0x00, 0x00, 0x00, 0x03, 0x00, 0x00, 0x00,
    0x02, 0x00, 0x00, 0x00, 0x00, 0x00, 0x00, 0x00, 0x00, 0x00, 0x00, 0x00, 0x02, 0x00, 0x00, 0x00,
    0x00, 0x00, 0x00, 0x00, 0x14, 0x00, 0x00, 0x00, 0x00, 0x54, 0x45, 0x58, 0x43, 0x4f, 0x4f, 0x52,
    0x44, 0x00, 0x54, 0x45, 0x58, 0x43, 0x4f, 0x4f, 0x52, 0x44, 0x00, 0x00, 0x02, 0x00, 0x00, 0x00,
    0x00, 0x00, 0x00, 0x00, 0x01, 0x00, 0x00, 0x00, 0x10, 0x00, 0x00, 0x00, 0x00, 0x00, 0x00, 0x00,
    0x00, 0x00, 0x00, 0x00, 0x01, 0x00, 0x44, 0x03, 0x03, 0x04, 0x00, 0x00, 0x01, 0x00, 0x00, 0x00,
    0x00, 0x00, 0x00, 0x00, 0x01, 0x01, 0x42, 0x00, 0x03, 0x02, 0x00, 0x00, 0x0a, 0x00, 0x00, 0x00,
    0x01, 0x00, 0x00, 0x00, 0x01, 0x02, 0x44, 0x00, 0x03, 0x02, 0x00, 0x00, 0x00, 0x00, 0x00, 0x00,
    0x00, 0x00, 0x00, 0x00, 0x01, 0x00, 0x44, 0x10, 0x03, 0x00, 0x00, 0x00, 0x00, 0x00, 0x00, 0x00,
    0x00, 0x00, 0x00, 0x00, 0x00, 0x00, 0x00, 0x00, 0x00, 0x00, 0x00, 0x00, 0x0f, 0x00, 0x00, 0x00,
    0x0f, 0x00, 0x00, 0x00, 0x00, 0x00, 0x00, 0x00, 0x00, 0x00, 0x00, 0x00, 0x00, 0x00, 0x00, 0x00,
    0x00, 0x00, 0x00, 0x00, 0x00, 0x00, 0x00, 0x00, 0x08, 0x00, 0x00, 0x00, 0x53, 0x54, 0x41, 0x54,
    0x80, 0x06, 0x00, 0x00, 0x60, 0x00, 0x00, 0x00, 0xa0, 0x01, 0x00, 0x00, 0x44, 0x58, 0x49, 0x4c,
    0x00, 0x01, 0x00, 0x00, 0x10, 0x00, 0x00, 0x00, 0x68, 0x06, 0x00, 0x00, 0x42, 0x43, 0xc0, 0xde,
    0x21, 0x0c, 0x00, 0x00, 0x97, 0x01, 0x00, 0x00, 0x0b, 0x82, 0x20, 0x00, 0x02, 0x00, 0x00, 0x00,
    0x13, 0x00, 0x00, 0x00, 0x07, 0x81, 0x23, 0x91, 0x41, 0xc8, 0x04, 0x49, 0x06, 0x10, 0x32, 0x39,
    0x92, 0x01, 0x84, 0x0c, 0x25, 0x05, 0x08, 0x19, 0x1e, 0x04, 0x8b, 0x62, 0x80, 0x14, 0x45, 0x02,
    0x42, 0x92, 0x0b, 0x42, 0xa4, 0x10, 0x32, 0x14, 0x38, 0x08, 0x18, 0x4b, 0x0a, 0x32, 0x52, 0x88,
    0x48, 0x90, 0x14, 0x20, 0x43, 0x46, 0x88, 0xa5, 0x00, 0x19, 0x32, 0x42, 0xe4, 0x48, 0x0e, 0x90,
    0x91, 0x22, 0xc4, 0x50, 0x41, 0x51, 0x81, 0x8c, 0xe1, 0x83, 0xe5, 0x8a, 0x04, 0x29, 0x46, 0x06,
    0x51, 0x18, 0x00, 0x00, 0x08, 0x00, 0x00, 0x00, 0x1b, 0x8c, 0xe0, 0xff, 0xff, 0xff, 0xff, 0x07,
    0x40, 0x02, 0xa8, 0x0d, 0x84, 0xf0, 0xff, 0xff, 0xff, 0xff, 0x03, 0x20, 0x6d, 0x30, 0x86, 0xff,
    0xff, 0xff, 0xff, 0x1f, 0x00, 0x09, 0xa8, 0x00, 0x49, 0x18, 0x00, 0x00, 0x03, 0x00, 0x00, 0x00,
    0x13, 0x82, 0x60, 0x42, 0x20, 0x4c, 0x08, 0x06, 0x00, 0x00, 0x00, 0x00, 0x89, 0x20, 0x00, 0x00,
    0x43, 0x00, 0x00, 0x00, 0x32, 0x22, 0x48, 0x09, 0x20, 0x64, 0x85, 0x04, 0x93, 0x22, 0xa4, 0x84,
    0x04, 0x93, 0x22, 0xe3, 0x84, 0xa1, 0x90, 0x14, 0x12, 0x4c, 0x8a, 0x8c, 0x0b, 0x84, 0xa4, 0x4c,
    0x10, 0x68, 0x23, 0x00, 0x25, 0x00, 0x14, 0x66, 0x00, 0xe6, 0x08, 0xc0, 0x60, 0x8e, 0x00, 0x29,
    0xc6, 0x20, 0x84, 0x14, 0x42, 0xa6, 0x18, 0x80, 0x10, 0x52, 0x06, 0xa1, 0x9b, 0x86, 0xcb, 0x9f,
    0xb0, 0x87, 0x90, 0xfc, 0x95, 0x90, 0x56, 0x62, 0xf2, 0x8b, 0xdb, 0x46, 0xc5, 0x18, 0x63, 0x10,
    0x2a, 0xf7, 0x0c, 0x97, 0x3f, 0x61, 0x0f, 0x21, 0xf9, 0x21, 0xd0, 0x0c, 0x0b, 0x81, 0x82, 0x55,
    0x18, 0x45, 0x18, 0x1b, 0x63, 0x0c, 0x42, 0xc8, 0xa0, 0x36, 0x47, 0x10, 0x14, 0x83, 0x91, 0x42,
    0xc8, 0x23, 0x38, 0x10, 0x30, 0x8c, 0x40, 0x0c, 0x33, 0xb5, 0xc1, 0x38, 0xb0, 0x43, 0x38, 0xcc,
    0xc3, 0x3c, 0xb8, 0x01, 0x2d, 0x94, 0x03, 0x3e, 0xd0, 0x43, 0x3d, 0xc8, 0x43, 0x39, 0xc8, 0x01,
    0x29, 0xf0, 0x81, 0x3d, 0x94, 0xc3, 0x38, 0xd0, 0xc3, 0x3b, 0xc8, 0x03, 0x1f, 0x98, 0x03, 0x3b,
    0xbc, 0x43, 0x38, 0xd0, 0x03, 0x1b, 0x80, 0x01, 0x1d, 0xf8, 0x01, 0x18, 0xf8, 0x81, 0x1e, 0xe8,
    0x41, 0x3b, 0xa4, 0x03, 0x3c, 0xcc, 0xc3, 0x2f, 0xd0, 0x43, 0x3e, 0xc0, 0x43, 0x39, 0xa0, 0x80,
    0xcc, 0x24, 0x06, 0xe3, 0xc0, 0x0e, 0xe1, 0x30, 0x0f, 0xf3, 0xe0, 0x06, 0xb4, 0x50, 0x0e, 0xf8,
    0x40, 0x0f, 0xf5, 0x20, 0x0f, 0xe5, 0x20, 0x07, 0xa4, 0xc0, 0x07, 0xf6, 0x50, 0x0e, 0xe3, 0x40,
    0x0f, 0xef, 0x20, 0x0f, 0x7c, 0x60, 0x0e, 0xec, 0xf0, 0x0e, 0xe1, 0x40, 0x0f, 0x6c, 0x00, 0x06,
    0x74, 0xe0, 0x07, 0x60, 0xe0, 0x07, 0x48, 0x98, 0x94, 0xea, 0x4d, 0xd2, 0x14, 0x51, 0xc2, 0xe4,
    0xb3, 0x00, 0xf3, 0x2c, 0x44, 0xc4, 0x4e, 0xc0, 0x44, 0xa0, 0x80, 0xd0, 0x4d, 0x07, 0x02, 0x00,
    0x13, 0x14, 0x72, 0xc0, 0x87, 0x74, 0x60, 0x87, 0x36, 0x68, 0x87, 0x79, 0x68, 0x03, 0x72, 0xc0,
    0x87, 0x0d, 0xaf, 0x50, 0x0e, 0x6d, 0xd0, 0x0e, 0x7a, 0x50, 0x0e, 0x6d, 0x00, 0x0f, 0x7a, 0x30,
    0x07, 0x72, 0xa0, 0x07, 0x73, 0x20, 0x07, 0x6d, 0x90, 0x0e, 0x71, 0xa0, 0x07, 0x73, 0x20, 0x07,
    0x6d, 0x90, 0x0e, 0x78, 0xa0, 0x07, 0x73, 0x20, 0x07, 0x6d, 0x90, 0x0e, 0x71, 0x60, 0x07, 0x7a,
    0x30, 0x07, 0x72, 0xd0, 0x06, 0xe9, 0x30, 0x07, 0x72, 0xa0, 0x07, 0x73, 0x20, 0x07, 0x6d, 0x90,
    0x0e, 0x76, 0x40, 0x07, 0x7a, 0x60, 0x07, 0x74, 0xd0, 0x06, 0xe6, 0x10, 0x07, 0x76, 0xa0, 0x07,
    0x73, 0x20, 0x07, 0x6d, 0x60, 0x0e, 0x73, 0x20, 0x07, 0x7a, 0x30, 0x07, 0x72, 0xd0, 0x06, 0xe6,
    0x60, 0x07, 0x74, 0xa0, 0x07, 0x76, 0x40, 0x07, 0x6d, 0xe0, 0x0e, 0x78, 0xa0, 0x07, 0x71, 0x60,
    0x07, 0x7a, 0x30, 0x07, 0x72, 0xa0, 0x07, 0x76, 0x40, 0x07, 0x43, 0x9e, 0x00, 0x08, 0x00, 0x00,
    0x00, 0x00, 0x00, 0x00, 0x00, 0x00, 0x00, 0x86, 0x3c, 0x06, 0x10, 0x00, 0x01, 0x00, 0x00, 0x00,
    0x00, 0x00, 0x00, 0x00, 0x0c, 0x79, 0x10, 0x20, 0x00, 0x04, 0x00, 0x00, 0x00, 0x00, 0x00, 0x00,
    0x00, 0x18, 0xf2, 0x34, 0x40, 0x00, 0x0c, 0x00, 0x00, 0x00, 0x00, 0x00, 0x00, 0x00, 0x30, 0xe4,
    0x81, 0x80, 0x00, 0x18, 0x00, 0x00, 0x00, 0x00, 0x00, 0x00, 0x00, 0x20, 0x0b, 0x04, 0x00, 0x00,
    0x10, 0x00, 0x00, 0x00, 0x32, 0x1e, 0x98, 0x14, 0x19, 0x11, 0x4c, 0x90, 0x8c, 0x09, 0x26, 0x47,
    0xc6, 0x04, 0x43, 0x22, 0x25, 0x30, 0x02, 0x50, 0x0c, 0x45, 0x50, 0x12, 0x65, 0x50, 0x10, 0xe5,
    0x51, 0x20, 0x85, 0x40, 0xa5, 0x24, 0xca, 0xa0, 0x10, 0x46, 0x00, 0x8a, 0xa0, 0x40, 0xc8, 0xce,
    0x00, 0x10, 0x9e, 0x01, 0xa0, 0x3c, 0x96, 0xc3, 0x10, 0x00, 0x00, 0x00, 0xcf, 0x03, 0x00, 0x00,
    0x00, 0x20, 0x00, 0x00, 0x79, 0x18, 0x00, 0x00, 0x83, 0x00, 0x00, 0x00, 0x1a, 0x03, 0x4c, 0x90,
    0x46, 0x02, 0x13, 0x44, 0x8f, 0x0c, 0x6f, 0xec, 0xed, 0x4d, 0x0c, 0x24, 0xc6, 0xe5, 0xc6, 0x45,
    0x66, 0x06, 0x06, 0xc7, 0x25, 0xc6, 0x06, 0x04, 0xa5, 0x46, 0x86, 0x2c, 0x2c, 0xe6, 0xa6, 0x4c,
    0x26, 0x27, 0x65, 0x43, 0x10, 0x4c, 0x10, 0x88, 0x62, 0x82, 0x40, 0x18, 0x1b, 0x84, 0x81, 0xd8,
    0x20, 0x10, 0x04, 0x05, 0xb8, 0xb9, 0x09, 0x02, 0x71, 0x6c, 0x18, 0x0e, 0x84, 0x98, 0x20, 0x58,
    0x15, 0x8b, 0xb3, 0x2f, 0xba, 0x32, 0xbc, 0x09, 0x02, 0x81, 0x4c, 0x10, 0x88, 0x64, 0x83, 0x40,
    0x34, 0x1b, 0x12, 0x42, 0x59, 0x18, 0x62, 0x60, 0x08, 0x67, 0x43, 0xf0, 0x4c, 0x10, 0x30, 0x8b,
    0xc9, 0xd9, 0xd7, 0x5c, 0x58, 0x1b, 0x1c, 0x5b, 0x99, 0xdc, 0x06, 0x84, 0x88, 0x24, 0x86, 0x18,
    0x08, 0x60, 0x43, 0x30, 0x6d, 0x20, 0x20, 0x00, 0xa0, 0x26, 0x08, 0x02, 0xb0, 0x01, 0xd8, 0x30,
    0x10, 0xd7, 0xb5, 0x21, 0xc0, 0x36, 0x0c, 0x83, 0x95, 0x4d, 0x10, 0xb2, 0x6b, 0x43, 0xb0, 0x91,
    0x68, 0x0b, 0x4b, 0x73, 0xe3, 0x32, 0x65, 0xf5, 0x05, 0xf5, 0x36, 0x97, 0x46, 0x97, 0xf6, 0xe6,
    0x36, 0x41, 0x28, 0x9e, 0x09, 0x42, 0x01, 0x6d, 0x08, 0x88, 0x09, 0x42, 0x11, 0x4d, 0x10, 0x0a,
    0x69, 0xc3, 0x42, 0x78, 0x1f, 0x18, 0x84, 0x81, 0x18, 0x0c, 0x62, 0x40, 0x8c, 0x01, 0x40, 0x84,
    0xaa, 0x08, 0x6b, 0xe8, 0xe9, 0x49, 0x8a, 0x68, 0x82, 0x50, 0x4c, 0x13, 0x04, 0x42, 0xd9, 0x20,
    0x9c, 0xc1, 0x19, 0x6c, 0x58, 0x86, 0x32, 0xf8, 0xc6, 0x20, 0x0c, 0xcc, 0x60, 0x30, 0x83, 0x61,
    0x0c, 0xd0, 0x60, 0x43, 0x30, 0x4c, 0x10, 0x88, 0x65, 0x83, 0x70, 0x06, 0x6b, 0xb0, 0x61, 0x61,
    0xca, 0xe0, 0x1b, 0x03, 0x35, 0x30, 0x83, 0x41, 0x0c, 0x98, 0x31, 0x60, 0x83, 0x0d, 0x03, 0x19,
    0xa4, 0x41, 0x1b, 0x30, 0x99, 0xb2, 0xfa, 0xa2, 0x0a, 0x93, 0x3b, 0x2b, 0xa3, 0x9b, 0x20, 0x14,
    0xd4, 0x04, 0x81, 0x60, 0x36, 0x08, 0x67, 0x10, 0x07, 0x1b, 0x16, 0xe2, 0x0d, 0x3e, 0x38, 0x08,
    0x83, 0x31, 0x18, 0xc4, 0x80, 0x18, 0x03, 0x39, 0xd8, 0x10, 0xcc, 0xc1, 0x86, 0xc1, 0x0d, 0xe8,
    0x00, 0xd8, 0x50, 0x58, 0x5d, 0x1d, 0x54, 0x00, 0x0d, 0x33, 0xb6, 0xb7, 0x30, 0xba, 0x39, 0x16,
    0x69, 0x6e, 0x73, 0x74, 0x73, 0x13, 0x04, 0xa2, 0xa1, 0x31, 0x97, 0x76, 0xf6, 0xc5, 0x46, 0x46,
    0x63, 0x2e, 0xed, 0xec, 0x6b, 0x8e, 0x6e, 0x82, 0x40, 0x38, 0x44, 0xe8, 0xca, 0xf0, 0xbe, 0xdc,
    0xde, 0xe4, 0xda, 0x36, 0x28, 0x77, 0x30, 0xe0, 0x41, 0x1e, 0xe8, 0xc1, 0x19, 0xec, 0x01, 0x1f,
    0xf4, 0xc1, 0x50, 0x85, 0x8d, 0xcd, 0xae, 0xcd, 0x25, 0x8d, 0xac, 0xcc, 0x8d, 0x6e, 0x4a, 0x10,
    0x54, 0x21, 0xc3, 0x73, 0xb1, 0x2b, 0x93, 0x9b, 0x4b, 0x7b, 0x73, 0x9b, 0x12, 0x10, 0x4d, 0xc8,
    0xf0, 0x5c, 0xec, 0xc2, 0xd8, 0xec, 0xca, 0xe4, 0xa6, 0x04, 0x45, 0x1d, 0x32, 0x3c, 0x97, 0x39,
    0xb4, 0x30, 0xb2, 0x32, 0xb9, 0xa6, 0x37, 0xb2, 0x32, 0xb6, 0x29, 0x01, 0x52, 0x86, 0x0c, 0xcf,
    0x45, 0xae, 0x6c, 0xee, 0xad, 0x4e, 0x6e, 0xac, 0x6c, 0x6e, 0x4a, 0x40, 0x55, 0x22, 0xc3, 0x73,
    0xa1, 0xcb, 0x83, 0x2b, 0x0b, 0x72, 0x73, 0x7b, 0xa3, 0x0b, 0xa3, 0x4b, 0x7b, 0x73, 0x9b, 0x9b,
    0x12, 0x64, 0x75, 0xc8, 0xf0, 0x5c, 0xec, 0xd2, 0xca, 0xee, 0x92, 0xc8, 0xa6, 0xe8, 0xc2, 0xe8,
    0xca, 0xa6, 0x04, 0x5b, 0x1d, 0x32, 0x3c, 0x97, 0x32, 0x37, 0x3a, 0xb9, 0x3c, 0xa8, 0xb7, 0x34,
    0x37, 0xba, 0xb9, 0x29, 0x41, 0x1d, 0x74, 0x21, 0xc3, 0x73, 0x19, 0x7b, 0xab, 0x73, 0xa3, 0x2b,
    0x93, 0x9b, 0x9b, 0x12, 0xf4, 0x01, 0x00, 0x00, 0x79, 0x18, 0x00, 0x00, 0x4c, 0x00, 0x00, 0x00,
    0x33, 0x08, 0x80, 0x1c, 0xc4, 0xe1, 0x1c, 0x66, 0x14, 0x01, 0x3d, 0x88, 0x43, 0x38, 0x84, 0xc3,
    0x8c, 0x42, 0x80, 0x07, 0x79, 0x78, 0x07, 0x73, 0x98, 0x71, 0x0c, 0xe6, 0x00, 0x0f, 0xed, 0x10,
    0x0e, 0xf4, 0x80, 0x0e, 0x33, 0x0c, 0x42, 0x1e, 0xc2, 0xc1, 0x1d, 0xce, 0xa1, 0x1c, 0x66, 0x30,
    0x05, 0x3d, 0x88, 0x43, 0x38, 0x84, 0x83, 0x1b, 0xcc, 0x03, 0x3d, 0xc8, 0x43, 0x3d, 0x8c, 0x03,
    0x3d, 0xcc, 0x78, 0x8c, 0x74, 0x70, 0x07, 0x7b, 0x08, 0x07, 0x79, 0x48, 0x87, 0x70, 0x70, 0x07,
    0x7a, 0x70, 0x03, 0x76, 0x78, 0x87, 0x70, 0x20, 0x87, 0x19, 0xcc, 0x11, 0x0e, 0xec, 0x90, 0x0e,
    0xe1, 0x30, 0x0f, 0x6e, 0x30, 0x0f, 0xe3, 0xf0, 0x0e, 0xf0, 0x50, 0x0e, 0x33, 0x10, 0xc4, 0x1d,
    0xde, 0x21, 0x1c, 0xd8, 0x21, 0x1d, 0xc2, 0x61, 0x1e, 0x66, 0x30, 0x89, 0x3b, 0xbc, 0x83, 0x3b,
    0xd0, 0x43, 0x39, 0xb4, 0x03, 0x3c, 0xbc, 0x83, 0x3c, 0x84, 0x03, 0x3b, 0xcc, 0xf0, 0x14, 0x76,
    0x60, 0x07, 0x7b, 0x68, 0x07, 0x37, 0x68, 0x87, 0x72, 0x68, 0x07, 0x37, 0x80, 0x87, 0x70, 0x90,
    0x87, 0x70, 0x60, 0x07, 0x76, 0x28, 0x07, 0x76, 0xf8, 0x05, 0x76, 0x78, 0x87, 0x77, 0x80, 0x87,
    0x5f, 0x08, 0x87, 0x71, 0x18, 0x87, 0x72, 0x98, 0x87, 0x79, 0x98, 0x81, 0x2c, 0xee, 0xf0, 0x0e,
    0xee, 0xe0, 0x0e, 0xf5, 0xc0, 0x0e, 0xec, 0x30, 0x03, 0x62, 0xc8, 0xa1, 0x1c, 0xe4, 0xa1, 0x1c,
    0xcc, 0xa1, 0x1c, 0xe4, 0xa1, 0x1c, 0xdc, 0x61, 0x1c, 0xca, 0x21, 0x1c, 0xc4, 0x81, 0x1d, 0xca,
    0x61, 0x06, 0xd6, 0x90, 0x43, 0x39, 0xc8, 0x43, 0x39, 0x98, 0x43, 0x39, 0xc8, 0x43, 0x39, 0xb8,
    0xc3, 0x38, 0x94, 0x43, 0x38, 0x88, 0x03, 0x3b, 0x94, 0xc3, 0x2f, 0xbc, 0x83, 0x3c, 0xfc, 0x82,
    0x3b, 0xd4, 0x03, 0x3b, 0xb0, 0xc3, 0x0c, 0xc4, 0x21, 0x07, 0x7c, 0x70, 0x03, 0x7a, 0x28, 0x87,
    0x76, 0x80, 0x87, 0x19, 0xd1, 0x43, 0x0e, 0xf8, 0xe0, 0x06, 0xe4, 0x20, 0x0e, 0xe7, 0xe0, 0x06,
    0xf6, 0x10, 0x0e, 0xf2, 0xc0, 0x0e, 0xe1, 0x90, 0x0f, 0xef, 0x50, 0x0f, 0xf4, 0x00, 0x00, 0x00,
    0x71, 0x20, 0x00, 0x00, 0x12, 0x00, 0x00, 0x00, 0x46, 0x20, 0x0d, 0x97, 0xef, 0x3c, 0xbe, 0x10,
    0x11, 0xc0, 0x44, 0x84, 0x40, 0x33, 0x2c, 0x84, 0x05, 0x4c, 0xc3, 0xe5, 0x3b, 0x8f, 0xbf, 0x38,
    0xc0, 0x20, 0x36, 0x0f, 0x35, 0xf9, 0xc5, 0x6d, 0xdb, 0x00, 0x34, 0x5c, 0xbe, 0xf3, 0xf8, 0x12,
    0xc0, 0x3c, 0x0b, 0xe1, 0x17, 0xb7, 0x6d, 0x02, 0xd5, 0x70, 0xf9, 0xce, 0xe3, 0x4b, 0x93, 0x13,
    0x11, 0x28, 0x35, 0x3d, 0xd4, 0xe4, 0x17, 0xb7, 0x6d, 0x00, 0x04, 0x03, 0x20, 0x0d, 0x00, 0x00,
    0x00, 0x00, 0x00, 0x00, 0x48, 0x41, 0x53, 0x48, 0x14, 0x00, 0x00, 0x00, 0x00, 0x00, 0x00, 0x00,
    0x0d, 0x0c, 0xc4, 0x90, 0x39, 0x16, 0x8a, 0xb4, 0x70, 0x26, 0x6d, 0xac, 0xc5, 0x10, 0x94, 0xa0,
    0x44, 0x58, 0x49, 0x4c, 0xc0, 0x06, 0x00, 0x00, 0x60, 0x00, 0x00, 0x00, 0xb0, 0x01, 0x00, 0x00,
    0x44, 0x58, 0x49, 0x4c, 0x00, 0x01, 0x00, 0x00, 0x10, 0x00, 0x00, 0x00, 0xa8, 0x06, 0x00, 0x00,
    0x42, 0x43, 0xc0, 0xde, 0x21, 0x0c, 0x00, 0x00, 0xa7, 0x01, 0x00, 0x00, 0x0b, 0x82, 0x20, 0x00,
    0x02, 0x00, 0x00, 0x00, 0x13, 0x00, 0x00, 0x00, 0x07, 0x81, 0x23, 0x91, 0x41, 0xc8, 0x04, 0x49,
    0x06, 0x10, 0x32, 0x39, 0x92, 0x01, 0x84, 0x0c, 0x25, 0x05, 0x08, 0x19, 0x1e, 0x04, 0x8b, 0x62,
    0x80, 0x14, 0x45, 0x02, 0x42, 0x92, 0x0b, 0x42, 0xa4, 0x10, 0x32, 0x14, 0x38, 0x08, 0x18, 0x4b,
    0x0a, 0x32, 0x52, 0x88, 0x48, 0x90, 0x14, 0x20, 0x43, 0x46, 0x88, 0xa5, 0x00, 0x19, 0x32, 0x42,
    0xe4, 0x48, 0x0e, 0x90, 0x91, 0x22, 0xc4, 0x50, 0x41, 0x51, 0x81, 0x8c, 0xe1, 0x83, 0xe5, 0x8a,
    0x04, 0x29, 0x46, 0x06, 0x51, 0x18, 0x00, 0x00, 0x08, 0x00, 0x00, 0x00, 0x1b, 0x8c, 0xe0, 0xff,
    0xff, 0xff, 0xff, 0x07, 0x40, 0x02, 0xa8, 0x0d, 0x84, 0xf0, 0xff, 0xff, 0xff, 0xff, 0x03, 0x20,
    0x6d, 0x30, 0x86, 0xff, 0xff, 0xff, 0xff, 0x1f, 0x00, 0x09, 0xa8, 0x00, 0x49, 0x18, 0x00, 0x00,
    0x03, 0x00, 0x00, 0x00, 0x13, 0x82, 0x60, 0x42, 0x20, 0x4c, 0x08, 0x06, 0x00, 0x00, 0x00, 0x00,
    0x89, 0x20, 0x00, 0x00, 0x43, 0x00, 0x00, 0x00, 0x32, 0x22, 0x48, 0x09, 0x20, 0x64, 0x85, 0x04,
    0x93, 0x22, 0xa4, 0x84, 0x04, 0x93, 0x22, 0xe3, 0x84, 0xa1, 0x90, 0x14, 0x12, 0x4c, 0x8a, 0x8c,
    0x0b, 0x84, 0xa4, 0x4c, 0x10, 0x68, 0x23, 0x00, 0x25, 0x00, 0x14, 0x66, 0x00, 0xe6, 0x08, 0xc0,
    0x60, 0x8e, 0x00, 0x29, 0xc6, 0x20, 0x84, 0x14, 0x42, 0xa6, 0x18, 0x80, 0x10, 0x52, 0x06, 0xa1,
    0x9b, 0x86, 0xcb, 0x9f, 0xb0, 0x87, 0x90, 0xfc, 0x95, 0x90, 0x56, 0x62, 0xf2, 0x8b, 0xdb, 0x46,
    0xc5, 0x18, 0x63, 0x10, 0x2a, 0xf7, 0x0c, 0x97, 0x3f, 0x61, 0x0f, 0x21, 0xf9, 0x21, 0xd0, 0x0c,
    0x0b, 0x81, 0x82, 0x55, 0x18, 0x45, 0x18, 0x1b, 0x63, 0x0c, 0x42, 0xc8, 0xa0, 0x36, 0x47, 0x10,
    0x14, 0x83, 0x91, 0x42, 0xc8, 0x23, 0x38, 0x10, 0x30, 0x8c, 0x40, 0x0c, 0x33, 0xb5, 0xc1, 0x38,
    0xb0, 0x43, 0x38, 0xcc, 0xc3, 0x3c, 0xb8, 0x01, 0x2d, 0x94, 0x03, 0x3e, 0xd0, 0x43, 0x3d, 0xc8,
    0x43, 0x39, 0xc8, 0x01, 0x29, 0xf0, 0x81, 0x3d, 0x94, 0xc3, 0x38, 0xd0, 0xc3, 0x3b, 0xc8, 0x03,
    0x1f, 0x98, 0x03, 0x3b, 0xbc, 0x43, 0x38, 0xd0, 0x03, 0x1b, 0x80, 0x01, 0x1d, 0xf8, 0x01, 0x18,
    0xf8, 0x81, 0x1e, 0xe8, 0x41, 0x3b, 0xa4, 0x03, 0x3c, 0xcc, 0xc3, 0x2f, 0xd0, 0x43, 0x3e, 0xc0,
    0x43, 0x39, 0xa0, 0x80, 0xcc, 0x24, 0x06, 0xe3, 0xc0, 0x0e, 0xe1, 0x30, 0x0f, 0xf3, 0xe0, 0x06,
    0xb4, 0x50, 0x0e, 0xf8, 0x40, 0x0f, 0xf5, 0x20, 0x0f, 0xe5, 0x20, 0x07, 0xa4, 0xc0, 0x07, 0xf6,
    0x50, 0x0e, 0xe3, 0x40, 0x0f, 0xef, 0x20, 0x0f, 0x7c, 0x60, 0x0e, 0xec, 0xf0, 0x0e, 0xe1, 0x40,
    0x0f, 0x6c, 0x00, 0x06, 0x74, 0xe0, 0x07, 0x60, 0xe0, 0x07, 0x48, 0x98, 0x94, 0xea, 0x4d, 0xd2,
    0x14, 0x51, 0xc2, 0xe4, 0xb3, 0x00, 0xf3, 0x2c, 0x44, 0xc4, 0x4e, 0xc0, 0x44, 0xa0, 0x80, 0xd0,
    0x4d, 0x07, 0x02, 0x00, 0x13, 0x14, 0x72, 0xc0, 0x87, 0x74, 0x60, 0x87, 0x36, 0x68, 0x87, 0x79,
    0x68, 0x03, 0x72, 0xc0, 0x87, 0x0d, 0xaf, 0x50, 0x0e, 0x6d, 0xd0, 0x0e, 0x7a, 0x50, 0x0e, 0x6d,
    0x00, 0x0f, 0x7a, 0x30, 0x07, 0x72, 0xa0, 0x07, 0x73, 0x20, 0x07, 0x6d, 0x90, 0x0e, 0x71, 0xa0,
    0x07, 0x73, 0x20, 0x07, 0x6d, 0x90, 0x0e, 0x78, 0xa0, 0x07, 0x73, 0x20, 0x07, 0x6d, 0x90, 0x0e,
    0x71, 0x60, 0x07, 0x7a, 0x30, 0x07, 0x72, 0xd0, 0x06, 0xe9, 0x30, 0x07, 0x72, 0xa0, 0x07, 0x73,
    0x20, 0x07, 0x6d, 0x90, 0x0e, 0x76, 0x40, 0x07, 0x7a, 0x60, 0x07, 0x74, 0xd0, 0x06, 0xe6, 0x10,
    0x07, 0x76, 0xa0, 0x07, 0x73, 0x20, 0x07, 0x6d, 0x60, 0x0e, 0x73, 0x20, 0x07, 0x7a, 0x30, 0x07,
    0x72, 0xd0, 0x06, 0xe6, 0x60, 0x07, 0x74, 0xa0, 0x07, 0x76, 0x40, 0x07, 0x6d, 0xe0, 0x0e, 0x78,
    0xa0, 0x07, 0x71, 0x60, 0x07, 0x7a, 0x30, 0x07, 0x72, 0xa0, 0x07, 0x76, 0x40, 0x07, 0x43, 0x9e,
    0x00, 0x00, 0x00, 0x00, 0x00, 0x00, 0x00, 0x00, 0x00, 0x00, 0x00, 0x86, 0x3c, 0x06, 0x10, 0x00,
    0x01, 0x00, 0x00, 0x00, 0x00, 0x00, 0x00, 0x00, 0x0c, 0x79, 0x10, 0x20, 0x00, 0x04, 0x00, 0x00,
    0x00, 0x00, 0x00, 0x00, 0x00, 0x18, 0xf2, 0x34, 0x40, 0x00, 0x0c, 0x00, 0x00, 0x00, 0x00, 0x00,
    0x00, 0x00, 0x30, 0xe4, 0x81, 0x80, 0x00, 0x18, 0x00, 0x00, 0x00, 0x00, 0x00, 0x00, 0x00, 0x20,
    0x0b, 0x04, 0x00, 0x00, 0x10, 0x00, 0x00, 0x00, 0x32, 0x1e, 0x98, 0x14, 0x19, 0x11, 0x4c, 0x90,
    0x8c, 0x09, 0x26, 0x47, 0xc6, 0x04, 0x43, 0x22, 0x25, 0x30, 0x02, 0x50, 0x0e, 0xc5, 0x50, 0x04,
    0x25, 0x51, 0x06, 0x05, 0x51, 0x1e, 0x54, 0x4a, 0xa2, 0x0c, 0x0a, 0x61, 0x04, 0xa0, 0x08, 0x0a,
    0x84, 0xec, 0x0c, 0x00, 0xe1, 0x19, 0x00, 0xca, 0x63, 0x39, 0x0c, 0x01, 0x00, 0x00, 0xf0, 0x3c,
    0x00, 0x00, 0x00, 0x00, 0x02, 0x00, 0x00, 0x00, 0x79, 0x18, 0x00, 0x00, 0x62, 0x00, 0x00, 0x00,
    0x1a, 0x03, 0x4c, 0x90, 0x46, 0x02, 0x13, 0x44, 0x8f, 0x0c, 0x6f, 0xec, 0xed, 0x4d, 0x0c, 0x24,
    0xc6, 0xe5, 0xc6, 0x45, 0x66, 0x06, 0x06, 0xc7, 0x25, 0xc6, 0x06, 0x04, 0xa5, 0x46, 0x86, 0x2c,
    0x2c, 0xe6, 0xa6, 0x4c, 0x26, 0x27, 0x65, 0x43, 0x10, 0x4c, 0x10, 0x88, 0x62, 0x82, 0x40, 0x18,
    0x1b, 0x84, 0x81, 0x98, 0x20, 0x10, 0xc7, 0x06, 0x61, 0x30, 0x28, 0xc0, 0xcd, 0x4d, 0x10, 0x08,
    0x64, 0xc3, 0x80, 0x24, 0xc4, 0x04, 0xc1, 0xa2, 0x08, 0x4c, 0x10, 0x88, 0x64, 0x82, 0x40, 0x28,
    0x1b, 0x04, 0xc2, 0xd9, 0x90, 0x10, 0x0b, 0xd3, 0x10, 0x43, 0x43, 0x3c, 0x1b, 0x02, 0x68, 0x82,
    0x80, 0x55, 0x1b, 0x10, 0x42, 0x62, 0x1a, 0x62, 0x20, 0x80, 0x0d, 0xc1, 0xb4, 0x81, 0x88, 0x00,
    0x80, 0x9a, 0x20, 0x64, 0xd6, 0x86, 0xc0, 0x9a, 0x20, 0x08, 0x00, 0x89, 0xb6, 0xb0, 0x34, 0x37,
    0x2e, 0x53, 0x56, 0x5f, 0x50, 0x6f, 0x73, 0x69, 0x74, 0x69, 0x6f, 0x6e, 0x13, 0x84, 0xc2, 0x99,
    0x20, 0x14, 0xcf, 0x86, 0x80, 0x98, 0x20, 0x14, 0xd0, 0x04, 0xa1, 0x88, 0x36, 0x2c, 0x84, 0xb6,
    0x71, 0x9d, 0x37, 0x78, 0xc4, 0x07, 0x10, 0xa1, 0x2a, 0xc2, 0x1a, 0x7a, 0x7a, 0x92, 0x22, 0x9a,
    0x20, 0x14, 0xd2, 0x04, 0x81, 0x58, 0x36, 0x08, 0x63, 0x30, 0x06, 0x1b, 0x96, 0x21, 0x0c, 0xb6,
    0xaf, 0x13, 0x83, 0x41, 0x0c, 0x86, 0x8f, 0x0c, 0x36, 0x04, 0xc3, 0x04, 0x81, 0x60, 0x36, 0x08,
    0x63, 0x70, 0x06, 0x1b, 0x96, 0x26, 0x0c, 0xb6, 0xcf, 0x0c, 0xc4, 0x60, 0xf0, 0x9a, 0x0f, 0x0d,
    0x36, 0x0c, 0x60, 0x50, 0x06, 0x69, 0xc0, 0x64, 0xca, 0xea, 0x8b, 0x2a, 0x4c, 0xee, 0xac, 0x8c,
    0x6e, 0x82, 0x50, 0x4c, 0x13, 0x04, 0xa2, 0xd9, 0x20, 0x8c, 0x41, 0x1b, 0x6c, 0x58, 0x88, 0x35,
    0xd8, 0xd8, 0xa0, 0xfb, 0x06, 0x8f, 0xf8, 0xdc, 0x60, 0x43, 0xf0, 0x06, 0x1b, 0x06, 0x35, 0x80,
    0x03, 0x60, 0x43, 0x81, 0x65, 0x71, 0x50, 0x01, 0x55, 0xd8, 0xd8, 0xec, 0xda, 0x5c, 0xd2, 0xc8,
    0xca, 0xdc, 0xe8, 0xa6, 0x04, 0x41, 0x15, 0x32, 0x3c, 0x17, 0xbb, 0x32, 0xb9, 0xb9, 0xb4, 0x37,
    0xb7, 0x29, 0x01, 0xd1, 0x84, 0x0c, 0xcf, 0xc5, 0x2e, 0x8c, 0xcd, 0xae, 0x4c, 0x6e, 0x4a, 0x60,
    0xd4, 0x21, 0xc3, 0x73, 0x99, 0x43, 0x0b, 0x23, 0x2b, 0x93, 0x6b, 0x7a, 0x23, 0x2b, 0x63, 0x9b,
    0x12, 0x24, 0x65, 0xc8, 0xf0, 0x5c, 0xe4, 0xca, 0xe6, 0xde, 0xea, 0xe4, 0xc6, 0xca, 0xe6, 0xa6,
    0x04, 0x54, 0x1d, 0x32, 0x3c, 0x17, 0xbb, 0xb4, 0xb2, 0xbb, 0x24, 0xb2, 0x29, 0xba, 0x30, 0xba,
    0xb2, 0x29, 0x81, 0x55, 0x87, 0x0c, 0xcf, 0xa5, 0xcc, 0x8d, 0x4e, 0x2e, 0x0f, 0xea, 0x2d, 0xcd,
    0x8d, 0x6e, 0x6e, 0x4a, 0x10, 0x07, 0x00, 0x00, 0x79, 0x18, 0x00, 0x00, 0x4c, 0x00, 0x00, 0x00,
    0x33, 0x08, 0x80, 0x1c, 0xc4, 0xe1, 0x1c, 0x66, 0x14, 0x01, 0x3d, 0x88, 0x43, 0x38, 0x84, 0xc3,
    0x8c, 0x42, 0x80, 0x07, 0x79, 0x78, 0x07, 0x73, 0x98, 0x71, 0x0c, 0xe6, 0x00, 0x0f, 0xed, 0x10,
    0x0e, 0xf4, 0x80, 0x0e, 0x33, 0x0c, 0x42, 0x1e, 0xc2, 0xc1, 0x1d, 0xce, 0xa1, 0x1c, 0x66, 0x30,
    0x05, 0x3d, 0x88, 0x43, 0x38, 0x84, 0x83, 0x1b, 0xcc, 0x03, 0x3d, 0xc8, 0x43, 0x3d, 0x8c, 0x03,
    0x3d, 0xcc, 0x78, 0x8c, 0x74, 0x70, 0x07, 0x7b, 0x08, 0x07, 0x79, 0x48, 0x87, 0x70, 0x70, 0x07,
    0x7a, 0x70, 0x03, 0x76, 0x78, 0x87, 0x70, 0x20, 0x87, 0x19, 0xcc, 0x11, 0x0e, 0xec, 0x90, 0x0e,
    0xe1, 0x30, 0x0f, 0x6e, 0x30, 0x0f, 0xe3, 0xf0, 0x0e, 0xf0, 0x50, 0x0e, 0x33, 0x10, 0xc4, 0x1d,
    0xde, 0x21, 0x1c, 0xd8, 0x21, 0x1d, 0xc2, 0x61, 0x1e, 0x66, 0x30, 0x89, 0x3b, 0xbc, 0x83, 0x3b,
    0xd0, 0x43, 0x39, 0xb4, 0x03, 0x3c, 0xbc, 0x83, 0x3c, 0x84, 0x03, 0x3b, 0xcc, 0xf0, 0x14, 0x76,
    0x60, 0x07, 0x7b, 0x68, 0x07, 0x37, 0x68, 0x87, 0x72, 0x68, 0x07, 0x37, 0x80, 0x87, 0x70, 0x90,
    0x87, 0x70, 0x60, 0x07, 0x76, 0x28, 0x07, 0x76, 0xf8, 0x05, 0x76, 0x78, 0x87, 0x77, 0x80, 0x87,
    0x5f, 0x08, 0x87, 0x71, 0x18, 0x87, 0x72, 0x98, 0x87, 0x79, 0x98, 0x81, 0x2c, 0xee, 0xf0, 0x0e,
    0xee, 0xe0, 0x0e, 0xf5, 0xc0, 0x0e, 0xec, 0x30, 0x03, 0x62, 0xc8, 0xa1, 0x1c, 0xe4, 0xa1, 0x1c,
    0xcc, 0xa1, 0x1c, 0xe4, 0xa1, 0x1c, 0xdc, 0x61, 0x1c, 0xca, 0x21, 0x1c, 0xc4, 0x81, 0x1d, 0xca,
    0x61, 0x06, 0xd6, 0x90, 0x43, 0x39, 0xc8, 0x43, 0x39, 0x98, 0x43, 0x39, 0xc8, 0x43, 0x39, 0xb8,
    0xc3, 0x38, 0x94, 0x43, 0x38, 0x88, 0x03, 0x3b, 0x94, 0xc3, 0x2f, 0xbc, 0x83, 0x3c, 0xfc, 0x82,
    0x3b, 0xd4, 0x03, 0x3b, 0xb0, 0xc3, 0x0c, 0xc4, 0x21, 0x07, 0x7c, 0x70, 0x03, 0x7a, 0x28, 0x87,
    0x76, 0x80, 0x87, 0x19, 0xd1, 0x43, 0x0e, 0xf8, 0xe0, 0x06, 0xe4, 0x20, 0x0e, 0xe7, 0xe0, 0x06,
    0xf6, 0x10, 0x0e, 0xf2, 0xc0, 0x0e, 0xe1, 0x90, 0x0f, 0xef, 0x50, 0x0f, 0xf4, 0x00, 0x00, 0x00,
    0x71, 0x20, 0x00, 0x00, 0x12, 0x00, 0x00, 0x00, 0x46, 0x20, 0x0d, 0x97, 0xef, 0x3c, 0xbe, 0x10,
    0x11, 0xc0, 0x44, 0x84, 0x40, 0x33, 0x2c, 0x84, 0x05, 0x4c, 0xc3, 0xe5, 0x3b, 0x8f, 0xbf, 0x38,
    0xc0, 0x20, 0x36, 0x0f, 0x35, 0xf9, 0xc5, 0x6d, 0xdb, 0x00, 0x34, 0x5c, 0xbe, 0xf3, 0xf8, 0x12,
    0xc0, 0x3c, 0x0b, 0xe1, 0x17, 0xb7, 0x6d, 0x02, 0xd5, 0x70, 0xf9, 0xce, 0xe3, 0x4b, 0x93, 0x13,
    0x11, 0x28, 0x35, 0x3d, 0xd4, 0xe4, 0x17, 0xb7, 0x6d, 0x00, 0x04, 0x03, 0x20, 0x0d, 0x00, 0x00,
    0x61, 0x20, 0x00, 0x00, 0x2f, 0x00, 0x00, 0x00, 0x13, 0x04, 0x41, 0x2c, 0x10, 0x00, 0x00, 0x00,
    0x05, 0x00, 0x00, 0x00, 0xf4, 0x46, 0x00, 0x88, 0xcc, 0x00, 0x94, 0x42, 0x21, 0x94, 0x5c, 0xe1,
    0x51, 0x29, 0x01, 0x1a, 0x33, 0x00, 0x00, 0x00, 0x23, 0x06, 0x09, 0x00, 0x82, 0x60, 0x00, 0x6d,
    0x84, 0x93, 0x65, 0xc8, 0x88, 0x41, 0x02, 0x80, 0x20, 0x18, 0x40, 0x5c, 0x11, 0x69, 0x5a, 0x32,
    0x62, 0x90, 0x00, 0x20, 0x08, 0x06, 0x06, 0x18, 0x1c, 0xd8, 0x26, 0x25, 0x23, 0x06, 0x09, 0x00,
    0x82, 0x60, 0x60, 0x84, 0x01, 0xd2, 0x71, 0x91, 0x32, 0x62, 0x90, 0x00, 0x20, 0x08, 0x06, 0x86,
    0x18, 0x24, 0x5e, 0x67, 0x2c, 0x23, 0x06, 0x0f, 0x00, 0x82, 0x60, 0xd0, 0x84, 0x01, 0x52, 0x10,
    0x42, 0x60, 0x18, 0x9e, 0xc7, 0x18, 0xa3, 0x09, 0x01, 0x30, 0x9a, 0x20, 0x04, 0xa3, 0x09, 0x83,
    0x30, 0x9a, 0x40, 0x0c, 0x16, 0x20, 0xf2, 0x19, 0x31, 0x48, 0x00, 0x10, 0x04, 0x03, 0x04, 0x0d,
    0x22, 0x32, 0x20, 0x83, 0xac, 0x18, 0x31, 0x48, 0x00, 0x10, 0x04, 0x03, 0x04, 0x0d, 0x22, 0x32,
    0x20, 0x83, 0x86, 0x18, 0x31, 0x48, 0x00, 0x10, 0x04, 0x03, 0x04, 0x0d, 0x22, 0x32, 0x20, 0x03,
    0x6c, 0x18, 0x31, 0x48, 0x00, 0x10, 0x04, 0x03, 0x04, 0x0d, 0x22, 0x32, 0x20, 0x83, 0x2d, 0x40,
    0x00, 0x00, 0x00, 0x00, 0x00, 0x00, 0x00, 0x00
};
static const unsigned int game_particle_tex_pixel_dxil_size = 3976;

#endif /* GAME_DXIL_SHADERS_H */
